ExamSet,DifficultyCode,Difficulty,QuestionNumber,Domain,Question,CorrectOptionLetter,RemediationReference
1,A,Standard,1,Data Modeling,Why are geospatial content standards useful?,A,GIS&T BoK remediation: [DM-07-058] Geospatial Content Standards — https://gistbok-topics.ucgis.org/DM-07-058 | Blueprint domain resource: https://geospacebok.eu/DM
1,A,Standard,2,Analytical Methods & GeoComputation,A contour line connects locations of what?,D,"GIS&T BoK remediation: [AM-04-067] Gridding, Interpolation, and Contouring — https://gistbok-topics.ucgis.org/AM-04-067 | Blueprint domain resource: https://geospacebok.eu/AM | https://geospacebok.eu/GC"
1,A,Standard,3,Analytical Methods & GeoComputation,A watershed boundary should be used to trim a soil polygon layer to only the watershed area. Which tool is most appropriate?,D,GIS&T BoK remediation: [AM-02-004] Overlay — https://gistbok-topics.ucgis.org/AM-02-004 | Blueprint domain resource: https://geospacebok.eu/AM | https://geospacebok.eu/GC
1,A,Standard,4,Analytical Methods & GeoComputation,Two conservation-zone polygon layers must be combined so all areas from either layer are retained. Which overlay is best?,B,GIS&T BoK remediation: [AM-02-004] Overlay — https://gistbok-topics.ucgis.org/AM-02-004 | Blueprint domain resource: https://geospacebok.eu/AM | https://geospacebok.eu/GC
1,A,Standard,5,Conceptual Foundations,What does distance decay describe?,D,GIS&T BoK remediation: [FC-05-017] Proximity and Distance Decay — https://gistbok-topics.ucgis.org/FC-05-017 | Blueprint domain resource: https://geospacebok.eu/CF
1,A,Standard,6,Conceptual Foundations,Population relationships change when data are aggregated into different zoning schemes. Which issue is this?,B,GIS&T BoK remediation: [FC-07-026] Problems of Scale and Zoning — https://gistbok-topics.ucgis.org/FC-07-026 | Blueprint domain resource: https://geospacebok.eu/CF
1,A,Standard,7,Conceptual Foundations,"In set theory, what does A ∪ B represent?",C,GIS&T BoK remediation: [FC-06-011] Set Theory — https://gistbok-topics.ucgis.org/FC-06-011 | Blueprint domain resource: https://geospacebok.eu/CF
1,A,Standard,8,Design of Systems,What is GDAL/OGR commonly used for?,B,GIS&T BoK remediation: [PD-05-033] GDAL/OGR and Geospatial Data IO Libraries — https://gistbok-topics.ucgis.org/PD-05-033 | Blueprint domain resource: https://geospacebok.eu/DA
1,A,Standard,9,Cartography & Visualization,"For nominal categories, which visual variable is generally effective?",B,GIS&T BoK remediation: [CV-03-008] Symbolization and the Visual Variables — https://gistbok-topics.ucgis.org/CV-03-008 | Blueprint domain resource: https://geospacebok.eu/CV
1,A,Standard,10,Thematic & Application Domains,A campus team wants to assess walkability between buildings using actual paths and barriers. Which analysis is appropriate?,C,GIS&T BoK remediation: [DA-003] GIS&T in Architecture — https://gistbok-topics.ucgis.org/DA-003 | Blueprint domain resource: https://geospacebok.eu/TA
1,A,Standard,11,Web-Based GIS,What is the main purpose of a browser web-mapping API or library?,A,GIS&T BoK remediation: [PD-04-016] Web GIS Programming — https://gistbok-topics.ucgis.org/PD-04-016 | Blueprint domain resource: https://geospacebok.eu/WB
1,A,Standard,12,Data Modeling,A rainfall amount varies continuously through space. Which representation is conceptually appropriate?,B,GIS&T BoK remediation: [DM-02-023] Field-Based Representation of Space and Time — https://gistbok-topics.ucgis.org/DM-02-023 | Blueprint domain resource: https://geospacebok.eu/DM
1,A,Standard,13,Geospatial Data,A receiver reports very high PDOP. What does that generally indicate?,C,GIS&T BoK remediation: [DC-02-003] Global Navigation Satellite Systems — https://gistbok-topics.ucgis.org/DC-02-003 | Blueprint domain resource: https://geospacebok.eu/GD
1,A,Standard,14,"Platforms, Sensors, Physics & Image Processing",Structure-from-Motion reconstructs 3-D geometry primarily by doing what?,C,GIS&T BoK remediation: [DC-04-038] Structure from Motion Photogrammetry — https://gistbok-topics.ucgis.org/DC-04-038 | Blueprint domain resource: https://geospacebok.eu/PS | https://geospacebok.eu/PP | https://geospacebok.eu/IP
1,A,Standard,15,Geospatial Data,A transformation has very low residual error at control points but obvious distortion elsewhere. What is the best conclusion?,A,GIS&T BoK remediation: [DC-01-030] Georeferencing and Georectification — https://gistbok-topics.ucgis.org/DC-01-030 | Blueprint domain resource: https://geospacebok.eu/GD
1,A,Standard,16,Data Modeling,Why may a geographic transformation be necessary when converting coordinates between datums?,B,GIS&T BoK remediation: [DM-06-088] Coordinate Transformations — https://gistbok-topics.ucgis.org/DM-06-088 | Blueprint domain resource: https://geospacebok.eu/DM
1,A,Standard,17,Cartography & Visualization,Why is linked brushing useful in coordinated map and chart views?,D,GIS&T BoK remediation: [CV-05-035] Geovisualization — https://gistbok-topics.ucgis.org/CV-05-035 | Blueprint domain resource: https://geospacebok.eu/CV
1,A,Standard,18,Organizational & Institutional Aspects,What is a professional certification intended to signal?,A,GIS&T BoK remediation: [KE-01-031] Professional Certification — https://gistbok-topics.ucgis.org/KE-01-031 | Blueprint domain resource: https://geospacebok.eu/OI
1,A,Standard,19,Data Modeling,What should high-quality geospatial metadata document?,A,"GIS&T BoK remediation: [DM-07-057] Data Evaluation, Metadata, and Data Quality — https://gistbok-topics.ucgis.org/DM-07-057 | Blueprint domain resource: https://geospacebok.eu/DM"
1,A,Standard,20,Design of Systems,What is parallel programming?,D,GIS&T BoK remediation: [PD-01-014] GIS and Parallel Programming — https://gistbok-topics.ucgis.org/PD-01-014 | Blueprint domain resource: https://geospacebok.eu/DA
1,A,Standard,21,Thematic & Application Domains,Why can 3-D GIS be useful in urban design?,B,GIS&T BoK remediation: [DA-003] GIS&T in Architecture — https://gistbok-topics.ucgis.org/DA-003 | Blueprint domain resource: https://geospacebok.eu/TA
1,A,Standard,22,Conceptual Foundations,A relationship between income and transit use differs substantially from one part of a metropolitan area to another. What concept is central?,A,GIS&T BoK remediation: [FC-04-007] Spaces in Spatial Science — https://gistbok-topics.ucgis.org/FC-04-007 | Blueprint domain resource: https://geospacebok.eu/CF
1,A,Standard,23,Analytical Methods & GeoComputation,A kernel-density surface is too fragmented and noisy to reveal regional trends. Which adjustment is most likely to help?,B,GIS&T BoK remediation: [AM-03-008] Kernels and Density Estimation — https://gistbok-topics.ucgis.org/AM-03-008 | Blueprint domain resource: https://geospacebok.eu/AM | https://geospacebok.eu/GC
1,A,Standard,24,Organizational & Institutional Aspects,What is the critical path in project management?,D,GIS&T BoK remediation: [KE-04-012] GIS&T Project Planning and Management — https://gistbok-topics.ucgis.org/KE-04-012 | Blueprint domain resource: https://geospacebok.eu/OI
1,A,Standard,25,Cartography & Visualization,Why should uncertain predictions not be symbolized identically to measured observations without explanation?,A,GIS&T BoK remediation: [CV-04-018] Representing Uncertainty — https://gistbok-topics.ucgis.org/CV-04-018 | Blueprint domain resource: https://geospacebok.eu/CV
1,A,Standard,26,Cartography & Visualization,A usability test asks representative users to complete tasks while observers record errors and completion times. What is being evaluated?,A,GIS&T BoK remediation: [CV-05-038] Usability Engineering & Evaluation — https://gistbok-topics.ucgis.org/CV-05-038 | Blueprint domain resource: https://geospacebok.eu/CV
1,A,Standard,27,Analytical Methods & GeoComputation,"Why can a TIN represent ridges, stream banks, and other breaklines effectively?",D,GIS&T BoK remediation: [AM-04-072] TIN-based Models and Terrain Metrics — https://gistbok-topics.ucgis.org/AM-04-072 | Blueprint domain resource: https://geospacebok.eu/AM | https://geospacebok.eu/GC
1,A,Standard,28,"Platforms, Sensors, Physics & Image Processing","In sonar, depth is estimated from what?",C,GIS&T BoK remediation: [DC-03-033] Acoustic Imaging of the Oceans — https://gistbok-topics.ucgis.org/DC-03-033 | Blueprint domain resource: https://geospacebok.eu/PS | https://geospacebok.eu/PP | https://geospacebok.eu/IP
1,A,Standard,29,Conceptual Foundations,A road centerline is stored as an ordered sequence of vertices. Which geometric primitive represents it?,D,GIS&T BoK remediation: [FC-05-022] Geometric Primitives and Algorithms — https://gistbok-topics.ucgis.org/FC-05-022 | Blueprint domain resource: https://geospacebok.eu/CF
1,A,Standard,30,Conceptual Foundations,What does semantic interoperability require beyond compatible file formats?,A,GIS&T BoK remediation: [FC-03-032] Semantic Information Elicitation — https://gistbok-topics.ucgis.org/FC-03-032 | Blueprint domain resource: https://geospacebok.eu/CF
1,A,Standard,31,Geospatial Data,What is a secondary geospatial data source?,A,GIS&T BoK remediation: GIS&T BoK | Blueprint domain resource: https://geospacebok.eu/GD
1,A,Standard,32,Design of Systems,Why should offline mobile editing use synchronization and conflict-resolution strategies?,A,GIS&T BoK remediation: [PD-04-029] Programming of Mobile GIS Applications — https://gistbok-topics.ucgis.org/PD-04-029 | Blueprint domain resource: https://geospacebok.eu/DA
1,A,Standard,33,Organizational & Institutional Aspects,Why are service-level agreements useful for enterprise GIS?,D,GIS&T BoK remediation: [KE-04-019] Managing GIS&T Operations and Infrastructure — https://gistbok-topics.ucgis.org/KE-04-019 | Blueprint domain resource: https://geospacebok.eu/OI
1,A,Standard,34,Conceptual Foundations,What is epistemology concerned with?,D,GIS&T BoK remediation: [FC-02-002] Epistemology — https://gistbok-topics.ucgis.org/FC-02-002 | Blueprint domain resource: https://geospacebok.eu/CF
1,A,Standard,35,Analytical Methods & GeoComputation,A planning analyst must find vacant parcels within 400 meters of transit stops. What is the most direct workflow?,B,GIS&T BoK remediation: [AM-02-003] Buffers — https://gistbok-topics.ucgis.org/AM-02-003 | Blueprint domain resource: https://geospacebok.eu/AM | https://geospacebok.eu/GC
1,A,Standard,36,Thematic & Application Domains,A farmer wants to vary fertilizer application within a field based on soil and crop conditions. Which GIS-enabled approach is most appropriate?,C,GIS&T BoK remediation: [DA-001] GIS&T and Agriculture — https://gistbok-topics.ucgis.org/DA-001 | Blueprint domain resource: https://geospacebok.eu/TA
1,A,Standard,37,Design of Systems,What is real-time GIS programming especially concerned with?,D,GIS&T BoK remediation: [PD-01-020] Real-time GIS Programming and Geocomputation — https://gistbok-topics.ucgis.org/PD-01-020 | Blueprint domain resource: https://geospacebok.eu/DA
1,A,Standard,38,Analytical Methods & GeoComputation,Why should spatial cross-validation be considered for geographic prediction models?,D,GIS&T BoK remediation: [AM-08-094] Machine Learning Approaches — https://gistbok-topics.ucgis.org/AM-08-094 | Blueprint domain resource: https://geospacebok.eu/AM | https://geospacebok.eu/GC
1,A,Standard,39,"Platforms, Sensors, Physics & Image Processing",Thermal infrared sensors primarily measure what?,A,GIS&T BoK remediation: [DC-03-034] Multispectral and Thermal Imagery: RGB and LWIR Sensors — https://gistbok-topics.ucgis.org/DC-03-034 | Blueprint domain resource: https://geospacebok.eu/PS | https://geospacebok.eu/PP | https://geospacebok.eu/IP
1,A,Standard,40,Design of Systems,Why can raster map algebra benefit from GPU processing?,A,GIS&T BoK remediation: [CP-01-006] Graphics Processing Units (GPUs) — https://gistbok-topics.ucgis.org/CP-01-006 | Blueprint domain resource: https://geospacebok.eu/DA
1,A,Standard,41,Analytical Methods & GeoComputation,"A city wants to identify schools within 1,000 meters of hazardous-material facilities. Which GIS workflow is most appropriate?",C,GIS&T BoK remediation: [AM-02-003] Buffers — https://gistbok-topics.ucgis.org/AM-02-003 | Blueprint domain resource: https://geospacebok.eu/AM | https://geospacebok.eu/GC
1,A,Standard,42,Conceptual Foundations,What distinguishes a ratio-scale variable from an interval-scale variable?,A,GIS&T BoK remediation: [FC-04-010] GIS Data Properties — https://gistbok-topics.ucgis.org/FC-04-010 | Blueprint domain resource: https://geospacebok.eu/CF
1,A,Standard,43,Cartography & Visualization,What is visual hierarchy?,D,GIS&T BoK remediation: [CV-03-007] Visual Hierarchy and Layout — https://gistbok-topics.ucgis.org/CV-03-007 | Blueprint domain resource: https://geospacebok.eu/CV
1,A,Standard,44,Geospatial Data,A GNSS receiver needs signals from at least four satellites primarily to solve for what?,B,GIS&T BoK remediation: [DC-02-003] Global Navigation Satellite Systems — https://gistbok-topics.ucgis.org/DC-02-003 | Blueprint domain resource: https://geospacebok.eu/GD
1,A,Standard,45,Data Modeling,"When simplifying a line for smaller-scale display, what trade-off is being made?",B,"GIS&T BoK remediation: [DM-06-085] Point, Line, and Area Generalization — https://gistbok-topics.ucgis.org/DM-06-085 | Blueprint domain resource: https://geospacebok.eu/DM"
1,A,Standard,46,Geospatial Data,What is multipath error in GNSS?,B,GIS&T BoK remediation: [DC-02-003] Global Navigation Satellite Systems — https://gistbok-topics.ucgis.org/DC-02-003 | Blueprint domain resource: https://geospacebok.eu/GD
1,A,Standard,47,"Platforms, Sensors, Physics & Image Processing",A sun-synchronous orbit is useful because imagery is commonly acquired at what?,A,GIS&T BoK remediation: [DC-03-026] Remote Sensing Platforms — https://gistbok-topics.ucgis.org/DC-03-026 | Blueprint domain resource: https://geospacebok.eu/PS | https://geospacebok.eu/PP | https://geospacebok.eu/IP
1,A,Standard,48,Analytical Methods & GeoComputation,A black-box flood-susceptibility model must be explained to planners. Which output would most improve interpretability?,B,GIS&T BoK remediation: [AM-08-108] Explainable AI Applications in GIS — https://gistbok-topics.ucgis.org/AM-08-108 | Blueprint domain resource: https://geospacebok.eu/AM | https://geospacebok.eu/GC
1,A,Standard,49,"Platforms, Sensors, Physics & Image Processing",What is radiometric calibration?,B,GIS&T BoK remediation: GIS&T BoK | Blueprint domain resource: https://geospacebok.eu/PS | https://geospacebok.eu/PP | https://geospacebok.eu/IP
1,A,Standard,50,Conceptual Foundations,What is a key distinction between nominal and ordinal attributes?,C,GIS&T BoK remediation: [FC-04-010] GIS Data Properties — https://gistbok-topics.ucgis.org/FC-04-010 | Blueprint domain resource: https://geospacebok.eu/CF
1,A,Standard,51,Thematic & Application Domains,A transit planner compares access to jobs by transit versus car. What should an accessibility measure incorporate?,A,GIS&T BoK remediation: [AM-05-044] Modelling Accessibility — https://gistbok-topics.ucgis.org/AM-05-044 | Blueprint domain resource: https://geospacebok.eu/TA
1,A,Standard,52,Data Modeling,Why can raster-to-vector conversion create many small polygons in a noisy categorical raster?,D,GIS&T BoK remediation: [DM-06-086] Vector-to-Raster and Raster-to-Vector Conversions — https://gistbok-topics.ucgis.org/DM-06-086 | Blueprint domain resource: https://geospacebok.eu/DM
1,A,Standard,53,Conceptual Foundations,Measurements are widely scattered around the true position but average near the truth. Which characterization fits best?,D,GIS&T BoK remediation: [FC-07-024] Conceptual Models of Error and Uncertainty — https://gistbok-topics.ucgis.org/FC-07-024 | Blueprint domain resource: https://geospacebok.eu/CF
1,A,Standard,54,Design of Systems,Why is Python widely used in GIS?,C,GIS&T BoK remediation: [PD-05-011] Python for GIS — https://gistbok-topics.ucgis.org/PD-05-011 | Blueprint domain resource: https://geospacebok.eu/DA
1,A,Standard,55,"Platforms, Sensors, Physics & Image Processing",Why does airborne bathymetric LiDAR commonly use green wavelengths?,A,GIS&T BoK remediation: [DC-03-040] Airborne LiDAR Bathymetry — https://gistbok-topics.ucgis.org/DC-03-040 | Blueprint domain resource: https://geospacebok.eu/PS | https://geospacebok.eu/PP | https://geospacebok.eu/IP
1,A,Standard,56,Data Modeling,Why is linear referencing useful for transportation assets?,B,GIS&T BoK remediation: [DM-05-016] Linear Referencing — https://gistbok-topics.ucgis.org/DM-05-016 | Blueprint domain resource: https://geospacebok.eu/DM
1,A,Standard,57,Organizational & Institutional Aspects,Why should enterprise GIS have backup and disaster-recovery plans?,C,GIS&T BoK remediation: [KE-04-019] Managing GIS&T Operations and Infrastructure — https://gistbok-topics.ucgis.org/KE-04-019 | Blueprint domain resource: https://geospacebok.eu/OI
1,A,Standard,58,Cartography & Visualization,Why should legends include only symbols that need explanation?,B,GIS&T BoK remediation: [CV-03-007] Visual Hierarchy and Layout — https://gistbok-topics.ucgis.org/CV-03-007 | Blueprint domain resource: https://geospacebok.eu/CV
1,A,Standard,59,Data Modeling,"A utility must model pipes, valves, and connectivity. Which data model is most appropriate?",A,GIS&T BoK remediation: [DM-02-015] Spatial Network Modeling — https://gistbok-topics.ucgis.org/DM-02-015 | Blueprint domain resource: https://geospacebok.eu/DM
1,A,Standard,60,GI & Society,Citizen-science observations are concentrated near roads and cities. What analytical caution is needed?,C,GIS&T BoK remediation: [GS-02-024] Citizen Science with GIS&T — https://gistbok-topics.ucgis.org/GS-02-024 | Blueprint domain resource: https://geospacebok.eu/GS
1,A,Standard,61,Conceptual Foundations,What does spatial resolution describe?,B,GIS&T BoK remediation: [FC-05-021] Resolution — https://gistbok-topics.ucgis.org/FC-05-021 | Blueprint domain resource: https://geospacebok.eu/CF
1,A,Standard,62,"Platforms, Sensors, Physics & Image Processing","In object-based image analysis, what happens during segmentation?",B,GIS&T BoK remediation: [DC-04-014] Feature Extraction from Satellite Imagery — https://gistbok-topics.ucgis.org/DC-04-014 | Blueprint domain resource: https://geospacebok.eu/PS | https://geospacebok.eu/PP | https://geospacebok.eu/IP
1,A,Standard,63,Cartography & Visualization,Why should a map reader examine source and date information?,D,GIS&T BoK remediation: [CV-06-022] Map Interpretation — https://gistbok-topics.ucgis.org/CV-06-022 | Blueprint domain resource: https://geospacebok.eu/CV
1,A,Standard,64,"Platforms, Sensors, Physics & Image Processing",What does spectral resolution describe?,C,GIS&T BoK remediation: [DC-03-016] Nature of Multispectral Image Data — https://gistbok-topics.ucgis.org/DC-03-016 | Blueprint domain resource: https://geospacebok.eu/PS | https://geospacebok.eu/PP | https://geospacebok.eu/IP
1,A,Standard,65,Analytical Methods & GeoComputation,"An analyst repeats a correlation using census blocks, block groups, and tracts and obtains different coefficients. What issue is illustrated?",A,GIS&T BoK remediation: [AM-03-011] Spatial Statistics — https://gistbok-topics.ucgis.org/AM-03-011 | Blueprint domain resource: https://geospacebok.eu/AM | https://geospacebok.eu/GC
1,A,Standard,66,Geospatial Data,What does lineage in metadata document?,A,"GIS&T BoK remediation: [DM-07-057] Data Evaluation, Metadata, and Data Quality — https://gistbok-topics.ucgis.org/DM-07-057 | Blueprint domain resource: https://geospacebok.eu/GD"
1,A,Standard,67,Cartography & Visualization,What is a purpose of white or negative space in a map layout?,B,GIS&T BoK remediation: [CV-03-007] Visual Hierarchy and Layout — https://gistbok-topics.ucgis.org/CV-03-007 | Blueprint domain resource: https://geospacebok.eu/CV
1,A,Standard,68,Geospatial Data,A field sampling design gives every location an equal known chance of selection. What type of design is this?,A,GIS&T BoK remediation: [AM-03-026] Spatial Sampling for Spatial Analysis — https://gistbok-topics.ucgis.org/AM-03-026 | Blueprint domain resource: https://geospacebok.eu/GD
1,A,Standard,69,Analytical Methods & GeoComputation,"In a semivariogram, the model reaches a plateau beyond a certain separation distance. What is that plateau called?",A,GIS&T BoK remediation: [AM-04-029] Kriging Interpolation — https://gistbok-topics.ucgis.org/AM-04-029 | Blueprint domain resource: https://geospacebok.eu/AM | https://geospacebok.eu/GC
1,A,Standard,70,Organizational & Institutional Aspects,Why should a GIS program maintain documented standard operating procedures?,C,GIS&T BoK remediation: [KE-04-019] Managing GIS&T Operations and Infrastructure — https://gistbok-topics.ucgis.org/KE-04-019 | Blueprint domain resource: https://geospacebok.eu/OI
1,A,Standard,71,GI & Society,A city inspection algorithm is trained on historical enforcement data that overrepresent some neighborhoods. What risk should be assessed?,C,GIS&T BoK remediation: [GS-01-027] GIS&T for Equity and Social Justice — https://gistbok-topics.ucgis.org/GS-01-027 | Blueprint domain resource: https://geospacebok.eu/GS
1,A,Standard,72,Analytical Methods & GeoComputation,A coastal setback requires new buildings to be at least 75 m from the shoreline. Which GIS result directly supports compliance screening?,A,GIS&T BoK remediation: [AM-02-003] Buffers — https://gistbok-topics.ucgis.org/AM-02-003 | Blueprint domain resource: https://geospacebok.eu/AM | https://geospacebok.eu/GC
1,A,Standard,73,Data Modeling,What is the essential difference between an attribute query and a spatial query?,B,GIS&T BoK remediation: [DM-03-075] Defining and Designing Spatial Queries — https://gistbok-topics.ucgis.org/DM-03-075 | Blueprint domain resource: https://geospacebok.eu/DM
1,A,Standard,74,Geospatial Data,"When comparing census data over multiple decades, what major issue may require crosswalks or interpolation?",D,GIS&T BoK remediation: [DC-06-028] United States Census Data — https://gistbok-topics.ucgis.org/DC-06-028 | Blueprint domain resource: https://geospacebok.eu/GD
1,A,Standard,75,Analytical Methods & GeoComputation,The transition from urban to suburban is vague rather than sharply bounded. Which representation can capture partial membership?,D,GIS&T BoK remediation: [AM-09-088] Fuzzy Aggregation Operators — https://gistbok-topics.ucgis.org/AM-09-088 | Blueprint domain resource: https://geospacebok.eu/AM | https://geospacebok.eu/GC
1,B,More Challenging,1,Data Modeling,A student analyst has valid input data and must choose the next appropriate GIS step. Why are geospatial content standards useful?,C,GIS&T BoK remediation: [DM-07-058] Geospatial Content Standards — https://gistbok-topics.ucgis.org/DM-07-058 | Blueprint domain resource: https://geospacebok.eu/DM
1,B,More Challenging,2,Analytical Methods & GeoComputation,A project team wants a defensible software-agnostic GIS approach. A contour line connects locations of what?,D,"GIS&T BoK remediation: [AM-04-067] Gridding, Interpolation, and Contouring — https://gistbok-topics.ucgis.org/AM-04-067 | Blueprint domain resource: https://geospacebok.eu/AM | https://geospacebok.eu/GC"
1,B,More Challenging,3,Analytical Methods & GeoComputation,"During QA/QC, an analyst must decide which GIS concept or method applies. A watershed boundary should be used to trim a soil polygon layer to only the watershed area. Which tool is most appropriate?",B,GIS&T BoK remediation: [AM-02-004] Overlay — https://gistbok-topics.ucgis.org/AM-02-004 | Blueprint domain resource: https://geospacebok.eu/AM | https://geospacebok.eu/GC
1,B,More Challenging,4,Analytical Methods & GeoComputation,A planning or environmental GIS project encounters the following situation. Two conservation-zone polygon layers must be combined so all areas from either layer are retained. Which overlay is best?,B,GIS&T BoK remediation: [AM-02-004] Overlay — https://gistbok-topics.ucgis.org/AM-02-004 | Blueprint domain resource: https://geospacebok.eu/AM | https://geospacebok.eu/GC
1,B,More Challenging,5,Conceptual Foundations,A GIS analyst is completing a routine professional workflow. What does distance decay describe?,D,GIS&T BoK remediation: [FC-05-017] Proximity and Distance Decay — https://gistbok-topics.ucgis.org/FC-05-017 | Blueprint domain resource: https://geospacebok.eu/CF
1,B,More Challenging,6,Conceptual Foundations,A county GIS office is reviewing an analysis before publication. Population relationships change when data are aggregated into different zoning schemes. Which issue is this?,C,GIS&T BoK remediation: [FC-07-026] Problems of Scale and Zoning — https://gistbok-topics.ucgis.org/FC-07-026 | Blueprint domain resource: https://geospacebok.eu/CF
1,B,More Challenging,7,Conceptual Foundations,"A student analyst has valid input data and must choose the next appropriate GIS step. In set theory, what does A ∪ B represent?",D,GIS&T BoK remediation: [FC-06-011] Set Theory — https://gistbok-topics.ucgis.org/FC-06-011 | Blueprint domain resource: https://geospacebok.eu/CF
1,B,More Challenging,8,Design of Systems,A project team wants a defensible software-agnostic GIS approach. Which description correctly characterizes GDAL/OGR commonly used for?,B,GIS&T BoK remediation: [PD-05-033] GDAL/OGR and Geospatial Data IO Libraries — https://gistbok-topics.ucgis.org/PD-05-033 | Blueprint domain resource: https://geospacebok.eu/DA
1,B,More Challenging,9,Cartography & Visualization,"During QA/QC, an analyst must decide which GIS concept or method applies. For nominal categories, which visual variable is generally effective?",D,GIS&T BoK remediation: [CV-03-008] Symbolization and the Visual Variables — https://gistbok-topics.ucgis.org/CV-03-008 | Blueprint domain resource: https://geospacebok.eu/CV
1,B,More Challenging,10,Thematic & Application Domains,A planning or environmental GIS project encounters the following situation. A campus team wants to assess walkability between buildings using actual paths and barriers. Which analysis is appropriate?,A,GIS&T BoK remediation: [DA-003] GIS&T in Architecture — https://gistbok-topics.ucgis.org/DA-003 | Blueprint domain resource: https://geospacebok.eu/TA
1,B,More Challenging,11,Web-Based GIS,A GIS analyst is completing a routine professional workflow. Which description correctly characterizes the main purpose of a browser web-mapping API or library?,B,GIS&T BoK remediation: [PD-04-016] Web GIS Programming — https://gistbok-topics.ucgis.org/PD-04-016 | Blueprint domain resource: https://geospacebok.eu/WB
1,B,More Challenging,12,Data Modeling,A county GIS office is reviewing an analysis before publication. A rainfall amount varies continuously through space. Which representation is conceptually appropriate?,B,GIS&T BoK remediation: [DM-02-023] Field-Based Representation of Space and Time — https://gistbok-topics.ucgis.org/DM-02-023 | Blueprint domain resource: https://geospacebok.eu/DM
1,B,More Challenging,13,Geospatial Data,A student analyst has valid input data and must choose the next appropriate GIS step. A receiver reports very high PDOP. What does that generally indicate?,A,GIS&T BoK remediation: [DC-02-003] Global Navigation Satellite Systems — https://gistbok-topics.ucgis.org/DC-02-003 | Blueprint domain resource: https://geospacebok.eu/GD
1,B,More Challenging,14,"Platforms, Sensors, Physics & Image Processing",A project team wants a defensible software-agnostic GIS approach. Structure-from-Motion reconstructs 3-D geometry primarily by doing what?,D,GIS&T BoK remediation: [DC-04-038] Structure from Motion Photogrammetry — https://gistbok-topics.ucgis.org/DC-04-038 | Blueprint domain resource: https://geospacebok.eu/PS | https://geospacebok.eu/PP | https://geospacebok.eu/IP
1,B,More Challenging,15,Geospatial Data,"During QA/QC, an analyst must decide which GIS concept or method applies. A transformation has very low residual error at control points but obvious distortion elsewhere. What is the best conclusion?",B,GIS&T BoK remediation: [DC-01-030] Georeferencing and Georectification — https://gistbok-topics.ucgis.org/DC-01-030 | Blueprint domain resource: https://geospacebok.eu/GD
1,B,More Challenging,16,Data Modeling,A planning or environmental GIS project encounters the following situation. Why may a geographic transformation be necessary when converting coordinates between datums?,D,GIS&T BoK remediation: [DM-06-088] Coordinate Transformations — https://gistbok-topics.ucgis.org/DM-06-088 | Blueprint domain resource: https://geospacebok.eu/DM
1,B,More Challenging,17,Cartography & Visualization,A GIS analyst is completing a routine professional workflow. Why is linked brushing useful in coordinated map and chart views?,D,GIS&T BoK remediation: [CV-05-035] Geovisualization — https://gistbok-topics.ucgis.org/CV-05-035 | Blueprint domain resource: https://geospacebok.eu/CV
1,B,More Challenging,18,Organizational & Institutional Aspects,A county GIS office is reviewing an analysis before publication. Which description correctly characterizes a professional certification intended to signal?,C,GIS&T BoK remediation: [KE-01-031] Professional Certification — https://gistbok-topics.ucgis.org/KE-01-031 | Blueprint domain resource: https://geospacebok.eu/OI
1,B,More Challenging,19,Data Modeling,A student analyst has valid input data and must choose the next appropriate GIS step. What should high-quality geospatial metadata document?,B,"GIS&T BoK remediation: [DM-07-057] Data Evaluation, Metadata, and Data Quality — https://gistbok-topics.ucgis.org/DM-07-057 | Blueprint domain resource: https://geospacebok.eu/DM"
1,B,More Challenging,20,Design of Systems,A project team wants a defensible software-agnostic GIS approach. Which description correctly characterizes parallel programming?,B,GIS&T BoK remediation: [PD-01-014] GIS and Parallel Programming — https://gistbok-topics.ucgis.org/PD-01-014 | Blueprint domain resource: https://geospacebok.eu/DA
1,B,More Challenging,21,Thematic & Application Domains,"During QA/QC, an analyst must decide which GIS concept or method applies. Why can 3-D GIS be useful in urban design?",A,GIS&T BoK remediation: [DA-003] GIS&T in Architecture — https://gistbok-topics.ucgis.org/DA-003 | Blueprint domain resource: https://geospacebok.eu/TA
1,B,More Challenging,22,Conceptual Foundations,A planning or environmental GIS project encounters the following situation. A relationship between income and transit use differs substantially from one part of a metropolitan area to another. What concept is central?,A,GIS&T BoK remediation: [FC-04-007] Spaces in Spatial Science — https://gistbok-topics.ucgis.org/FC-04-007 | Blueprint domain resource: https://geospacebok.eu/CF
1,B,More Challenging,23,Analytical Methods & GeoComputation,A GIS analyst is completing a routine professional workflow. A kernel-density surface is too fragmented and noisy to reveal regional trends. Which adjustment is most likely to help?,B,GIS&T BoK remediation: [AM-03-008] Kernels and Density Estimation — https://gistbok-topics.ucgis.org/AM-03-008 | Blueprint domain resource: https://geospacebok.eu/AM | https://geospacebok.eu/GC
1,B,More Challenging,24,Organizational & Institutional Aspects,A county GIS office is reviewing an analysis before publication. Which description correctly characterizes the critical path in project management?,D,GIS&T BoK remediation: [KE-04-012] GIS&T Project Planning and Management — https://gistbok-topics.ucgis.org/KE-04-012 | Blueprint domain resource: https://geospacebok.eu/OI
1,B,More Challenging,25,Cartography & Visualization,A student analyst has valid input data and must choose the next appropriate GIS step. Why should uncertain predictions not be symbolized identically to measured observations without explanation?,B,GIS&T BoK remediation: [CV-04-018] Representing Uncertainty — https://gistbok-topics.ucgis.org/CV-04-018 | Blueprint domain resource: https://geospacebok.eu/CV
1,B,More Challenging,26,Cartography & Visualization,A project team wants a defensible software-agnostic GIS approach. A usability test asks representative users to complete tasks while observers record errors and completion times. What is being evaluated?,A,GIS&T BoK remediation: [CV-05-038] Usability Engineering & Evaluation — https://gistbok-topics.ucgis.org/CV-05-038 | Blueprint domain resource: https://geospacebok.eu/CV
1,B,More Challenging,27,Analytical Methods & GeoComputation,"During QA/QC, an analyst must decide which GIS concept or method applies. Why can a TIN represent ridges, stream banks, and other breaklines effectively?",B,GIS&T BoK remediation: [AM-04-072] TIN-based Models and Terrain Metrics — https://gistbok-topics.ucgis.org/AM-04-072 | Blueprint domain resource: https://geospacebok.eu/AM | https://geospacebok.eu/GC
1,B,More Challenging,28,"Platforms, Sensors, Physics & Image Processing","A planning or environmental GIS project encounters the following situation. In sonar, depth is estimated from what?",B,GIS&T BoK remediation: [DC-03-033] Acoustic Imaging of the Oceans — https://gistbok-topics.ucgis.org/DC-03-033 | Blueprint domain resource: https://geospacebok.eu/PS | https://geospacebok.eu/PP | https://geospacebok.eu/IP
1,B,More Challenging,29,Conceptual Foundations,A GIS analyst is completing a routine professional workflow. A road centerline is stored as an ordered sequence of vertices. Which geometric primitive represents it?,C,GIS&T BoK remediation: [FC-05-022] Geometric Primitives and Algorithms — https://gistbok-topics.ucgis.org/FC-05-022 | Blueprint domain resource: https://geospacebok.eu/CF
1,B,More Challenging,30,Conceptual Foundations,A county GIS office is reviewing an analysis before publication. What does semantic interoperability require beyond compatible file formats?,B,GIS&T BoK remediation: [FC-03-032] Semantic Information Elicitation — https://gistbok-topics.ucgis.org/FC-03-032 | Blueprint domain resource: https://geospacebok.eu/CF
1,B,More Challenging,31,Geospatial Data,A student analyst has valid input data and must choose the next appropriate GIS step. Which description correctly characterizes a secondary geospatial data source?,D,GIS&T BoK remediation: GIS&T BoK | Blueprint domain resource: https://geospacebok.eu/GD
1,B,More Challenging,32,Design of Systems,A project team wants a defensible software-agnostic GIS approach. Why should offline mobile editing use synchronization and conflict-resolution strategies?,C,GIS&T BoK remediation: [PD-04-029] Programming of Mobile GIS Applications — https://gistbok-topics.ucgis.org/PD-04-029 | Blueprint domain resource: https://geospacebok.eu/DA
1,B,More Challenging,33,Organizational & Institutional Aspects,"During QA/QC, an analyst must decide which GIS concept or method applies. Why are service-level agreements useful for enterprise GIS?",A,GIS&T BoK remediation: [KE-04-019] Managing GIS&T Operations and Infrastructure — https://gistbok-topics.ucgis.org/KE-04-019 | Blueprint domain resource: https://geospacebok.eu/OI
1,B,More Challenging,34,Conceptual Foundations,A planning or environmental GIS project encounters the following situation. Which description correctly characterizes epistemology concerned with?,D,GIS&T BoK remediation: [FC-02-002] Epistemology — https://gistbok-topics.ucgis.org/FC-02-002 | Blueprint domain resource: https://geospacebok.eu/CF
1,B,More Challenging,35,Analytical Methods & GeoComputation,A GIS analyst is completing a routine professional workflow. A planning analyst must find vacant parcels within 400 meters of transit stops. What is the most direct workflow?,A,GIS&T BoK remediation: [AM-02-003] Buffers — https://gistbok-topics.ucgis.org/AM-02-003 | Blueprint domain resource: https://geospacebok.eu/AM | https://geospacebok.eu/GC
1,B,More Challenging,36,Thematic & Application Domains,A county GIS office is reviewing an analysis before publication. A farmer wants to vary fertilizer application within a field based on soil and crop conditions. Which GIS-enabled approach is most appropriate?,B,GIS&T BoK remediation: [DA-001] GIS&T and Agriculture — https://gistbok-topics.ucgis.org/DA-001 | Blueprint domain resource: https://geospacebok.eu/TA
1,B,More Challenging,37,Design of Systems,A student analyst has valid input data and must choose the next appropriate GIS step. Which description correctly characterizes real-time GIS programming especially concerned with?,A,GIS&T BoK remediation: [PD-01-020] Real-time GIS Programming and Geocomputation — https://gistbok-topics.ucgis.org/PD-01-020 | Blueprint domain resource: https://geospacebok.eu/DA
1,B,More Challenging,38,Analytical Methods & GeoComputation,A project team wants a defensible software-agnostic GIS approach. Why should spatial cross-validation be considered for geographic prediction models?,A,GIS&T BoK remediation: [AM-08-094] Machine Learning Approaches — https://gistbok-topics.ucgis.org/AM-08-094 | Blueprint domain resource: https://geospacebok.eu/AM | https://geospacebok.eu/GC
1,B,More Challenging,39,"Platforms, Sensors, Physics & Image Processing","During QA/QC, an analyst must decide which GIS concept or method applies. Thermal infrared sensors primarily measure what?",C,GIS&T BoK remediation: [DC-03-034] Multispectral and Thermal Imagery: RGB and LWIR Sensors — https://gistbok-topics.ucgis.org/DC-03-034 | Blueprint domain resource: https://geospacebok.eu/PS | https://geospacebok.eu/PP | https://geospacebok.eu/IP
1,B,More Challenging,40,Design of Systems,A planning or environmental GIS project encounters the following situation. Why can raster map algebra benefit from GPU processing?,D,GIS&T BoK remediation: [CP-01-006] Graphics Processing Units (GPUs) — https://gistbok-topics.ucgis.org/CP-01-006 | Blueprint domain resource: https://geospacebok.eu/DA
1,B,More Challenging,41,Analytical Methods & GeoComputation,"A GIS analyst is completing a routine professional workflow. A city wants to identify schools within 1,000 meters of hazardous-material facilities. Which GIS workflow is most appropriate?",B,GIS&T BoK remediation: [AM-02-003] Buffers — https://gistbok-topics.ucgis.org/AM-02-003 | Blueprint domain resource: https://geospacebok.eu/AM | https://geospacebok.eu/GC
1,B,More Challenging,42,Conceptual Foundations,A county GIS office is reviewing an analysis before publication. What distinguishes a ratio-scale variable from an interval-scale variable?,D,GIS&T BoK remediation: [FC-04-010] GIS Data Properties — https://gistbok-topics.ucgis.org/FC-04-010 | Blueprint domain resource: https://geospacebok.eu/CF
1,B,More Challenging,43,Cartography & Visualization,A student analyst has valid input data and must choose the next appropriate GIS step. Which description correctly characterizes visual hierarchy?,A,GIS&T BoK remediation: [CV-03-007] Visual Hierarchy and Layout — https://gistbok-topics.ucgis.org/CV-03-007 | Blueprint domain resource: https://geospacebok.eu/CV
1,B,More Challenging,44,Geospatial Data,A project team wants a defensible software-agnostic GIS approach. A GNSS receiver needs signals from at least four satellites primarily to solve for what?,C,GIS&T BoK remediation: [DC-02-003] Global Navigation Satellite Systems — https://gistbok-topics.ucgis.org/DC-02-003 | Blueprint domain resource: https://geospacebok.eu/GD
1,B,More Challenging,45,Data Modeling,"During QA/QC, an analyst must decide which GIS concept or method applies. When simplifying a line for smaller-scale display, what trade-off is being made?",B,"GIS&T BoK remediation: [DM-06-085] Point, Line, and Area Generalization — https://gistbok-topics.ucgis.org/DM-06-085 | Blueprint domain resource: https://geospacebok.eu/DM"
1,B,More Challenging,46,Geospatial Data,A planning or environmental GIS project encounters the following situation. Which description correctly characterizes multipath error in GNSS?,A,GIS&T BoK remediation: [DC-02-003] Global Navigation Satellite Systems — https://gistbok-topics.ucgis.org/DC-02-003 | Blueprint domain resource: https://geospacebok.eu/GD
1,B,More Challenging,47,"Platforms, Sensors, Physics & Image Processing",A GIS analyst is completing a routine professional workflow. A sun-synchronous orbit is useful because imagery is commonly acquired at what?,D,GIS&T BoK remediation: [DC-03-026] Remote Sensing Platforms — https://gistbok-topics.ucgis.org/DC-03-026 | Blueprint domain resource: https://geospacebok.eu/PS | https://geospacebok.eu/PP | https://geospacebok.eu/IP
1,B,More Challenging,48,Analytical Methods & GeoComputation,A county GIS office is reviewing an analysis before publication. A black-box flood-susceptibility model must be explained to planners. Which output would most improve interpretability?,B,GIS&T BoK remediation: [AM-08-108] Explainable AI Applications in GIS — https://gistbok-topics.ucgis.org/AM-08-108 | Blueprint domain resource: https://geospacebok.eu/AM | https://geospacebok.eu/GC
1,B,More Challenging,49,"Platforms, Sensors, Physics & Image Processing",A student analyst has valid input data and must choose the next appropriate GIS step. Which description correctly characterizes radiometric calibration?,A,GIS&T BoK remediation: GIS&T BoK | Blueprint domain resource: https://geospacebok.eu/PS | https://geospacebok.eu/PP | https://geospacebok.eu/IP
1,B,More Challenging,50,Conceptual Foundations,A project team wants a defensible software-agnostic GIS approach. Which description correctly characterizes a key distinction between nominal and ordinal attributes?,A,GIS&T BoK remediation: [FC-04-010] GIS Data Properties — https://gistbok-topics.ucgis.org/FC-04-010 | Blueprint domain resource: https://geospacebok.eu/CF
1,B,More Challenging,51,Thematic & Application Domains,"During QA/QC, an analyst must decide which GIS concept or method applies. A transit planner compares access to jobs by transit versus car. What should an accessibility measure incorporate?",B,GIS&T BoK remediation: [AM-05-044] Modelling Accessibility — https://gistbok-topics.ucgis.org/AM-05-044 | Blueprint domain resource: https://geospacebok.eu/TA
1,B,More Challenging,52,Data Modeling,A planning or environmental GIS project encounters the following situation. Why can raster-to-vector conversion create many small polygons in a noisy categorical raster?,D,GIS&T BoK remediation: [DM-06-086] Vector-to-Raster and Raster-to-Vector Conversions — https://gistbok-topics.ucgis.org/DM-06-086 | Blueprint domain resource: https://geospacebok.eu/DM
1,B,More Challenging,53,Conceptual Foundations,A GIS analyst is completing a routine professional workflow. Measurements are widely scattered around the true position but average near the truth. Which characterization fits best?,A,GIS&T BoK remediation: [FC-07-024] Conceptual Models of Error and Uncertainty — https://gistbok-topics.ucgis.org/FC-07-024 | Blueprint domain resource: https://geospacebok.eu/CF
1,B,More Challenging,54,Design of Systems,A county GIS office is reviewing an analysis before publication. Why is Python widely used in GIS?,D,GIS&T BoK remediation: [PD-05-011] Python for GIS — https://gistbok-topics.ucgis.org/PD-05-011 | Blueprint domain resource: https://geospacebok.eu/DA
1,B,More Challenging,55,"Platforms, Sensors, Physics & Image Processing",A student analyst has valid input data and must choose the next appropriate GIS step. Why does airborne bathymetric LiDAR commonly use green wavelengths?,B,GIS&T BoK remediation: [DC-03-040] Airborne LiDAR Bathymetry — https://gistbok-topics.ucgis.org/DC-03-040 | Blueprint domain resource: https://geospacebok.eu/PS | https://geospacebok.eu/PP | https://geospacebok.eu/IP
1,B,More Challenging,56,Data Modeling,A project team wants a defensible software-agnostic GIS approach. Why is linear referencing useful for transportation assets?,A,GIS&T BoK remediation: [DM-05-016] Linear Referencing — https://gistbok-topics.ucgis.org/DM-05-016 | Blueprint domain resource: https://geospacebok.eu/DM
1,B,More Challenging,57,Organizational & Institutional Aspects,"During QA/QC, an analyst must decide which GIS concept or method applies. Why should enterprise GIS have backup and disaster-recovery plans?",A,GIS&T BoK remediation: [KE-04-019] Managing GIS&T Operations and Infrastructure — https://gistbok-topics.ucgis.org/KE-04-019 | Blueprint domain resource: https://geospacebok.eu/OI
1,B,More Challenging,58,Cartography & Visualization,A planning or environmental GIS project encounters the following situation. Why should legends include only symbols that need explanation?,B,GIS&T BoK remediation: [CV-03-007] Visual Hierarchy and Layout — https://gistbok-topics.ucgis.org/CV-03-007 | Blueprint domain resource: https://geospacebok.eu/CV
1,B,More Challenging,59,Data Modeling,"A GIS analyst is completing a routine professional workflow. A utility must model pipes, valves, and connectivity. Which data model is most appropriate?",B,GIS&T BoK remediation: [DM-02-015] Spatial Network Modeling — https://gistbok-topics.ucgis.org/DM-02-015 | Blueprint domain resource: https://geospacebok.eu/DM
1,B,More Challenging,60,GI & Society,A county GIS office is reviewing an analysis before publication. Citizen-science observations are concentrated near roads and cities. What analytical caution is needed?,D,GIS&T BoK remediation: [GS-02-024] Citizen Science with GIS&T — https://gistbok-topics.ucgis.org/GS-02-024 | Blueprint domain resource: https://geospacebok.eu/GS
1,B,More Challenging,61,Conceptual Foundations,A student analyst has valid input data and must choose the next appropriate GIS step. What does spatial resolution describe?,B,GIS&T BoK remediation: [FC-05-021] Resolution — https://gistbok-topics.ucgis.org/FC-05-021 | Blueprint domain resource: https://geospacebok.eu/CF
1,B,More Challenging,62,"Platforms, Sensors, Physics & Image Processing","A project team wants a defensible software-agnostic GIS approach. In object-based image analysis, what happens during segmentation?",C,GIS&T BoK remediation: [DC-04-014] Feature Extraction from Satellite Imagery — https://gistbok-topics.ucgis.org/DC-04-014 | Blueprint domain resource: https://geospacebok.eu/PS | https://geospacebok.eu/PP | https://geospacebok.eu/IP
1,B,More Challenging,63,Cartography & Visualization,"During QA/QC, an analyst must decide which GIS concept or method applies. Why should a map reader examine source and date information?",C,GIS&T BoK remediation: [CV-06-022] Map Interpretation — https://gistbok-topics.ucgis.org/CV-06-022 | Blueprint domain resource: https://geospacebok.eu/CV
1,B,More Challenging,64,"Platforms, Sensors, Physics & Image Processing",A planning or environmental GIS project encounters the following situation. What does spectral resolution describe?,D,GIS&T BoK remediation: [DC-03-016] Nature of Multispectral Image Data — https://gistbok-topics.ucgis.org/DC-03-016 | Blueprint domain resource: https://geospacebok.eu/PS | https://geospacebok.eu/PP | https://geospacebok.eu/IP
1,B,More Challenging,65,Analytical Methods & GeoComputation,"A GIS analyst is completing a routine professional workflow. An analyst repeats a correlation using census blocks, block groups, and tracts and obtains different coefficients. What issue is illustrated?",A,GIS&T BoK remediation: [AM-03-011] Spatial Statistics — https://gistbok-topics.ucgis.org/AM-03-011 | Blueprint domain resource: https://geospacebok.eu/AM | https://geospacebok.eu/GC
1,B,More Challenging,66,Geospatial Data,A county GIS office is reviewing an analysis before publication. What does lineage in metadata document?,C,"GIS&T BoK remediation: [DM-07-057] Data Evaluation, Metadata, and Data Quality — https://gistbok-topics.ucgis.org/DM-07-057 | Blueprint domain resource: https://geospacebok.eu/GD"
1,B,More Challenging,67,Cartography & Visualization,A student analyst has valid input data and must choose the next appropriate GIS step. Which description correctly characterizes a purpose of white or negative space in a map layout?,C,GIS&T BoK remediation: [CV-03-007] Visual Hierarchy and Layout — https://gistbok-topics.ucgis.org/CV-03-007 | Blueprint domain resource: https://geospacebok.eu/CV
1,B,More Challenging,68,Geospatial Data,A project team wants a defensible software-agnostic GIS approach. A field sampling design gives every location an equal known chance of selection. What type of design is this?,C,GIS&T BoK remediation: [AM-03-026] Spatial Sampling for Spatial Analysis — https://gistbok-topics.ucgis.org/AM-03-026 | Blueprint domain resource: https://geospacebok.eu/GD
1,B,More Challenging,69,Analytical Methods & GeoComputation,"During QA/QC, an analyst must decide which GIS concept or method applies. In a semivariogram, the model reaches a plateau beyond a certain separation distance. What is that plateau called?",B,GIS&T BoK remediation: [AM-04-029] Kriging Interpolation — https://gistbok-topics.ucgis.org/AM-04-029 | Blueprint domain resource: https://geospacebok.eu/AM | https://geospacebok.eu/GC
1,B,More Challenging,70,Organizational & Institutional Aspects,A planning or environmental GIS project encounters the following situation. Why should a GIS program maintain documented standard operating procedures?,D,GIS&T BoK remediation: [KE-04-019] Managing GIS&T Operations and Infrastructure — https://gistbok-topics.ucgis.org/KE-04-019 | Blueprint domain resource: https://geospacebok.eu/OI
1,B,More Challenging,71,GI & Society,A GIS analyst is completing a routine professional workflow. A city inspection algorithm is trained on historical enforcement data that overrepresent some neighborhoods. What risk should be assessed?,C,GIS&T BoK remediation: [GS-01-027] GIS&T for Equity and Social Justice — https://gistbok-topics.ucgis.org/GS-01-027 | Blueprint domain resource: https://geospacebok.eu/GS
1,B,More Challenging,72,Analytical Methods & GeoComputation,A county GIS office is reviewing an analysis before publication. A coastal setback requires new buildings to be at least 75 m from the shoreline. Which GIS result directly supports compliance screening?,D,GIS&T BoK remediation: [AM-02-003] Buffers — https://gistbok-topics.ucgis.org/AM-02-003 | Blueprint domain resource: https://geospacebok.eu/AM | https://geospacebok.eu/GC
1,B,More Challenging,73,Data Modeling,A student analyst has valid input data and must choose the next appropriate GIS step. Which description correctly characterizes the essential difference between an attribute query and a spatial query?,A,GIS&T BoK remediation: [DM-03-075] Defining and Designing Spatial Queries — https://gistbok-topics.ucgis.org/DM-03-075 | Blueprint domain resource: https://geospacebok.eu/DM
1,B,More Challenging,74,Geospatial Data,"A project team wants a defensible software-agnostic GIS approach. When comparing census data over multiple decades, what major issue may require crosswalks or interpolation?",C,GIS&T BoK remediation: [DC-06-028] United States Census Data — https://gistbok-topics.ucgis.org/DC-06-028 | Blueprint domain resource: https://geospacebok.eu/GD
1,B,More Challenging,75,Analytical Methods & GeoComputation,"During QA/QC, an analyst must decide which GIS concept or method applies. The transition from urban to suburban is vague rather than sharply bounded. Which representation can capture partial membership?",D,GIS&T BoK remediation: [AM-09-088] Fuzzy Aggregation Operators — https://gistbok-topics.ucgis.org/AM-09-088 | Blueprint domain resource: https://geospacebok.eu/AM | https://geospacebok.eu/GC
1,C,Difficult,1,Data Modeling,The analyst wants to avoid a method that is merely convenient but does not exactly match the stated spatial or statistical objective. Which answer is best? Why are geospatial content standards useful?,C,GIS&T BoK remediation: [DM-07-058] Geospatial Content Standards — https://gistbok-topics.ucgis.org/DM-07-058 | Blueprint domain resource: https://geospacebok.eu/DM
1,C,Difficult,2,Analytical Methods & GeoComputation,"Choose the most appropriate method given the stated assumptions and intended interpretation, not simply a method that could produce a visually similar result. A contour line connects locations of what?",B,"GIS&T BoK remediation: [AM-04-067] Gridding, Interpolation, and Contouring — https://gistbok-topics.ucgis.org/AM-04-067 | Blueprint domain resource: https://geospacebok.eu/AM | https://geospacebok.eu/GC"
1,C,Difficult,3,Analytical Methods & GeoComputation,"Which option would be the strongest methodological choice for this GIS task, recognizing that the alternatives are also legitimate GIS techniques? A watershed boundary should be used to trim a soil polygon layer to only the watershed area. Which tool is most appropriate?",A,GIS&T BoK remediation: [AM-02-004] Overlay — https://gistbok-topics.ucgis.org/AM-02-004 | Blueprint domain resource: https://geospacebok.eu/AM | https://geospacebok.eu/GC
1,C,Difficult,4,Analytical Methods & GeoComputation,A GIS analyst must choose among several technically plausible approaches. Select the best option for the stated objective. Two conservation-zone polygon layers must be combined so all areas from either layer are retained. Which overlay is best?,A,GIS&T BoK remediation: [AM-02-004] Overlay — https://gistbok-topics.ucgis.org/AM-02-004 | Blueprint domain resource: https://geospacebok.eu/AM | https://geospacebok.eu/GC
1,C,Difficult,5,Conceptual Foundations,Assume the input data are valid and appropriately projected unless stated otherwise. Which approach best satisfies the analytical requirement? What does distance decay describe?,A,GIS&T BoK remediation: [FC-05-017] Proximity and Distance Decay — https://gistbok-topics.ucgis.org/FC-05-017 | Blueprint domain resource: https://geospacebok.eu/CF
1,C,Difficult,6,Conceptual Foundations,A project team is documenting a defensible professional workflow. Several choices could produce related outputs; choose the one that most directly answers the question. Population relationships change when data are aggregated into different zoning schemes. Which issue is this?,A,GIS&T BoK remediation: [FC-07-026] Problems of Scale and Zoning — https://gistbok-topics.ucgis.org/FC-07-026 | Blueprint domain resource: https://geospacebok.eu/CF
1,C,Difficult,7,Conceptual Foundations,"The analyst wants to avoid a method that is merely convenient but does not exactly match the stated spatial or statistical objective. Which answer is best? In set theory, what does A ∪ B represent?",B,GIS&T BoK remediation: [FC-06-011] Set Theory — https://gistbok-topics.ucgis.org/FC-06-011 | Blueprint domain resource: https://geospacebok.eu/CF
1,C,Difficult,8,Design of Systems,"Choose the most appropriate method given the stated assumptions and intended interpretation, not simply a method that could produce a visually similar result. In this context, which statement most accurately describes GDAL/OGR commonly used for?",D,GIS&T BoK remediation: [PD-05-033] GDAL/OGR and Geospatial Data IO Libraries — https://gistbok-topics.ucgis.org/PD-05-033 | Blueprint domain resource: https://geospacebok.eu/DA
1,C,Difficult,9,Cartography & Visualization,"Which option would be the strongest methodological choice for this GIS task, recognizing that the alternatives are also legitimate GIS techniques? For nominal categories, which visual variable is generally effective?",A,GIS&T BoK remediation: [CV-03-008] Symbolization and the Visual Variables — https://gistbok-topics.ucgis.org/CV-03-008 | Blueprint domain resource: https://geospacebok.eu/CV
1,C,Difficult,10,Thematic & Application Domains,A GIS analyst must choose among several technically plausible approaches. Select the best option for the stated objective. A campus team wants to assess walkability between buildings using actual paths and barriers. Which analysis is appropriate?,B,GIS&T BoK remediation: [DA-003] GIS&T in Architecture — https://gistbok-topics.ucgis.org/DA-003 | Blueprint domain resource: https://geospacebok.eu/TA
1,C,Difficult,11,Web-Based GIS,"Assume the input data are valid and appropriately projected unless stated otherwise. Which approach best satisfies the analytical requirement? In this context, which statement most accurately describes the main purpose of a browser web-mapping API or library?",B,GIS&T BoK remediation: [PD-04-016] Web GIS Programming — https://gistbok-topics.ucgis.org/PD-04-016 | Blueprint domain resource: https://geospacebok.eu/WB
1,C,Difficult,12,Data Modeling,A project team is documenting a defensible professional workflow. Several choices could produce related outputs; choose the one that most directly answers the question. A rainfall amount varies continuously through space. Which representation is conceptually appropriate?,D,GIS&T BoK remediation: [DM-02-023] Field-Based Representation of Space and Time — https://gistbok-topics.ucgis.org/DM-02-023 | Blueprint domain resource: https://geospacebok.eu/DM
1,C,Difficult,13,Geospatial Data,The analyst wants to avoid a method that is merely convenient but does not exactly match the stated spatial or statistical objective. Which answer is best? A receiver reports very high PDOP. What does that generally indicate?,D,GIS&T BoK remediation: [DC-02-003] Global Navigation Satellite Systems — https://gistbok-topics.ucgis.org/DC-02-003 | Blueprint domain resource: https://geospacebok.eu/GD
1,C,Difficult,14,"Platforms, Sensors, Physics & Image Processing","Choose the most appropriate method given the stated assumptions and intended interpretation, not simply a method that could produce a visually similar result. Structure-from-Motion reconstructs 3-D geometry primarily by doing what?",C,GIS&T BoK remediation: [DC-04-038] Structure from Motion Photogrammetry — https://gistbok-topics.ucgis.org/DC-04-038 | Blueprint domain resource: https://geospacebok.eu/PS | https://geospacebok.eu/PP | https://geospacebok.eu/IP
1,C,Difficult,15,Geospatial Data,"Which option would be the strongest methodological choice for this GIS task, recognizing that the alternatives are also legitimate GIS techniques? A transformation has very low residual error at control points but obvious distortion elsewhere. What is the best conclusion?",C,GIS&T BoK remediation: [DC-01-030] Georeferencing and Georectification — https://gistbok-topics.ucgis.org/DC-01-030 | Blueprint domain resource: https://geospacebok.eu/GD
1,C,Difficult,16,Data Modeling,A GIS analyst must choose among several technically plausible approaches. Select the best option for the stated objective. Why may a geographic transformation be necessary when converting coordinates between datums?,D,GIS&T BoK remediation: [DM-06-088] Coordinate Transformations — https://gistbok-topics.ucgis.org/DM-06-088 | Blueprint domain resource: https://geospacebok.eu/DM
1,C,Difficult,17,Cartography & Visualization,Assume the input data are valid and appropriately projected unless stated otherwise. Which approach best satisfies the analytical requirement? Why is linked brushing useful in coordinated map and chart views?,D,GIS&T BoK remediation: [CV-05-035] Geovisualization — https://gistbok-topics.ucgis.org/CV-05-035 | Blueprint domain resource: https://geospacebok.eu/CV
1,C,Difficult,18,Organizational & Institutional Aspects,"A project team is documenting a defensible professional workflow. Several choices could produce related outputs; choose the one that most directly answers the question. In this context, which statement most accurately describes a professional certification intended to signal?",B,GIS&T BoK remediation: [KE-01-031] Professional Certification — https://gistbok-topics.ucgis.org/KE-01-031 | Blueprint domain resource: https://geospacebok.eu/OI
1,C,Difficult,19,Data Modeling,The analyst wants to avoid a method that is merely convenient but does not exactly match the stated spatial or statistical objective. Which answer is best? What should high-quality geospatial metadata document?,A,"GIS&T BoK remediation: [DM-07-057] Data Evaluation, Metadata, and Data Quality — https://gistbok-topics.ucgis.org/DM-07-057 | Blueprint domain resource: https://geospacebok.eu/DM"
1,C,Difficult,20,Design of Systems,"Choose the most appropriate method given the stated assumptions and intended interpretation, not simply a method that could produce a visually similar result. In this context, which statement most accurately describes parallel programming?",C,GIS&T BoK remediation: [PD-01-014] GIS and Parallel Programming — https://gistbok-topics.ucgis.org/PD-01-014 | Blueprint domain resource: https://geospacebok.eu/DA
1,C,Difficult,21,Thematic & Application Domains,"Which option would be the strongest methodological choice for this GIS task, recognizing that the alternatives are also legitimate GIS techniques? Why can 3-D GIS be useful in urban design?",C,GIS&T BoK remediation: [DA-003] GIS&T in Architecture — https://gistbok-topics.ucgis.org/DA-003 | Blueprint domain resource: https://geospacebok.eu/TA
1,C,Difficult,22,Conceptual Foundations,A GIS analyst must choose among several technically plausible approaches. Select the best option for the stated objective. A relationship between income and transit use differs substantially from one part of a metropolitan area to another. What concept is central?,B,GIS&T BoK remediation: [FC-04-007] Spaces in Spatial Science — https://gistbok-topics.ucgis.org/FC-04-007 | Blueprint domain resource: https://geospacebok.eu/CF
1,C,Difficult,23,Analytical Methods & GeoComputation,Assume the input data are valid and appropriately projected unless stated otherwise. Which approach best satisfies the analytical requirement? A kernel-density surface is too fragmented and noisy to reveal regional trends. Which adjustment is most likely to help?,A,GIS&T BoK remediation: [AM-03-008] Kernels and Density Estimation — https://gistbok-topics.ucgis.org/AM-03-008 | Blueprint domain resource: https://geospacebok.eu/AM | https://geospacebok.eu/GC
1,C,Difficult,24,Organizational & Institutional Aspects,"A project team is documenting a defensible professional workflow. Several choices could produce related outputs; choose the one that most directly answers the question. In this context, which statement most accurately describes the critical path in project management?",D,GIS&T BoK remediation: [KE-04-012] GIS&T Project Planning and Management — https://gistbok-topics.ucgis.org/KE-04-012 | Blueprint domain resource: https://geospacebok.eu/OI
1,C,Difficult,25,Cartography & Visualization,The analyst wants to avoid a method that is merely convenient but does not exactly match the stated spatial or statistical objective. Which answer is best? Why should uncertain predictions not be symbolized identically to measured observations without explanation?,B,GIS&T BoK remediation: [CV-04-018] Representing Uncertainty — https://gistbok-topics.ucgis.org/CV-04-018 | Blueprint domain resource: https://geospacebok.eu/CV
1,C,Difficult,26,Cartography & Visualization,"Choose the most appropriate method given the stated assumptions and intended interpretation, not simply a method that could produce a visually similar result. A usability test asks representative users to complete tasks while observers record errors and completion times. What is being evaluated?",A,GIS&T BoK remediation: [CV-05-038] Usability Engineering & Evaluation — https://gistbok-topics.ucgis.org/CV-05-038 | Blueprint domain resource: https://geospacebok.eu/CV
1,C,Difficult,27,Analytical Methods & GeoComputation,"Which option would be the strongest methodological choice for this GIS task, recognizing that the alternatives are also legitimate GIS techniques? Why can a TIN represent ridges, stream banks, and other breaklines effectively?",D,GIS&T BoK remediation: [AM-04-072] TIN-based Models and Terrain Metrics — https://gistbok-topics.ucgis.org/AM-04-072 | Blueprint domain resource: https://geospacebok.eu/AM | https://geospacebok.eu/GC
1,C,Difficult,28,"Platforms, Sensors, Physics & Image Processing","A GIS analyst must choose among several technically plausible approaches. Select the best option for the stated objective. In sonar, depth is estimated from what?",A,GIS&T BoK remediation: [DC-03-033] Acoustic Imaging of the Oceans — https://gistbok-topics.ucgis.org/DC-03-033 | Blueprint domain resource: https://geospacebok.eu/PS | https://geospacebok.eu/PP | https://geospacebok.eu/IP
1,C,Difficult,29,Conceptual Foundations,Assume the input data are valid and appropriately projected unless stated otherwise. Which approach best satisfies the analytical requirement? A road centerline is stored as an ordered sequence of vertices. Which geometric primitive represents it?,B,GIS&T BoK remediation: [FC-05-022] Geometric Primitives and Algorithms — https://gistbok-topics.ucgis.org/FC-05-022 | Blueprint domain resource: https://geospacebok.eu/CF
1,C,Difficult,30,Conceptual Foundations,A project team is documenting a defensible professional workflow. Several choices could produce related outputs; choose the one that most directly answers the question. What does semantic interoperability require beyond compatible file formats?,C,GIS&T BoK remediation: [FC-03-032] Semantic Information Elicitation — https://gistbok-topics.ucgis.org/FC-03-032 | Blueprint domain resource: https://geospacebok.eu/CF
1,C,Difficult,31,Geospatial Data,"The analyst wants to avoid a method that is merely convenient but does not exactly match the stated spatial or statistical objective. Which answer is best? In this context, which statement most accurately describes a secondary geospatial data source?",A,GIS&T BoK remediation: GIS&T BoK | Blueprint domain resource: https://geospacebok.eu/GD
1,C,Difficult,32,Design of Systems,"Choose the most appropriate method given the stated assumptions and intended interpretation, not simply a method that could produce a visually similar result. Why should offline mobile editing use synchronization and conflict-resolution strategies?",D,GIS&T BoK remediation: [PD-04-029] Programming of Mobile GIS Applications — https://gistbok-topics.ucgis.org/PD-04-029 | Blueprint domain resource: https://geospacebok.eu/DA
1,C,Difficult,33,Organizational & Institutional Aspects,"Which option would be the strongest methodological choice for this GIS task, recognizing that the alternatives are also legitimate GIS techniques? Why are service-level agreements useful for enterprise GIS?",D,GIS&T BoK remediation: [KE-04-019] Managing GIS&T Operations and Infrastructure — https://gistbok-topics.ucgis.org/KE-04-019 | Blueprint domain resource: https://geospacebok.eu/OI
1,C,Difficult,34,Conceptual Foundations,"A GIS analyst must choose among several technically plausible approaches. Select the best option for the stated objective. In this context, which statement most accurately describes epistemology concerned with?",C,GIS&T BoK remediation: [FC-02-002] Epistemology — https://gistbok-topics.ucgis.org/FC-02-002 | Blueprint domain resource: https://geospacebok.eu/CF
1,C,Difficult,35,Analytical Methods & GeoComputation,Assume the input data are valid and appropriately projected unless stated otherwise. Which approach best satisfies the analytical requirement? A planning analyst must find vacant parcels within 400 meters of transit stops. What is the most direct workflow?,C,GIS&T BoK remediation: [AM-02-003] Buffers — https://gistbok-topics.ucgis.org/AM-02-003 | Blueprint domain resource: https://geospacebok.eu/AM | https://geospacebok.eu/GC
1,C,Difficult,36,Thematic & Application Domains,A project team is documenting a defensible professional workflow. Several choices could produce related outputs; choose the one that most directly answers the question. A farmer wants to vary fertilizer application within a field based on soil and crop conditions. Which GIS-enabled approach is most appropriate?,B,GIS&T BoK remediation: [DA-001] GIS&T and Agriculture — https://gistbok-topics.ucgis.org/DA-001 | Blueprint domain resource: https://geospacebok.eu/TA
1,C,Difficult,37,Design of Systems,"The analyst wants to avoid a method that is merely convenient but does not exactly match the stated spatial or statistical objective. Which answer is best? In this context, which statement most accurately describes real-time GIS programming especially concerned with?",C,GIS&T BoK remediation: [PD-01-020] Real-time GIS Programming and Geocomputation — https://gistbok-topics.ucgis.org/PD-01-020 | Blueprint domain resource: https://geospacebok.eu/DA
1,C,Difficult,38,Analytical Methods & GeoComputation,"Choose the most appropriate method given the stated assumptions and intended interpretation, not simply a method that could produce a visually similar result. Why should spatial cross-validation be considered for geographic prediction models?",B,GIS&T BoK remediation: [AM-08-094] Machine Learning Approaches — https://gistbok-topics.ucgis.org/AM-08-094 | Blueprint domain resource: https://geospacebok.eu/AM | https://geospacebok.eu/GC
1,C,Difficult,39,"Platforms, Sensors, Physics & Image Processing","Which option would be the strongest methodological choice for this GIS task, recognizing that the alternatives are also legitimate GIS techniques? Thermal infrared sensors primarily measure what?",A,GIS&T BoK remediation: [DC-03-034] Multispectral and Thermal Imagery: RGB and LWIR Sensors — https://gistbok-topics.ucgis.org/DC-03-034 | Blueprint domain resource: https://geospacebok.eu/PS | https://geospacebok.eu/PP | https://geospacebok.eu/IP
1,C,Difficult,40,Design of Systems,A GIS analyst must choose among several technically plausible approaches. Select the best option for the stated objective. Why can raster map algebra benefit from GPU processing?,D,GIS&T BoK remediation: [CP-01-006] Graphics Processing Units (GPUs) — https://gistbok-topics.ucgis.org/CP-01-006 | Blueprint domain resource: https://geospacebok.eu/DA
1,C,Difficult,41,Analytical Methods & GeoComputation,"Assume the input data are valid and appropriately projected unless stated otherwise. Which approach best satisfies the analytical requirement? A city wants to identify schools within 1,000 meters of hazardous-material facilities. Which GIS workflow is most appropriate?",D,GIS&T BoK remediation: [AM-02-003] Buffers — https://gistbok-topics.ucgis.org/AM-02-003 | Blueprint domain resource: https://geospacebok.eu/AM | https://geospacebok.eu/GC
1,C,Difficult,42,Conceptual Foundations,A project team is documenting a defensible professional workflow. Several choices could produce related outputs; choose the one that most directly answers the question. What distinguishes a ratio-scale variable from an interval-scale variable?,D,GIS&T BoK remediation: [FC-04-010] GIS Data Properties — https://gistbok-topics.ucgis.org/FC-04-010 | Blueprint domain resource: https://geospacebok.eu/CF
1,C,Difficult,43,Cartography & Visualization,"The analyst wants to avoid a method that is merely convenient but does not exactly match the stated spatial or statistical objective. Which answer is best? In this context, which statement most accurately describes visual hierarchy?",A,GIS&T BoK remediation: [CV-03-007] Visual Hierarchy and Layout — https://gistbok-topics.ucgis.org/CV-03-007 | Blueprint domain resource: https://geospacebok.eu/CV
1,C,Difficult,44,Geospatial Data,"Choose the most appropriate method given the stated assumptions and intended interpretation, not simply a method that could produce a visually similar result. A GNSS receiver needs signals from at least four satellites primarily to solve for what?",B,GIS&T BoK remediation: [DC-02-003] Global Navigation Satellite Systems — https://gistbok-topics.ucgis.org/DC-02-003 | Blueprint domain resource: https://geospacebok.eu/GD
1,C,Difficult,45,Data Modeling,"Which option would be the strongest methodological choice for this GIS task, recognizing that the alternatives are also legitimate GIS techniques? When simplifying a line for smaller-scale display, what trade-off is being made?",A,"GIS&T BoK remediation: [DM-06-085] Point, Line, and Area Generalization — https://gistbok-topics.ucgis.org/DM-06-085 | Blueprint domain resource: https://geospacebok.eu/DM"
1,C,Difficult,46,Geospatial Data,"A GIS analyst must choose among several technically plausible approaches. Select the best option for the stated objective. In this context, which statement most accurately describes multipath error in GNSS?",A,GIS&T BoK remediation: [DC-02-003] Global Navigation Satellite Systems — https://gistbok-topics.ucgis.org/DC-02-003 | Blueprint domain resource: https://geospacebok.eu/GD
1,C,Difficult,47,"Platforms, Sensors, Physics & Image Processing",Assume the input data are valid and appropriately projected unless stated otherwise. Which approach best satisfies the analytical requirement? A sun-synchronous orbit is useful because imagery is commonly acquired at what?,A,GIS&T BoK remediation: [DC-03-026] Remote Sensing Platforms — https://gistbok-topics.ucgis.org/DC-03-026 | Blueprint domain resource: https://geospacebok.eu/PS | https://geospacebok.eu/PP | https://geospacebok.eu/IP
1,C,Difficult,48,Analytical Methods & GeoComputation,A project team is documenting a defensible professional workflow. Several choices could produce related outputs; choose the one that most directly answers the question. A black-box flood-susceptibility model must be explained to planners. Which output would most improve interpretability?,D,GIS&T BoK remediation: [AM-08-108] Explainable AI Applications in GIS — https://gistbok-topics.ucgis.org/AM-08-108 | Blueprint domain resource: https://geospacebok.eu/AM | https://geospacebok.eu/GC
1,C,Difficult,49,"Platforms, Sensors, Physics & Image Processing","The analyst wants to avoid a method that is merely convenient but does not exactly match the stated spatial or statistical objective. Which answer is best? In this context, which statement most accurately describes radiometric calibration?",C,GIS&T BoK remediation: GIS&T BoK | Blueprint domain resource: https://geospacebok.eu/PS | https://geospacebok.eu/PP | https://geospacebok.eu/IP
1,C,Difficult,50,Conceptual Foundations,"Choose the most appropriate method given the stated assumptions and intended interpretation, not simply a method that could produce a visually similar result. In this context, which statement most accurately describes a key distinction between nominal and ordinal attributes?",A,GIS&T BoK remediation: [FC-04-010] GIS Data Properties — https://gistbok-topics.ucgis.org/FC-04-010 | Blueprint domain resource: https://geospacebok.eu/CF
1,C,Difficult,51,Thematic & Application Domains,"Which option would be the strongest methodological choice for this GIS task, recognizing that the alternatives are also legitimate GIS techniques? A transit planner compares access to jobs by transit versus car. What should an accessibility measure incorporate?",C,GIS&T BoK remediation: [AM-05-044] Modelling Accessibility — https://gistbok-topics.ucgis.org/AM-05-044 | Blueprint domain resource: https://geospacebok.eu/TA
1,C,Difficult,52,Data Modeling,A GIS analyst must choose among several technically plausible approaches. Select the best option for the stated objective. Why can raster-to-vector conversion create many small polygons in a noisy categorical raster?,B,GIS&T BoK remediation: [DM-06-086] Vector-to-Raster and Raster-to-Vector Conversions — https://gistbok-topics.ucgis.org/DM-06-086 | Blueprint domain resource: https://geospacebok.eu/DM
1,C,Difficult,53,Conceptual Foundations,Assume the input data are valid and appropriately projected unless stated otherwise. Which approach best satisfies the analytical requirement? Measurements are widely scattered around the true position but average near the truth. Which characterization fits best?,B,GIS&T BoK remediation: [FC-07-024] Conceptual Models of Error and Uncertainty — https://gistbok-topics.ucgis.org/FC-07-024 | Blueprint domain resource: https://geospacebok.eu/CF
1,C,Difficult,54,Design of Systems,A project team is documenting a defensible professional workflow. Several choices could produce related outputs; choose the one that most directly answers the question. Why is Python widely used in GIS?,D,GIS&T BoK remediation: [PD-05-011] Python for GIS — https://gistbok-topics.ucgis.org/PD-05-011 | Blueprint domain resource: https://geospacebok.eu/DA
1,C,Difficult,55,"Platforms, Sensors, Physics & Image Processing",The analyst wants to avoid a method that is merely convenient but does not exactly match the stated spatial or statistical objective. Which answer is best? Why does airborne bathymetric LiDAR commonly use green wavelengths?,A,GIS&T BoK remediation: [DC-03-040] Airborne LiDAR Bathymetry — https://gistbok-topics.ucgis.org/DC-03-040 | Blueprint domain resource: https://geospacebok.eu/PS | https://geospacebok.eu/PP | https://geospacebok.eu/IP
1,C,Difficult,56,Data Modeling,"Choose the most appropriate method given the stated assumptions and intended interpretation, not simply a method that could produce a visually similar result. Why is linear referencing useful for transportation assets?",D,GIS&T BoK remediation: [DM-05-016] Linear Referencing — https://gistbok-topics.ucgis.org/DM-05-016 | Blueprint domain resource: https://geospacebok.eu/DM
1,C,Difficult,57,Organizational & Institutional Aspects,"Which option would be the strongest methodological choice for this GIS task, recognizing that the alternatives are also legitimate GIS techniques? Why should enterprise GIS have backup and disaster-recovery plans?",A,GIS&T BoK remediation: [KE-04-019] Managing GIS&T Operations and Infrastructure — https://gistbok-topics.ucgis.org/KE-04-019 | Blueprint domain resource: https://geospacebok.eu/OI
1,C,Difficult,58,Cartography & Visualization,A GIS analyst must choose among several technically plausible approaches. Select the best option for the stated objective. Why should legends include only symbols that need explanation?,D,GIS&T BoK remediation: [CV-03-007] Visual Hierarchy and Layout — https://gistbok-topics.ucgis.org/CV-03-007 | Blueprint domain resource: https://geospacebok.eu/CV
1,C,Difficult,59,Data Modeling,"Assume the input data are valid and appropriately projected unless stated otherwise. Which approach best satisfies the analytical requirement? A utility must model pipes, valves, and connectivity. Which data model is most appropriate?",D,GIS&T BoK remediation: [DM-02-015] Spatial Network Modeling — https://gistbok-topics.ucgis.org/DM-02-015 | Blueprint domain resource: https://geospacebok.eu/DM
1,C,Difficult,60,GI & Society,A project team is documenting a defensible professional workflow. Several choices could produce related outputs; choose the one that most directly answers the question. Citizen-science observations are concentrated near roads and cities. What analytical caution is needed?,A,GIS&T BoK remediation: [GS-02-024] Citizen Science with GIS&T — https://gistbok-topics.ucgis.org/GS-02-024 | Blueprint domain resource: https://geospacebok.eu/GS
1,C,Difficult,61,Conceptual Foundations,The analyst wants to avoid a method that is merely convenient but does not exactly match the stated spatial or statistical objective. Which answer is best? What does spatial resolution describe?,A,GIS&T BoK remediation: [FC-05-021] Resolution — https://gistbok-topics.ucgis.org/FC-05-021 | Blueprint domain resource: https://geospacebok.eu/CF
1,C,Difficult,62,"Platforms, Sensors, Physics & Image Processing","Choose the most appropriate method given the stated assumptions and intended interpretation, not simply a method that could produce a visually similar result. In object-based image analysis, what happens during segmentation?",C,GIS&T BoK remediation: [DC-04-014] Feature Extraction from Satellite Imagery — https://gistbok-topics.ucgis.org/DC-04-014 | Blueprint domain resource: https://geospacebok.eu/PS | https://geospacebok.eu/PP | https://geospacebok.eu/IP
1,C,Difficult,63,Cartography & Visualization,"Which option would be the strongest methodological choice for this GIS task, recognizing that the alternatives are also legitimate GIS techniques? Why should a map reader examine source and date information?",B,GIS&T BoK remediation: [CV-06-022] Map Interpretation — https://gistbok-topics.ucgis.org/CV-06-022 | Blueprint domain resource: https://geospacebok.eu/CV
1,C,Difficult,64,"Platforms, Sensors, Physics & Image Processing",A GIS analyst must choose among several technically plausible approaches. Select the best option for the stated objective. What does spectral resolution describe?,D,GIS&T BoK remediation: [DC-03-016] Nature of Multispectral Image Data — https://gistbok-topics.ucgis.org/DC-03-016 | Blueprint domain resource: https://geospacebok.eu/PS | https://geospacebok.eu/PP | https://geospacebok.eu/IP
1,C,Difficult,65,Analytical Methods & GeoComputation,"Assume the input data are valid and appropriately projected unless stated otherwise. Which approach best satisfies the analytical requirement? An analyst repeats a correlation using census blocks, block groups, and tracts and obtains different coefficients. What issue is illustrated?",D,GIS&T BoK remediation: [AM-03-011] Spatial Statistics — https://gistbok-topics.ucgis.org/AM-03-011 | Blueprint domain resource: https://geospacebok.eu/AM | https://geospacebok.eu/GC
1,C,Difficult,66,Geospatial Data,A project team is documenting a defensible professional workflow. Several choices could produce related outputs; choose the one that most directly answers the question. What does lineage in metadata document?,D,"GIS&T BoK remediation: [DM-07-057] Data Evaluation, Metadata, and Data Quality — https://gistbok-topics.ucgis.org/DM-07-057 | Blueprint domain resource: https://geospacebok.eu/GD"
1,C,Difficult,67,Cartography & Visualization,"The analyst wants to avoid a method that is merely convenient but does not exactly match the stated spatial or statistical objective. Which answer is best? In this context, which statement most accurately describes a purpose of white or negative space in a map layout?",D,GIS&T BoK remediation: [CV-03-007] Visual Hierarchy and Layout — https://gistbok-topics.ucgis.org/CV-03-007 | Blueprint domain resource: https://geospacebok.eu/CV
1,C,Difficult,68,Geospatial Data,"Choose the most appropriate method given the stated assumptions and intended interpretation, not simply a method that could produce a visually similar result. A field sampling design gives every location an equal known chance of selection. What type of design is this?",A,GIS&T BoK remediation: [AM-03-026] Spatial Sampling for Spatial Analysis — https://gistbok-topics.ucgis.org/AM-03-026 | Blueprint domain resource: https://geospacebok.eu/GD
1,C,Difficult,69,Analytical Methods & GeoComputation,"Which option would be the strongest methodological choice for this GIS task, recognizing that the alternatives are also legitimate GIS techniques? In a semivariogram, the model reaches a plateau beyond a certain separation distance. What is that plateau called?",D,GIS&T BoK remediation: [AM-04-029] Kriging Interpolation — https://gistbok-topics.ucgis.org/AM-04-029 | Blueprint domain resource: https://geospacebok.eu/AM | https://geospacebok.eu/GC
1,C,Difficult,70,Organizational & Institutional Aspects,A GIS analyst must choose among several technically plausible approaches. Select the best option for the stated objective. Why should a GIS program maintain documented standard operating procedures?,C,GIS&T BoK remediation: [KE-04-019] Managing GIS&T Operations and Infrastructure — https://gistbok-topics.ucgis.org/KE-04-019 | Blueprint domain resource: https://geospacebok.eu/OI
1,C,Difficult,71,GI & Society,Assume the input data are valid and appropriately projected unless stated otherwise. Which approach best satisfies the analytical requirement? A city inspection algorithm is trained on historical enforcement data that overrepresent some neighborhoods. What risk should be assessed?,C,GIS&T BoK remediation: [GS-01-027] GIS&T for Equity and Social Justice — https://gistbok-topics.ucgis.org/GS-01-027 | Blueprint domain resource: https://geospacebok.eu/GS
1,C,Difficult,72,Analytical Methods & GeoComputation,A project team is documenting a defensible professional workflow. Several choices could produce related outputs; choose the one that most directly answers the question. A coastal setback requires new buildings to be at least 75 m from the shoreline. Which GIS result directly supports compliance screening?,D,GIS&T BoK remediation: [AM-02-003] Buffers — https://gistbok-topics.ucgis.org/AM-02-003 | Blueprint domain resource: https://geospacebok.eu/AM | https://geospacebok.eu/GC
1,C,Difficult,73,Data Modeling,"The analyst wants to avoid a method that is merely convenient but does not exactly match the stated spatial or statistical objective. Which answer is best? In this context, which statement most accurately describes the essential difference between an attribute query and a spatial query?",A,GIS&T BoK remediation: [DM-03-075] Defining and Designing Spatial Queries — https://gistbok-topics.ucgis.org/DM-03-075 | Blueprint domain resource: https://geospacebok.eu/DM
1,C,Difficult,74,Geospatial Data,"Choose the most appropriate method given the stated assumptions and intended interpretation, not simply a method that could produce a visually similar result. When comparing census data over multiple decades, what major issue may require crosswalks or interpolation?",A,GIS&T BoK remediation: [DC-06-028] United States Census Data — https://gistbok-topics.ucgis.org/DC-06-028 | Blueprint domain resource: https://geospacebok.eu/GD
1,C,Difficult,75,Analytical Methods & GeoComputation,"Which option would be the strongest methodological choice for this GIS task, recognizing that the alternatives are also legitimate GIS techniques? The transition from urban to suburban is vague rather than sharply bounded. Which representation can capture partial membership?",A,GIS&T BoK remediation: [AM-09-088] Fuzzy Aggregation Operators — https://gistbok-topics.ucgis.org/AM-09-088 | Blueprint domain resource: https://geospacebok.eu/AM | https://geospacebok.eu/GC
2,A,Standard,1,Design of Systems,What does verification ask in software or model development?,C,GIS&T BoK remediation: [PD-02-025] Verification & Validation of Applied GIS Research — https://gistbok-topics.ucgis.org/PD-02-025 | Blueprint domain resource: https://geospacebok.eu/DA
2,A,Standard,2,"Platforms, Sensors, Physics & Image Processing",LiDAR range is fundamentally estimated from what?,C,GIS&T BoK remediation: [DC-03-027] Light Detection and Ranging (LiDAR) — https://gistbok-topics.ucgis.org/DC-03-027 | Blueprint domain resource: https://geospacebok.eu/PS | https://geospacebok.eu/PP | https://geospacebok.eu/IP
2,A,Standard,3,Data Modeling,A tax table stores ParcelID values that reference ParcelID in a parcel table. What role does ParcelID play in the tax table?,A,GIS&T BoK remediation: [DM-01-003] Relational DBMS and their Spatial Extensions — https://gistbok-topics.ucgis.org/DM-01-003 | Blueprint domain resource: https://geospacebok.eu/DM
2,A,Standard,4,Design of Systems,What is cyberinfrastructure in GIScience intended to support?,C,GIS&T BoK remediation: [CP-01-013] Cyberinfrastructure — https://gistbok-topics.ucgis.org/CP-01-013 | Blueprint domain resource: https://geospacebok.eu/DA
2,A,Standard,5,GI & Society,Why should equity analysis consider accessibility as well as geographic distribution?,A,GIS&T BoK remediation: [GS-02-026] Mapping Spatial Justice for Marginal Societies — https://gistbok-topics.ucgis.org/GS-02-026 | Blueprint domain resource: https://geospacebok.eu/GS
2,A,Standard,6,Geospatial Data,A systematic spatial sample uses points every 1 km. What risk can occur if the phenomenon has a similar periodic pattern?,D,GIS&T BoK remediation: [AM-03-026] Spatial Sampling for Spatial Analysis — https://gistbok-topics.ucgis.org/AM-03-026 | Blueprint domain resource: https://geospacebok.eu/GD
2,A,Standard,7,Conceptual Foundations,Which relationship is topological rather than metric?,B,GIS&T BoK remediation: [FC-05-018] Adjacency and Connectivity — https://gistbok-topics.ucgis.org/FC-05-018 | Blueprint domain resource: https://geospacebok.eu/CF
2,A,Standard,8,Data Modeling,What is the main purpose of a database transaction?,A,GIS&T BoK remediation: [DM-06-089] Transaction Management — https://gistbok-topics.ucgis.org/DM-06-089 | Blueprint domain resource: https://geospacebok.eu/DM
2,A,Standard,9,Cartography & Visualization,A dashboard has five coordinated maps and charts but users cannot identify the main message. What design problem is most likely?,A,GIS&T BoK remediation: [CV-03-029] Design and Aesthetics — https://gistbok-topics.ucgis.org/CV-03-029 | Blueprint domain resource: https://geospacebok.eu/CV
2,A,Standard,10,Cartography & Visualization,Equal-interval classification divides what into equal-width classes?,D,"GIS&T BoK remediation: [CV-03-005] Statistical Mapping (Enumeration, Normalization, Classification) — https://gistbok-topics.ucgis.org/CV-03-005 | Blueprint domain resource: https://geospacebok.eu/CV"
2,A,Standard,11,Geospatial Data,"A social-media post contains coordinates, but they may indicate where the message was sent rather than where the reported event occurred. What issue is this?",A,GIS&T BoK remediation: [DC-02-004] Social Media Platforms — https://gistbok-topics.ucgis.org/DC-02-004 | Blueprint domain resource: https://geospacebok.eu/GD
2,A,Standard,12,Thematic & Application Domains,"A planning agency wants parcels satisfying zoning, minimum area, transit proximity, and flood-risk constraints. Which method is most appropriate?",B,GIS&T BoK remediation: [AM-03-013] Multi-Criteria Evaluation — https://gistbok-topics.ucgis.org/AM-03-013 | Blueprint domain resource: https://geospacebok.eu/TA
2,A,Standard,13,GI & Society,A map is numerically accurate but uses a classification selected to exaggerate a political message. What ethical issue is present?,B,GIS&T BoK remediation: [GS-03-014] GIS and Critical Ethics — https://gistbok-topics.ucgis.org/GS-03-014 | Blueprint domain resource: https://geospacebok.eu/GS
2,A,Standard,14,Data Modeling,A query asks for parcels intersecting a floodplain. What type of query is this?,D,GIS&T BoK remediation: [DM-03-075] Defining and Designing Spatial Queries — https://gistbok-topics.ucgis.org/DM-03-075 | Blueprint domain resource: https://geospacebok.eu/DM
2,A,Standard,15,Conceptual Foundations,Why are ontologies useful in GIS?,A,GIS&T BoK remediation: [FC-03-001] Foundational Ontologies — https://gistbok-topics.ucgis.org/FC-03-001 | Blueprint domain resource: https://geospacebok.eu/CF
2,A,Standard,16,Conceptual Foundations,Longitude expresses angular position east or west of what reference?,A,GIS&T BoK remediation: [DM-05-047] Geographic Coordinate Systems — https://gistbok-topics.ucgis.org/DM-05-047 | Blueprint domain resource: https://geospacebok.eu/CF
2,A,Standard,17,Analytical Methods & GeoComputation,A cellular automaton changes each cell state from its current state and neighboring cells over discrete time steps. What type of model is this?,B,GIS&T BoK remediation: [AM-07-069] Cellular Automata — https://gistbok-topics.ucgis.org/AM-07-069 | Blueprint domain resource: https://geospacebok.eu/AM | https://geospacebok.eu/GC
2,A,Standard,18,Analytical Methods & GeoComputation,A destination has twice the attractiveness but all else is equal in a simple gravity-style interaction model. What should generally happen to predicted interaction?,A,GIS&T BoK remediation: [AM-03-010] Spatial Interaction — https://gistbok-topics.ucgis.org/AM-03-010 | Blueprint domain resource: https://geospacebok.eu/AM | https://geospacebok.eu/GC
2,A,Standard,19,"Platforms, Sensors, Physics & Image Processing",Which formula correctly defines NDVI?,D,GIS&T BoK remediation: GIS&T BoK | Blueprint domain resource: https://geospacebok.eu/PS | https://geospacebok.eu/PP | https://geospacebok.eu/IP
2,A,Standard,20,Thematic & Application Domains,A city uses 311 reports to locate recurring service problems. What should analysts consider before treating report density as true incident density?,B,GIS&T BoK remediation: [CP-03-010] Social Media Analytics — https://gistbok-topics.ucgis.org/CP-03-010 | Blueprint domain resource: https://geospacebok.eu/TA
2,A,Standard,21,Analytical Methods & GeoComputation,A water utility wants to identify septic systems within 60 m of wells. Which analysis is most appropriate?,D,GIS&T BoK remediation: [AM-02-003] Buffers — https://gistbok-topics.ucgis.org/AM-02-003 | Blueprint domain resource: https://geospacebok.eu/AM | https://geospacebok.eu/GC
2,A,Standard,22,Thematic & Application Domains,"A utility prioritizes aging pipes using failure history, material, soil, and consequence of failure. What is GIS supporting?",B,GIS&T BoK remediation: [DA-004] GIS&T and Civil Engineering — https://gistbok-topics.ucgis.org/DA-004 | Blueprint domain resource: https://geospacebok.eu/TA
2,A,Standard,23,Design of Systems,Object-oriented programming organizes software primarily around what?,A,GIS&T BoK remediation: [PD-01-021] Object-Oriented Programming in GIS Applications — https://gistbok-topics.ucgis.org/PD-01-021 | Blueprint domain resource: https://geospacebok.eu/DA
2,A,Standard,24,Analytical Methods & GeoComputation,Which LiDAR information is most useful for building a bare-earth DTM beneath vegetation?,B,GIS&T BoK remediation: [AM-04-099] LiDAR Point Cloud Analysis — https://gistbok-topics.ucgis.org/AM-04-099 | Blueprint domain resource: https://geospacebok.eu/AM | https://geospacebok.eu/GC
2,A,Standard,25,Organizational & Institutional Aspects,A centralized GIS unit sets standards and hosts enterprise services for multiple departments. What benefit can this provide?,B,GIS&T BoK remediation: [KE-03-033] Organizational Models for GIS Management — https://gistbok-topics.ucgis.org/KE-03-033 | Blueprint domain resource: https://geospacebok.eu/OI
2,A,Standard,26,"Platforms, Sensors, Physics & Image Processing","Which interpretation cue describes frequency of tonal change, such as smooth water versus coarse forest canopy?",A,GIS&T BoK remediation: [DC-04-012] Fundamentals of Aerial Photo Interpretation — https://gistbok-topics.ucgis.org/DC-04-012 | Blueprint domain resource: https://geospacebok.eu/PS | https://geospacebok.eu/PP | https://geospacebok.eu/IP
2,A,Standard,27,Cartography & Visualization,Hillshade simulates what?,B,GIS&T BoK remediation: [CV-04-014] Terrain Representation — https://gistbok-topics.ucgis.org/CV-04-014 | Blueprint domain resource: https://geospacebok.eu/CV
2,A,Standard,28,Conceptual Foundations,Why is uncertainty not identical to error?,B,GIS&T BoK remediation: [FC-07-024] Conceptual Models of Error and Uncertainty — https://gistbok-topics.ucgis.org/FC-07-024 | Blueprint domain resource: https://geospacebok.eu/CF
2,A,Standard,29,Conceptual Foundations,"A geographic location has meaning because of identity, experience, and attachment. Which concept does this reflect?",B,GIS&T BoK remediation: [FC-03-006] Landscape and Place — https://gistbok-topics.ucgis.org/FC-03-006 | Blueprint domain resource: https://geospacebok.eu/CF
2,A,Standard,30,Conceptual Foundations,Individual building footprints are most naturally conceptualized as what?,A,GIS&T BoK remediation: GIS&T BoK | Blueprint domain resource: https://geospacebok.eu/CF
2,A,Standard,31,Organizational & Institutional Aspects,What is GIS governance?,C,GIS&T BoK remediation: [KE-03-021] System Modelling for Effective GIS Management — https://gistbok-topics.ucgis.org/KE-03-021 | Blueprint domain resource: https://geospacebok.eu/OI
2,A,Standard,32,Geospatial Data,Why is indoor localization difficult for ordinary GNSS?,C,GIS&T BoK remediation: [DC-02-039] Time-of-Arrival (TOA) Localization for Indoor GIS — https://gistbok-topics.ucgis.org/DC-02-039 | Blueprint domain resource: https://geospacebok.eu/GD
2,A,Standard,33,Cartography & Visualization,"On a phone, which map-interface issue is especially important?",B,GIS&T BoK remediation: [CV-05-040] Mobile Maps and Responsive Design — https://gistbok-topics.ucgis.org/CV-05-040 | Blueprint domain resource: https://geospacebok.eu/CV
2,A,Standard,34,Data Modeling,What is a logical data model?,A,GIS&T BoK remediation: [DM-01-035] Logical Data Models — https://gistbok-topics.ucgis.org/DM-01-035 | Blueprint domain resource: https://geospacebok.eu/DM
2,A,Standard,35,Conceptual Foundations,"Why should the arithmetic mean generally not be calculated for land-cover class codes such as 11, 21, and 41?",A,GIS&T BoK remediation: [FC-04-010] GIS Data Properties — https://gistbok-topics.ucgis.org/FC-04-010 | Blueprint domain resource: https://geospacebok.eu/CF
2,A,Standard,36,"Platforms, Sensors, Physics & Image Processing",Why can hyperspectral data distinguish materials that appear similar in RGB imagery?,D,GIS&T BoK remediation: [DC-03-031] Hyperspectral Remote Sensing — https://gistbok-topics.ucgis.org/DC-03-031 | Blueprint domain resource: https://geospacebok.eu/PS | https://geospacebok.eu/PP | https://geospacebok.eu/IP
2,A,Standard,37,Analytical Methods & GeoComputation,A semivariogram has a large nugget relative to its sill. What does that often suggest?,D,GIS&T BoK remediation: [AM-04-029] Kriging Interpolation — https://gistbok-topics.ucgis.org/AM-04-029 | Blueprint domain resource: https://geospacebok.eu/AM | https://geospacebok.eu/GC
2,A,Standard,38,Data Modeling,What is a geospatial knowledge graph especially useful for?,C,GIS&T BoK remediation: [DM-01-092] Geospatial Knowledge Graphs — https://gistbok-topics.ucgis.org/DM-01-092 | Blueprint domain resource: https://geospacebok.eu/DM
2,A,Standard,39,Geospatial Data,A scanned historical map has no coordinate reference. What is the first major step to integrate it with modern GIS layers?,C,GIS&T BoK remediation: [DC-02-036] Historical Maps in GIS — https://gistbok-topics.ucgis.org/DC-02-036 | Blueprint domain resource: https://geospacebok.eu/GD
2,A,Standard,40,Data Modeling,What does First Normal Form primarily require?,A,GIS&T BoK remediation: [DM-01-003] Relational DBMS and their Spatial Extensions — https://gistbok-topics.ucgis.org/DM-01-003 | Blueprint domain resource: https://geospacebok.eu/DM
2,A,Standard,41,"Platforms, Sensors, Physics & Image Processing",Why is consistent radiometric calibration important in multi-date change detection?,C,GIS&T BoK remediation: [DC-03-032] Landsat — https://gistbok-topics.ucgis.org/DC-03-032 | Blueprint domain resource: https://geospacebok.eu/PS | https://geospacebok.eu/PP | https://geospacebok.eu/IP
2,A,Standard,42,"Platforms, Sensors, Physics & Image Processing",What is geometric correction concerned with?,C,GIS&T BoK remediation: GIS&T BoK | Blueprint domain resource: https://geospacebok.eu/PS | https://geospacebok.eu/PP | https://geospacebok.eu/IP
2,A,Standard,43,"Platforms, Sensors, Physics & Image Processing",What is unsupervised image classification?,B,GIS&T BoK remediation: [DC-04-014] Feature Extraction from Satellite Imagery — https://gistbok-topics.ucgis.org/DC-04-014 | Blueprint domain resource: https://geospacebok.eu/PS | https://geospacebok.eu/PP | https://geospacebok.eu/IP
2,A,Standard,44,Thematic & Application Domains,A stormwater engineer wants to delineate drainage areas contributing runoff to inlets. Which workflow is appropriate?,D,GIS&T BoK remediation: [DA-004] GIS&T and Civil Engineering — https://gistbok-topics.ucgis.org/DA-004 | Blueprint domain resource: https://geospacebok.eu/TA
2,A,Standard,45,Conceptual Foundations,Temporal accuracy or currency concerns what?,C,GIS&T BoK remediation: [AM-06-102] Volumes and Space-Time Volumes — https://gistbok-topics.ucgis.org/AM-06-102 | Blueprint domain resource: https://geospacebok.eu/CF
2,A,Standard,46,Analytical Methods & GeoComputation,A noisy DEM should be smoothed by replacing each cell with the mean of its 3×3 neighborhood. Which raster operation is appropriate?,D,GIS&T BoK remediation: [AM-02-006] Grid Operations and Map Algebra — https://gistbok-topics.ucgis.org/AM-02-006 | Blueprint domain resource: https://geospacebok.eu/AM | https://geospacebok.eu/GC
2,A,Standard,47,Data Modeling,A crash location is stored as route ID plus distance along the route. What is this referencing approach called?,A,GIS&T BoK remediation: [DM-05-016] Linear Referencing — https://gistbok-topics.ucgis.org/DM-05-016 | Blueprint domain resource: https://geospacebok.eu/DM
2,A,Standard,48,Organizational & Institutional Aspects,What is the purpose of a project scope statement?,D,GIS&T BoK remediation: [KE-04-012] GIS&T Project Planning and Management — https://gistbok-topics.ucgis.org/KE-04-012 | Blueprint domain resource: https://geospacebok.eu/OI
2,A,Standard,49,Conceptual Foundations,A world map of population density should prioritize which projection property?,D,GIS&T BoK remediation: [CV-03-006] Map Projections — https://gistbok-topics.ucgis.org/CV-03-006 | Blueprint domain resource: https://geospacebok.eu/CF
2,A,Standard,50,Organizational & Institutional Aspects,What is the strongest justification for retiring a legacy GIS workflow?,C,GIS&T BoK remediation: [KE-04-003] Strategic Planning for GIS Design — https://gistbok-topics.ucgis.org/KE-04-003 | Blueprint domain resource: https://geospacebok.eu/OI
2,A,Standard,51,Data Modeling,A quadtree recursively subdivides space into what?,C,"GIS&T BoK remediation: [DM-03-072] Space-driven Structures: Grid, linear quadtree, and z-ordering tree files — https://gistbok-topics.ucgis.org/DM-03-072 | Blueprint domain resource: https://geospacebok.eu/DM"
2,A,Standard,52,"Platforms, Sensors, Physics & Image Processing",Why is image overlap important for Structure-from-Motion?,D,GIS&T BoK remediation: [DC-04-038] Structure from Motion Photogrammetry — https://gistbok-topics.ucgis.org/DC-04-038 | Blueprint domain resource: https://geospacebok.eu/PS | https://geospacebok.eu/PP | https://geospacebok.eu/IP
2,A,Standard,53,Geospatial Data,A text post says traffic is stopped near 5th and Market. What must a GIS workflow do before mapping it reliably?,D,GIS&T BoK remediation: [DC-02-037] Texts — https://gistbok-topics.ucgis.org/DC-02-037 | Blueprint domain resource: https://geospacebok.eu/GD
2,A,Standard,54,Cartography & Visualization,Why can mapping raw counts in choropleth polygons be misleading?,A,"GIS&T BoK remediation: [CV-03-005] Statistical Mapping (Enumeration, Normalization, Classification) — https://gistbok-topics.ucgis.org/CV-03-005 | Blueprint domain resource: https://geospacebok.eu/CV"
2,A,Standard,55,Conceptual Foundations,A one-way street edge allows eastbound travel but prohibits westbound travel. What property is being modeled?,D,GIS&T BoK remediation: [FC-05-014] Directional Operations — https://gistbok-topics.ucgis.org/FC-05-014 | Blueprint domain resource: https://geospacebok.eu/CF
2,A,Standard,56,Design of Systems,What is inheritance in object-oriented design?,A,GIS&T BoK remediation: [PD-01-021] Object-Oriented Programming in GIS Applications — https://gistbok-topics.ucgis.org/PD-01-021 | Blueprint domain resource: https://geospacebok.eu/DA
2,A,Standard,57,Analytical Methods & GeoComputation,"A fire department wants polygons representing areas reachable within 4, 8, and 12 minutes from each station. Which analysis is appropriate?",B,GIS&T BoK remediation: [AM-05-043] Location and Service Area Problems — https://gistbok-topics.ucgis.org/AM-05-043 | Blueprint domain resource: https://geospacebok.eu/AM | https://geospacebok.eu/GC
2,A,Standard,58,Web-Based GIS,A web client needs editable vector features with geometry and attributes rather than rendered images. Which service type best fits?,B,GIS&T BoK remediation: [CP-04-014] Web GIS — https://gistbok-topics.ucgis.org/CP-04-014 | Blueprint domain resource: https://geospacebok.eu/WB
2,A,Standard,59,Analytical Methods & GeoComputation,A disease-rate map has extreme values in areas with very small populations. What should an analyst consider before interpreting clusters?,B,GIS&T BoK remediation: [AM-03-011] Spatial Statistics — https://gistbok-topics.ucgis.org/AM-03-011 | Blueprint domain resource: https://geospacebok.eu/AM | https://geospacebok.eu/GC
2,A,Standard,60,Geospatial Data,A field survey stores measurements with many more decimal places than the instrument supports. What is the main concern?,B,"GIS&T BoK remediation: [DM-07-057] Data Evaluation, Metadata, and Data Quality — https://gistbok-topics.ucgis.org/DM-07-057 | Blueprint domain resource: https://geospacebok.eu/GD"
2,A,Standard,61,Analytical Methods & GeoComputation,"Observed Ripley’s K values are above the upper simulation envelope from 500 to 1,000 m. What does this indicate?",A,GIS&T BoK remediation: [AM-03-007] Point Pattern Analysis — https://gistbok-topics.ucgis.org/AM-03-007 | Blueprint domain resource: https://geospacebok.eu/AM | https://geospacebok.eu/GC
2,A,Standard,62,Analytical Methods & GeoComputation,A city boundary is overlaid on land-use polygons so all land-use geometry remains but city attributes are transferred where they overlap. Which operation best matches this behavior?,A,GIS&T BoK remediation: [AM-02-004] Overlay — https://gistbok-topics.ucgis.org/AM-02-004 | Blueprint domain resource: https://geospacebok.eu/AM | https://geospacebok.eu/GC
2,A,Standard,63,Geospatial Data,Why can longer static GNSS observation sessions improve a survey solution?,A,GIS&T BoK remediation: [DC-02-003] Global Navigation Satellite Systems — https://gistbok-topics.ucgis.org/DC-02-003 | Blueprint domain resource: https://geospacebok.eu/GD
2,A,Standard,64,Design of Systems,Why is JavaScript central to interactive web mapping?,D,GIS&T BoK remediation: [PD-05-032] JavaScript for GIS — https://gistbok-topics.ucgis.org/PD-05-032 | Blueprint domain resource: https://geospacebok.eu/DA
2,A,Standard,65,Analytical Methods & GeoComputation,A smooth elevation surface should pass exactly through measured sample points and some overshoot is acceptable. Which method is a good candidate?,A,GIS&T BoK remediation: [AM-04-071] Splines and Radial Basis Functions Interpolation — https://gistbok-topics.ucgis.org/AM-04-071 | Blueprint domain resource: https://geospacebok.eu/AM | https://geospacebok.eu/GC
2,A,Standard,66,Organizational & Institutional Aspects,What is a requirements traceability matrix useful for?,D,GIS&T BoK remediation: [KE-04-001] The process of GIS&T design — https://gistbok-topics.ucgis.org/KE-04-001 | Blueprint domain resource: https://geospacebok.eu/OI
2,A,Standard,67,Analytical Methods & GeoComputation,Very high values in a flow-accumulation raster usually indicate what?,D,GIS&T BoK remediation: [AM-04-066] Watersheds and Drainage Networks — https://gistbok-topics.ucgis.org/AM-04-066 | Blueprint domain resource: https://geospacebok.eu/AM | https://geospacebok.eu/GC
2,A,Standard,68,Design of Systems,Why does spatial partitioning matter in a distributed spatial join?,D,GIS&T BoK remediation: [CP-04-007] Spatial MapReduce — https://gistbok-topics.ucgis.org/CP-04-007 | Blueprint domain resource: https://geospacebok.eu/DA
2,A,Standard,69,Analytical Methods & GeoComputation,User’s accuracy for a mapped class is low. What does that indicate?,D,GIS&T BoK remediation: [AM-09-104] Thematic Accuracy Assessment — https://gistbok-topics.ucgis.org/AM-09-104 | Blueprint domain resource: https://geospacebok.eu/AM | https://geospacebok.eu/GC
2,A,Standard,70,Data Modeling,A spatial join transfers census-tract attributes to address points based on containment. What drives the match?,B,GIS&T BoK remediation: [DM-04-077] Spatial Joins — https://gistbok-topics.ucgis.org/DM-04-077 | Blueprint domain resource: https://geospacebok.eu/DM
2,A,Standard,71,Cartography & Visualization,Why should interactive maps provide visible feedback after user actions?,A,GIS&T BoK remediation: GIS&T BoK | Blueprint domain resource: https://geospacebok.eu/CV
2,A,Standard,72,Cartography & Visualization,What is cartographic generalization?,A,GIS&T BoK remediation: [CV-03-004] Scale and Generalization — https://gistbok-topics.ucgis.org/CV-03-004 | Blueprint domain resource: https://geospacebok.eu/CV
2,A,Standard,73,Conceptual Foundations,Which variable is measured on an interval scale rather than a ratio scale?,A,GIS&T BoK remediation: [FC-04-010] GIS Data Properties — https://gistbok-topics.ucgis.org/FC-04-010 | Blueprint domain resource: https://geospacebok.eu/CF
2,A,Standard,74,Cartography & Visualization,A map icon must remain recognizable at small size. Which design principle helps most?,D,GIS&T BoK remediation: [CV-04-034] Map Icon Design — https://gistbok-topics.ucgis.org/CV-04-034 | Blueprint domain resource: https://geospacebok.eu/CV
2,A,Standard,75,Geospatial Data,What does orthorectification attempt to remove from aerial or satellite imagery?,A,GIS&T BoK remediation: [DC-01-030] Georeferencing and Georectification — https://gistbok-topics.ucgis.org/DC-01-030 | Blueprint domain resource: https://geospacebok.eu/GD
2,B,More Challenging,1,Design of Systems,A project team wants a defensible software-agnostic GIS approach. What does verification ask in software or model development?,D,GIS&T BoK remediation: [PD-02-025] Verification & Validation of Applied GIS Research — https://gistbok-topics.ucgis.org/PD-02-025 | Blueprint domain resource: https://geospacebok.eu/DA
2,B,More Challenging,2,"Platforms, Sensors, Physics & Image Processing","During QA/QC, an analyst must decide which GIS concept or method applies. LiDAR range is fundamentally estimated from what?",D,GIS&T BoK remediation: [DC-03-027] Light Detection and Ranging (LiDAR) — https://gistbok-topics.ucgis.org/DC-03-027 | Blueprint domain resource: https://geospacebok.eu/PS | https://geospacebok.eu/PP | https://geospacebok.eu/IP
2,B,More Challenging,3,Data Modeling,A planning or environmental GIS project encounters the following situation. A tax table stores ParcelID values that reference ParcelID in a parcel table. What role does ParcelID play in the tax table?,B,GIS&T BoK remediation: [DM-01-003] Relational DBMS and their Spatial Extensions — https://gistbok-topics.ucgis.org/DM-01-003 | Blueprint domain resource: https://geospacebok.eu/DM
2,B,More Challenging,4,Design of Systems,A GIS analyst is completing a routine professional workflow. Which description correctly characterizes cyberinfrastructure in GIScience intended to support?,D,GIS&T BoK remediation: [CP-01-013] Cyberinfrastructure — https://gistbok-topics.ucgis.org/CP-01-013 | Blueprint domain resource: https://geospacebok.eu/DA
2,B,More Challenging,5,GI & Society,A county GIS office is reviewing an analysis before publication. Why should equity analysis consider accessibility as well as geographic distribution?,C,GIS&T BoK remediation: [GS-02-026] Mapping Spatial Justice for Marginal Societies — https://gistbok-topics.ucgis.org/GS-02-026 | Blueprint domain resource: https://geospacebok.eu/GS
2,B,More Challenging,6,Geospatial Data,A student analyst has valid input data and must choose the next appropriate GIS step. A systematic spatial sample uses points every 1 km. What risk can occur if the phenomenon has a similar periodic pattern?,D,GIS&T BoK remediation: [AM-03-026] Spatial Sampling for Spatial Analysis — https://gistbok-topics.ucgis.org/AM-03-026 | Blueprint domain resource: https://geospacebok.eu/GD
2,B,More Challenging,7,Conceptual Foundations,A project team wants a defensible software-agnostic GIS approach. Which relationship is topological rather than metric?,D,GIS&T BoK remediation: [FC-05-018] Adjacency and Connectivity — https://gistbok-topics.ucgis.org/FC-05-018 | Blueprint domain resource: https://geospacebok.eu/CF
2,B,More Challenging,8,Data Modeling,"During QA/QC, an analyst must decide which GIS concept or method applies. Which description correctly characterizes the main purpose of a database transaction?",A,GIS&T BoK remediation: [DM-06-089] Transaction Management — https://gistbok-topics.ucgis.org/DM-06-089 | Blueprint domain resource: https://geospacebok.eu/DM
2,B,More Challenging,9,Cartography & Visualization,A planning or environmental GIS project encounters the following situation. A dashboard has five coordinated maps and charts but users cannot identify the main message. What design problem is most likely?,A,GIS&T BoK remediation: [CV-03-029] Design and Aesthetics — https://gistbok-topics.ucgis.org/CV-03-029 | Blueprint domain resource: https://geospacebok.eu/CV
2,B,More Challenging,10,Cartography & Visualization,A GIS analyst is completing a routine professional workflow. Equal-interval classification divides what into equal-width classes?,B,"GIS&T BoK remediation: [CV-03-005] Statistical Mapping (Enumeration, Normalization, Classification) — https://gistbok-topics.ucgis.org/CV-03-005 | Blueprint domain resource: https://geospacebok.eu/CV"
2,B,More Challenging,11,Geospatial Data,"A county GIS office is reviewing an analysis before publication. A social-media post contains coordinates, but they may indicate where the message was sent rather than where the reported event occurred. What issue is this?",B,GIS&T BoK remediation: [DC-02-004] Social Media Platforms — https://gistbok-topics.ucgis.org/DC-02-004 | Blueprint domain resource: https://geospacebok.eu/GD
2,B,More Challenging,12,Thematic & Application Domains,"A student analyst has valid input data and must choose the next appropriate GIS step. A planning agency wants parcels satisfying zoning, minimum area, transit proximity, and flood-risk constraints. Which method is most appropriate?",D,GIS&T BoK remediation: [AM-03-013] Multi-Criteria Evaluation — https://gistbok-topics.ucgis.org/AM-03-013 | Blueprint domain resource: https://geospacebok.eu/TA
2,B,More Challenging,13,GI & Society,A project team wants a defensible software-agnostic GIS approach. A map is numerically accurate but uses a classification selected to exaggerate a political message. What ethical issue is present?,B,GIS&T BoK remediation: [GS-03-014] GIS and Critical Ethics — https://gistbok-topics.ucgis.org/GS-03-014 | Blueprint domain resource: https://geospacebok.eu/GS
2,B,More Challenging,14,Data Modeling,"During QA/QC, an analyst must decide which GIS concept or method applies. A query asks for parcels intersecting a floodplain. What type of query is this?",A,GIS&T BoK remediation: [DM-03-075] Defining and Designing Spatial Queries — https://gistbok-topics.ucgis.org/DM-03-075 | Blueprint domain resource: https://geospacebok.eu/DM
2,B,More Challenging,15,Conceptual Foundations,A planning or environmental GIS project encounters the following situation. Why are ontologies useful in GIS?,D,GIS&T BoK remediation: [FC-03-001] Foundational Ontologies — https://gistbok-topics.ucgis.org/FC-03-001 | Blueprint domain resource: https://geospacebok.eu/CF
2,B,More Challenging,16,Conceptual Foundations,A GIS analyst is completing a routine professional workflow. Longitude expresses angular position east or west of what reference?,C,GIS&T BoK remediation: [DM-05-047] Geographic Coordinate Systems — https://gistbok-topics.ucgis.org/DM-05-047 | Blueprint domain resource: https://geospacebok.eu/CF
2,B,More Challenging,17,Analytical Methods & GeoComputation,A county GIS office is reviewing an analysis before publication. A cellular automaton changes each cell state from its current state and neighboring cells over discrete time steps. What type of model is this?,A,GIS&T BoK remediation: [AM-07-069] Cellular Automata — https://gistbok-topics.ucgis.org/AM-07-069 | Blueprint domain resource: https://geospacebok.eu/AM | https://geospacebok.eu/GC
2,B,More Challenging,18,Analytical Methods & GeoComputation,A student analyst has valid input data and must choose the next appropriate GIS step. A destination has twice the attractiveness but all else is equal in a simple gravity-style interaction model. What should generally happen to predicted interaction?,C,GIS&T BoK remediation: [AM-03-010] Spatial Interaction — https://gistbok-topics.ucgis.org/AM-03-010 | Blueprint domain resource: https://geospacebok.eu/AM | https://geospacebok.eu/GC
2,B,More Challenging,19,"Platforms, Sensors, Physics & Image Processing",A project team wants a defensible software-agnostic GIS approach. Which formula correctly defines NDVI?,C,GIS&T BoK remediation: GIS&T BoK | Blueprint domain resource: https://geospacebok.eu/PS | https://geospacebok.eu/PP | https://geospacebok.eu/IP
2,B,More Challenging,20,Thematic & Application Domains,"During QA/QC, an analyst must decide which GIS concept or method applies. A city uses 311 reports to locate recurring service problems. What should analysts consider before treating report density as true incident density?",B,GIS&T BoK remediation: [CP-03-010] Social Media Analytics — https://gistbok-topics.ucgis.org/CP-03-010 | Blueprint domain resource: https://geospacebok.eu/TA
2,B,More Challenging,21,Analytical Methods & GeoComputation,A planning or environmental GIS project encounters the following situation. A water utility wants to identify septic systems within 60 m of wells. Which analysis is most appropriate?,B,GIS&T BoK remediation: [AM-02-003] Buffers — https://gistbok-topics.ucgis.org/AM-02-003 | Blueprint domain resource: https://geospacebok.eu/AM | https://geospacebok.eu/GC
2,B,More Challenging,22,Thematic & Application Domains,"A GIS analyst is completing a routine professional workflow. A utility prioritizes aging pipes using failure history, material, soil, and consequence of failure. What is GIS supporting?",A,GIS&T BoK remediation: [DA-004] GIS&T and Civil Engineering — https://gistbok-topics.ucgis.org/DA-004 | Blueprint domain resource: https://geospacebok.eu/TA
2,B,More Challenging,23,Design of Systems,A county GIS office is reviewing an analysis before publication. Object-oriented programming organizes software primarily around what?,A,GIS&T BoK remediation: [PD-01-021] Object-Oriented Programming in GIS Applications — https://gistbok-topics.ucgis.org/PD-01-021 | Blueprint domain resource: https://geospacebok.eu/DA
2,B,More Challenging,24,Analytical Methods & GeoComputation,A student analyst has valid input data and must choose the next appropriate GIS step. Which LiDAR information is most useful for building a bare-earth DTM beneath vegetation?,B,GIS&T BoK remediation: [AM-04-099] LiDAR Point Cloud Analysis — https://gistbok-topics.ucgis.org/AM-04-099 | Blueprint domain resource: https://geospacebok.eu/AM | https://geospacebok.eu/GC
2,B,More Challenging,25,Organizational & Institutional Aspects,A project team wants a defensible software-agnostic GIS approach. A centralized GIS unit sets standards and hosts enterprise services for multiple departments. What benefit can this provide?,D,GIS&T BoK remediation: [KE-03-033] Organizational Models for GIS Management — https://gistbok-topics.ucgis.org/KE-03-033 | Blueprint domain resource: https://geospacebok.eu/OI
2,B,More Challenging,26,"Platforms, Sensors, Physics & Image Processing","During QA/QC, an analyst must decide which GIS concept or method applies. Which interpretation cue describes frequency of tonal change, such as smooth water versus coarse forest canopy?",B,GIS&T BoK remediation: [DC-04-012] Fundamentals of Aerial Photo Interpretation — https://gistbok-topics.ucgis.org/DC-04-012 | Blueprint domain resource: https://geospacebok.eu/PS | https://geospacebok.eu/PP | https://geospacebok.eu/IP
2,B,More Challenging,27,Cartography & Visualization,A planning or environmental GIS project encounters the following situation. Hillshade simulates what?,B,GIS&T BoK remediation: [CV-04-014] Terrain Representation — https://gistbok-topics.ucgis.org/CV-04-014 | Blueprint domain resource: https://geospacebok.eu/CV
2,B,More Challenging,28,Conceptual Foundations,A GIS analyst is completing a routine professional workflow. Why is uncertainty not identical to error?,D,GIS&T BoK remediation: [FC-07-024] Conceptual Models of Error and Uncertainty — https://gistbok-topics.ucgis.org/FC-07-024 | Blueprint domain resource: https://geospacebok.eu/CF
2,B,More Challenging,29,Conceptual Foundations,"A county GIS office is reviewing an analysis before publication. A geographic location has meaning because of identity, experience, and attachment. Which concept does this reflect?",C,GIS&T BoK remediation: [FC-03-006] Landscape and Place — https://gistbok-topics.ucgis.org/FC-03-006 | Blueprint domain resource: https://geospacebok.eu/CF
2,B,More Challenging,30,Conceptual Foundations,A student analyst has valid input data and must choose the next appropriate GIS step. Individual building footprints are most naturally conceptualized as what?,D,GIS&T BoK remediation: GIS&T BoK | Blueprint domain resource: https://geospacebok.eu/CF
2,B,More Challenging,31,Organizational & Institutional Aspects,A project team wants a defensible software-agnostic GIS approach. Which description correctly characterizes GIS governance?,A,GIS&T BoK remediation: [KE-03-021] System Modelling for Effective GIS Management — https://gistbok-topics.ucgis.org/KE-03-021 | Blueprint domain resource: https://geospacebok.eu/OI
2,B,More Challenging,32,Geospatial Data,"During QA/QC, an analyst must decide which GIS concept or method applies. Why is indoor localization difficult for ordinary GNSS?",B,GIS&T BoK remediation: [DC-02-039] Time-of-Arrival (TOA) Localization for Indoor GIS — https://gistbok-topics.ucgis.org/DC-02-039 | Blueprint domain resource: https://geospacebok.eu/GD
2,B,More Challenging,33,Cartography & Visualization,"A planning or environmental GIS project encounters the following situation. On a phone, which map-interface issue is especially important?",B,GIS&T BoK remediation: [CV-05-040] Mobile Maps and Responsive Design — https://gistbok-topics.ucgis.org/CV-05-040 | Blueprint domain resource: https://geospacebok.eu/CV
2,B,More Challenging,34,Data Modeling,A GIS analyst is completing a routine professional workflow. Which description correctly characterizes a logical data model?,A,GIS&T BoK remediation: [DM-01-035] Logical Data Models — https://gistbok-topics.ucgis.org/DM-01-035 | Blueprint domain resource: https://geospacebok.eu/DM
2,B,More Challenging,35,Conceptual Foundations,"A county GIS office is reviewing an analysis before publication. Why should the arithmetic mean generally not be calculated for land-cover class codes such as 11, 21, and 41?",B,GIS&T BoK remediation: [FC-04-010] GIS Data Properties — https://gistbok-topics.ucgis.org/FC-04-010 | Blueprint domain resource: https://geospacebok.eu/CF
2,B,More Challenging,36,"Platforms, Sensors, Physics & Image Processing",A student analyst has valid input data and must choose the next appropriate GIS step. Why can hyperspectral data distinguish materials that appear similar in RGB imagery?,B,GIS&T BoK remediation: [DC-03-031] Hyperspectral Remote Sensing — https://gistbok-topics.ucgis.org/DC-03-031 | Blueprint domain resource: https://geospacebok.eu/PS | https://geospacebok.eu/PP | https://geospacebok.eu/IP
2,B,More Challenging,37,Analytical Methods & GeoComputation,A project team wants a defensible software-agnostic GIS approach. A semivariogram has a large nugget relative to its sill. What does that often suggest?,C,GIS&T BoK remediation: [AM-04-029] Kriging Interpolation — https://gistbok-topics.ucgis.org/AM-04-029 | Blueprint domain resource: https://geospacebok.eu/AM | https://geospacebok.eu/GC
2,B,More Challenging,38,Data Modeling,"During QA/QC, an analyst must decide which GIS concept or method applies. Which description correctly characterizes a geospatial knowledge graph especially useful for?",B,GIS&T BoK remediation: [DM-01-092] Geospatial Knowledge Graphs — https://gistbok-topics.ucgis.org/DM-01-092 | Blueprint domain resource: https://geospacebok.eu/DM
2,B,More Challenging,39,Geospatial Data,A planning or environmental GIS project encounters the following situation. A scanned historical map has no coordinate reference. What is the first major step to integrate it with modern GIS layers?,B,GIS&T BoK remediation: [DC-02-036] Historical Maps in GIS — https://gistbok-topics.ucgis.org/DC-02-036 | Blueprint domain resource: https://geospacebok.eu/GD
2,B,More Challenging,40,Data Modeling,A GIS analyst is completing a routine professional workflow. What does First Normal Form primarily require?,A,GIS&T BoK remediation: [DM-01-003] Relational DBMS and their Spatial Extensions — https://gistbok-topics.ucgis.org/DM-01-003 | Blueprint domain resource: https://geospacebok.eu/DM
2,B,More Challenging,41,"Platforms, Sensors, Physics & Image Processing",A county GIS office is reviewing an analysis before publication. Why is consistent radiometric calibration important in multi-date change detection?,D,GIS&T BoK remediation: [DC-03-032] Landsat — https://gistbok-topics.ucgis.org/DC-03-032 | Blueprint domain resource: https://geospacebok.eu/PS | https://geospacebok.eu/PP | https://geospacebok.eu/IP
2,B,More Challenging,42,"Platforms, Sensors, Physics & Image Processing",A student analyst has valid input data and must choose the next appropriate GIS step. Which description correctly characterizes geometric correction concerned with?,A,GIS&T BoK remediation: GIS&T BoK | Blueprint domain resource: https://geospacebok.eu/PS | https://geospacebok.eu/PP | https://geospacebok.eu/IP
2,B,More Challenging,43,"Platforms, Sensors, Physics & Image Processing",A project team wants a defensible software-agnostic GIS approach. Which description correctly characterizes unsupervised image classification?,C,GIS&T BoK remediation: [DC-04-014] Feature Extraction from Satellite Imagery — https://gistbok-topics.ucgis.org/DC-04-014 | Blueprint domain resource: https://geospacebok.eu/PS | https://geospacebok.eu/PP | https://geospacebok.eu/IP
2,B,More Challenging,44,Thematic & Application Domains,"During QA/QC, an analyst must decide which GIS concept or method applies. A stormwater engineer wants to delineate drainage areas contributing runoff to inlets. Which workflow is appropriate?",D,GIS&T BoK remediation: [DA-004] GIS&T and Civil Engineering — https://gistbok-topics.ucgis.org/DA-004 | Blueprint domain resource: https://geospacebok.eu/TA
2,B,More Challenging,45,Conceptual Foundations,A planning or environmental GIS project encounters the following situation. Temporal accuracy or currency concerns what?,B,GIS&T BoK remediation: [AM-06-102] Volumes and Space-Time Volumes — https://gistbok-topics.ucgis.org/AM-06-102 | Blueprint domain resource: https://geospacebok.eu/CF
2,B,More Challenging,46,Analytical Methods & GeoComputation,A GIS analyst is completing a routine professional workflow. A noisy DEM should be smoothed by replacing each cell with the mean of its 3×3 neighborhood. Which raster operation is appropriate?,A,GIS&T BoK remediation: [AM-02-006] Grid Operations and Map Algebra — https://gistbok-topics.ucgis.org/AM-02-006 | Blueprint domain resource: https://geospacebok.eu/AM | https://geospacebok.eu/GC
2,B,More Challenging,47,Data Modeling,A county GIS office is reviewing an analysis before publication. A crash location is stored as route ID plus distance along the route. What is this referencing approach called?,B,GIS&T BoK remediation: [DM-05-016] Linear Referencing — https://gistbok-topics.ucgis.org/DM-05-016 | Blueprint domain resource: https://geospacebok.eu/DM
2,B,More Challenging,48,Organizational & Institutional Aspects,A student analyst has valid input data and must choose the next appropriate GIS step. Which description correctly characterizes the purpose of a project scope statement?,A,GIS&T BoK remediation: [KE-04-012] GIS&T Project Planning and Management — https://gistbok-topics.ucgis.org/KE-04-012 | Blueprint domain resource: https://geospacebok.eu/OI
2,B,More Challenging,49,Conceptual Foundations,A project team wants a defensible software-agnostic GIS approach. A world map of population density should prioritize which projection property?,D,GIS&T BoK remediation: [CV-03-006] Map Projections — https://gistbok-topics.ucgis.org/CV-03-006 | Blueprint domain resource: https://geospacebok.eu/CF
2,B,More Challenging,50,Organizational & Institutional Aspects,"During QA/QC, an analyst must decide which GIS concept or method applies. Which description correctly characterizes the strongest justification for retiring a legacy GIS workflow?",C,GIS&T BoK remediation: [KE-04-003] Strategic Planning for GIS Design — https://gistbok-topics.ucgis.org/KE-04-003 | Blueprint domain resource: https://geospacebok.eu/OI
2,B,More Challenging,51,Data Modeling,A planning or environmental GIS project encounters the following situation. A quadtree recursively subdivides space into what?,A,"GIS&T BoK remediation: [DM-03-072] Space-driven Structures: Grid, linear quadtree, and z-ordering tree files — https://gistbok-topics.ucgis.org/DM-03-072 | Blueprint domain resource: https://geospacebok.eu/DM"
2,B,More Challenging,52,"Platforms, Sensors, Physics & Image Processing",A GIS analyst is completing a routine professional workflow. Why is image overlap important for Structure-from-Motion?,D,GIS&T BoK remediation: [DC-04-038] Structure from Motion Photogrammetry — https://gistbok-topics.ucgis.org/DC-04-038 | Blueprint domain resource: https://geospacebok.eu/PS | https://geospacebok.eu/PP | https://geospacebok.eu/IP
2,B,More Challenging,53,Geospatial Data,A county GIS office is reviewing an analysis before publication. A text post says traffic is stopped near 5th and Market. What must a GIS workflow do before mapping it reliably?,D,GIS&T BoK remediation: [DC-02-037] Texts — https://gistbok-topics.ucgis.org/DC-02-037 | Blueprint domain resource: https://geospacebok.eu/GD
2,B,More Challenging,54,Cartography & Visualization,A student analyst has valid input data and must choose the next appropriate GIS step. Why can mapping raw counts in choropleth polygons be misleading?,D,"GIS&T BoK remediation: [CV-03-005] Statistical Mapping (Enumeration, Normalization, Classification) — https://gistbok-topics.ucgis.org/CV-03-005 | Blueprint domain resource: https://geospacebok.eu/CV"
2,B,More Challenging,55,Conceptual Foundations,A project team wants a defensible software-agnostic GIS approach. A one-way street edge allows eastbound travel but prohibits westbound travel. What property is being modeled?,A,GIS&T BoK remediation: [FC-05-014] Directional Operations — https://gistbok-topics.ucgis.org/FC-05-014 | Blueprint domain resource: https://geospacebok.eu/CF
2,B,More Challenging,56,Design of Systems,"During QA/QC, an analyst must decide which GIS concept or method applies. Which description correctly characterizes inheritance in object-oriented design?",C,GIS&T BoK remediation: [PD-01-021] Object-Oriented Programming in GIS Applications — https://gistbok-topics.ucgis.org/PD-01-021 | Blueprint domain resource: https://geospacebok.eu/DA
2,B,More Challenging,57,Analytical Methods & GeoComputation,"A planning or environmental GIS project encounters the following situation. A fire department wants polygons representing areas reachable within 4, 8, and 12 minutes from each station. Which analysis is appropriate?",B,GIS&T BoK remediation: [AM-05-043] Location and Service Area Problems — https://gistbok-topics.ucgis.org/AM-05-043 | Blueprint domain resource: https://geospacebok.eu/AM | https://geospacebok.eu/GC
2,B,More Challenging,58,Web-Based GIS,A GIS analyst is completing a routine professional workflow. A web client needs editable vector features with geometry and attributes rather than rendered images. Which service type best fits?,D,GIS&T BoK remediation: [CP-04-014] Web GIS — https://gistbok-topics.ucgis.org/CP-04-014 | Blueprint domain resource: https://geospacebok.eu/WB
2,B,More Challenging,59,Analytical Methods & GeoComputation,A county GIS office is reviewing an analysis before publication. A disease-rate map has extreme values in areas with very small populations. What should an analyst consider before interpreting clusters?,C,GIS&T BoK remediation: [AM-03-011] Spatial Statistics — https://gistbok-topics.ucgis.org/AM-03-011 | Blueprint domain resource: https://geospacebok.eu/AM | https://geospacebok.eu/GC
2,B,More Challenging,60,Geospatial Data,A student analyst has valid input data and must choose the next appropriate GIS step. A field survey stores measurements with many more decimal places than the instrument supports. What is the main concern?,D,"GIS&T BoK remediation: [DM-07-057] Data Evaluation, Metadata, and Data Quality — https://gistbok-topics.ucgis.org/DM-07-057 | Blueprint domain resource: https://geospacebok.eu/GD"
2,B,More Challenging,61,Analytical Methods & GeoComputation,"A project team wants a defensible software-agnostic GIS approach. Observed Ripley’s K values are above the upper simulation envelope from 500 to 1,000 m. What does this indicate?",C,GIS&T BoK remediation: [AM-03-007] Point Pattern Analysis — https://gistbok-topics.ucgis.org/AM-03-007 | Blueprint domain resource: https://geospacebok.eu/AM | https://geospacebok.eu/GC
2,B,More Challenging,62,Analytical Methods & GeoComputation,"During QA/QC, an analyst must decide which GIS concept or method applies. A city boundary is overlaid on land-use polygons so all land-use geometry remains but city attributes are transferred where they overlap. Which operation best matches this behavior?",B,GIS&T BoK remediation: [AM-02-004] Overlay — https://gistbok-topics.ucgis.org/AM-02-004 | Blueprint domain resource: https://geospacebok.eu/AM | https://geospacebok.eu/GC
2,B,More Challenging,63,Geospatial Data,A planning or environmental GIS project encounters the following situation. Why can longer static GNSS observation sessions improve a survey solution?,A,GIS&T BoK remediation: [DC-02-003] Global Navigation Satellite Systems — https://gistbok-topics.ucgis.org/DC-02-003 | Blueprint domain resource: https://geospacebok.eu/GD
2,B,More Challenging,64,Design of Systems,A GIS analyst is completing a routine professional workflow. Why is JavaScript central to interactive web mapping?,C,GIS&T BoK remediation: [PD-05-032] JavaScript for GIS — https://gistbok-topics.ucgis.org/PD-05-032 | Blueprint domain resource: https://geospacebok.eu/DA
2,B,More Challenging,65,Analytical Methods & GeoComputation,A county GIS office is reviewing an analysis before publication. A smooth elevation surface should pass exactly through measured sample points and some overshoot is acceptable. Which method is a good candidate?,C,GIS&T BoK remediation: [AM-04-071] Splines and Radial Basis Functions Interpolation — https://gistbok-topics.ucgis.org/AM-04-071 | Blueprint domain resource: https://geospacebok.eu/AM | https://geospacebok.eu/GC
2,B,More Challenging,66,Organizational & Institutional Aspects,A student analyst has valid input data and must choose the next appropriate GIS step. Which description correctly characterizes a requirements traceability matrix useful for?,D,GIS&T BoK remediation: [KE-04-001] The process of GIS&T design — https://gistbok-topics.ucgis.org/KE-04-001 | Blueprint domain resource: https://geospacebok.eu/OI
2,B,More Challenging,67,Analytical Methods & GeoComputation,A project team wants a defensible software-agnostic GIS approach. Very high values in a flow-accumulation raster usually indicate what?,B,GIS&T BoK remediation: [AM-04-066] Watersheds and Drainage Networks — https://gistbok-topics.ucgis.org/AM-04-066 | Blueprint domain resource: https://geospacebok.eu/AM | https://geospacebok.eu/GC
2,B,More Challenging,68,Design of Systems,"During QA/QC, an analyst must decide which GIS concept or method applies. Why does spatial partitioning matter in a distributed spatial join?",B,GIS&T BoK remediation: [CP-04-007] Spatial MapReduce — https://gistbok-topics.ucgis.org/CP-04-007 | Blueprint domain resource: https://geospacebok.eu/DA
2,B,More Challenging,69,Analytical Methods & GeoComputation,A planning or environmental GIS project encounters the following situation. User’s accuracy for a mapped class is low. What does that indicate?,C,GIS&T BoK remediation: [AM-09-104] Thematic Accuracy Assessment — https://gistbok-topics.ucgis.org/AM-09-104 | Blueprint domain resource: https://geospacebok.eu/AM | https://geospacebok.eu/GC
2,B,More Challenging,70,Data Modeling,A GIS analyst is completing a routine professional workflow. A spatial join transfers census-tract attributes to address points based on containment. What drives the match?,C,GIS&T BoK remediation: [DM-04-077] Spatial Joins — https://gistbok-topics.ucgis.org/DM-04-077 | Blueprint domain resource: https://geospacebok.eu/DM
2,B,More Challenging,71,Cartography & Visualization,A county GIS office is reviewing an analysis before publication. Why should interactive maps provide visible feedback after user actions?,D,GIS&T BoK remediation: GIS&T BoK | Blueprint domain resource: https://geospacebok.eu/CV
2,B,More Challenging,72,Cartography & Visualization,A student analyst has valid input data and must choose the next appropriate GIS step. Which description correctly characterizes cartographic generalization?,D,GIS&T BoK remediation: [CV-03-004] Scale and Generalization — https://gistbok-topics.ucgis.org/CV-03-004 | Blueprint domain resource: https://geospacebok.eu/CV
2,B,More Challenging,73,Conceptual Foundations,A project team wants a defensible software-agnostic GIS approach. Which variable is measured on an interval scale rather than a ratio scale?,C,GIS&T BoK remediation: [FC-04-010] GIS Data Properties — https://gistbok-topics.ucgis.org/FC-04-010 | Blueprint domain resource: https://geospacebok.eu/CF
2,B,More Challenging,74,Cartography & Visualization,"During QA/QC, an analyst must decide which GIS concept or method applies. A map icon must remain recognizable at small size. Which design principle helps most?",A,GIS&T BoK remediation: [CV-04-034] Map Icon Design — https://gistbok-topics.ucgis.org/CV-04-034 | Blueprint domain resource: https://geospacebok.eu/CV
2,B,More Challenging,75,Geospatial Data,A planning or environmental GIS project encounters the following situation. What does orthorectification attempt to remove from aerial or satellite imagery?,A,GIS&T BoK remediation: [DC-01-030] Georeferencing and Georectification — https://gistbok-topics.ucgis.org/DC-01-030 | Blueprint domain resource: https://geospacebok.eu/GD
2,C,Difficult,1,Design of Systems,"Which option would be the strongest methodological choice for this GIS task, recognizing that the alternatives are also legitimate GIS techniques? What does verification ask in software or model development?",B,GIS&T BoK remediation: [PD-02-025] Verification & Validation of Applied GIS Research — https://gistbok-topics.ucgis.org/PD-02-025 | Blueprint domain resource: https://geospacebok.eu/DA
2,C,Difficult,2,"Platforms, Sensors, Physics & Image Processing",A GIS analyst must choose among several technically plausible approaches. Select the best option for the stated objective. LiDAR range is fundamentally estimated from what?,C,GIS&T BoK remediation: [DC-03-027] Light Detection and Ranging (LiDAR) — https://gistbok-topics.ucgis.org/DC-03-027 | Blueprint domain resource: https://geospacebok.eu/PS | https://geospacebok.eu/PP | https://geospacebok.eu/IP
2,C,Difficult,3,Data Modeling,Assume the input data are valid and appropriately projected unless stated otherwise. Which approach best satisfies the analytical requirement? A tax table stores ParcelID values that reference ParcelID in a parcel table. What role does ParcelID play in the tax table?,B,GIS&T BoK remediation: [DM-01-003] Relational DBMS and their Spatial Extensions — https://gistbok-topics.ucgis.org/DM-01-003 | Blueprint domain resource: https://geospacebok.eu/DM
2,C,Difficult,4,Design of Systems,"A project team is documenting a defensible professional workflow. Several choices could produce related outputs; choose the one that most directly answers the question. In this context, which statement most accurately describes cyberinfrastructure in GIScience intended to support?",B,GIS&T BoK remediation: [CP-01-013] Cyberinfrastructure — https://gistbok-topics.ucgis.org/CP-01-013 | Blueprint domain resource: https://geospacebok.eu/DA
2,C,Difficult,5,GI & Society,The analyst wants to avoid a method that is merely convenient but does not exactly match the stated spatial or statistical objective. Which answer is best? Why should equity analysis consider accessibility as well as geographic distribution?,B,GIS&T BoK remediation: [GS-02-026] Mapping Spatial Justice for Marginal Societies — https://gistbok-topics.ucgis.org/GS-02-026 | Blueprint domain resource: https://geospacebok.eu/GS
2,C,Difficult,6,Geospatial Data,"Choose the most appropriate method given the stated assumptions and intended interpretation, not simply a method that could produce a visually similar result. A systematic spatial sample uses points every 1 km. What risk can occur if the phenomenon has a similar periodic pattern?",B,GIS&T BoK remediation: [AM-03-026] Spatial Sampling for Spatial Analysis — https://gistbok-topics.ucgis.org/AM-03-026 | Blueprint domain resource: https://geospacebok.eu/GD
2,C,Difficult,7,Conceptual Foundations,"Which option would be the strongest methodological choice for this GIS task, recognizing that the alternatives are also legitimate GIS techniques? Which relationship is topological rather than metric?",C,GIS&T BoK remediation: [FC-05-018] Adjacency and Connectivity — https://gistbok-topics.ucgis.org/FC-05-018 | Blueprint domain resource: https://geospacebok.eu/CF
2,C,Difficult,8,Data Modeling,"A GIS analyst must choose among several technically plausible approaches. Select the best option for the stated objective. In this context, which statement most accurately describes the main purpose of a database transaction?",C,GIS&T BoK remediation: [DM-06-089] Transaction Management — https://gistbok-topics.ucgis.org/DM-06-089 | Blueprint domain resource: https://geospacebok.eu/DM
2,C,Difficult,9,Cartography & Visualization,Assume the input data are valid and appropriately projected unless stated otherwise. Which approach best satisfies the analytical requirement? A dashboard has five coordinated maps and charts but users cannot identify the main message. What design problem is most likely?,C,GIS&T BoK remediation: [CV-03-029] Design and Aesthetics — https://gistbok-topics.ucgis.org/CV-03-029 | Blueprint domain resource: https://geospacebok.eu/CV
2,C,Difficult,10,Cartography & Visualization,A project team is documenting a defensible professional workflow. Several choices could produce related outputs; choose the one that most directly answers the question. Equal-interval classification divides what into equal-width classes?,C,"GIS&T BoK remediation: [CV-03-005] Statistical Mapping (Enumeration, Normalization, Classification) — https://gistbok-topics.ucgis.org/CV-03-005 | Blueprint domain resource: https://geospacebok.eu/CV"
2,C,Difficult,11,Geospatial Data,"The analyst wants to avoid a method that is merely convenient but does not exactly match the stated spatial or statistical objective. Which answer is best? A social-media post contains coordinates, but they may indicate where the message was sent rather than where the reported event occurred. What issue is this?",C,GIS&T BoK remediation: [DC-02-004] Social Media Platforms — https://gistbok-topics.ucgis.org/DC-02-004 | Blueprint domain resource: https://geospacebok.eu/GD
2,C,Difficult,12,Thematic & Application Domains,"Choose the most appropriate method given the stated assumptions and intended interpretation, not simply a method that could produce a visually similar result. A planning agency wants parcels satisfying zoning, minimum area, transit proximity, and flood-risk constraints. Which method is most appropriate?",D,GIS&T BoK remediation: [AM-03-013] Multi-Criteria Evaluation — https://gistbok-topics.ucgis.org/AM-03-013 | Blueprint domain resource: https://geospacebok.eu/TA
2,C,Difficult,13,GI & Society,"Which option would be the strongest methodological choice for this GIS task, recognizing that the alternatives are also legitimate GIS techniques? A map is numerically accurate but uses a classification selected to exaggerate a political message. What ethical issue is present?",D,GIS&T BoK remediation: [GS-03-014] GIS and Critical Ethics — https://gistbok-topics.ucgis.org/GS-03-014 | Blueprint domain resource: https://geospacebok.eu/GS
2,C,Difficult,14,Data Modeling,A GIS analyst must choose among several technically plausible approaches. Select the best option for the stated objective. A query asks for parcels intersecting a floodplain. What type of query is this?,D,GIS&T BoK remediation: [DM-03-075] Defining and Designing Spatial Queries — https://gistbok-topics.ucgis.org/DM-03-075 | Blueprint domain resource: https://geospacebok.eu/DM
2,C,Difficult,15,Conceptual Foundations,Assume the input data are valid and appropriately projected unless stated otherwise. Which approach best satisfies the analytical requirement? Why are ontologies useful in GIS?,C,GIS&T BoK remediation: [FC-03-001] Foundational Ontologies — https://gistbok-topics.ucgis.org/FC-03-001 | Blueprint domain resource: https://geospacebok.eu/CF
2,C,Difficult,16,Conceptual Foundations,A project team is documenting a defensible professional workflow. Several choices could produce related outputs; choose the one that most directly answers the question. Longitude expresses angular position east or west of what reference?,D,GIS&T BoK remediation: [DM-05-047] Geographic Coordinate Systems — https://gistbok-topics.ucgis.org/DM-05-047 | Blueprint domain resource: https://geospacebok.eu/CF
2,C,Difficult,17,Analytical Methods & GeoComputation,The analyst wants to avoid a method that is merely convenient but does not exactly match the stated spatial or statistical objective. Which answer is best? A cellular automaton changes each cell state from its current state and neighboring cells over discrete time steps. What type of model is this?,C,GIS&T BoK remediation: [AM-07-069] Cellular Automata — https://gistbok-topics.ucgis.org/AM-07-069 | Blueprint domain resource: https://geospacebok.eu/AM | https://geospacebok.eu/GC
2,C,Difficult,18,Analytical Methods & GeoComputation,"Choose the most appropriate method given the stated assumptions and intended interpretation, not simply a method that could produce a visually similar result. A destination has twice the attractiveness but all else is equal in a simple gravity-style interaction model. What should generally happen to predicted interaction?",D,GIS&T BoK remediation: [AM-03-010] Spatial Interaction — https://gistbok-topics.ucgis.org/AM-03-010 | Blueprint domain resource: https://geospacebok.eu/AM | https://geospacebok.eu/GC
2,C,Difficult,19,"Platforms, Sensors, Physics & Image Processing","Which option would be the strongest methodological choice for this GIS task, recognizing that the alternatives are also legitimate GIS techniques? Which formula correctly defines NDVI?",C,GIS&T BoK remediation: GIS&T BoK | Blueprint domain resource: https://geospacebok.eu/PS | https://geospacebok.eu/PP | https://geospacebok.eu/IP
2,C,Difficult,20,Thematic & Application Domains,A GIS analyst must choose among several technically plausible approaches. Select the best option for the stated objective. A city uses 311 reports to locate recurring service problems. What should analysts consider before treating report density as true incident density?,A,GIS&T BoK remediation: [CP-03-010] Social Media Analytics — https://gistbok-topics.ucgis.org/CP-03-010 | Blueprint domain resource: https://geospacebok.eu/TA
2,C,Difficult,21,Analytical Methods & GeoComputation,Assume the input data are valid and appropriately projected unless stated otherwise. Which approach best satisfies the analytical requirement? A water utility wants to identify septic systems within 60 m of wells. Which analysis is most appropriate?,D,GIS&T BoK remediation: [AM-02-003] Buffers — https://gistbok-topics.ucgis.org/AM-02-003 | Blueprint domain resource: https://geospacebok.eu/AM | https://geospacebok.eu/GC
2,C,Difficult,22,Thematic & Application Domains,"A project team is documenting a defensible professional workflow. Several choices could produce related outputs; choose the one that most directly answers the question. A utility prioritizes aging pipes using failure history, material, soil, and consequence of failure. What is GIS supporting?",A,GIS&T BoK remediation: [DA-004] GIS&T and Civil Engineering — https://gistbok-topics.ucgis.org/DA-004 | Blueprint domain resource: https://geospacebok.eu/TA
2,C,Difficult,23,Design of Systems,The analyst wants to avoid a method that is merely convenient but does not exactly match the stated spatial or statistical objective. Which answer is best? Object-oriented programming organizes software primarily around what?,D,GIS&T BoK remediation: [PD-01-021] Object-Oriented Programming in GIS Applications — https://gistbok-topics.ucgis.org/PD-01-021 | Blueprint domain resource: https://geospacebok.eu/DA
2,C,Difficult,24,Analytical Methods & GeoComputation,"Choose the most appropriate method given the stated assumptions and intended interpretation, not simply a method that could produce a visually similar result. Which LiDAR information is most useful for building a bare-earth DTM beneath vegetation?",B,GIS&T BoK remediation: [AM-04-099] LiDAR Point Cloud Analysis — https://gistbok-topics.ucgis.org/AM-04-099 | Blueprint domain resource: https://geospacebok.eu/AM | https://geospacebok.eu/GC
2,C,Difficult,25,Organizational & Institutional Aspects,"Which option would be the strongest methodological choice for this GIS task, recognizing that the alternatives are also legitimate GIS techniques? A centralized GIS unit sets standards and hosts enterprise services for multiple departments. What benefit can this provide?",C,GIS&T BoK remediation: [KE-03-033] Organizational Models for GIS Management — https://gistbok-topics.ucgis.org/KE-03-033 | Blueprint domain resource: https://geospacebok.eu/OI
2,C,Difficult,26,"Platforms, Sensors, Physics & Image Processing","A GIS analyst must choose among several technically plausible approaches. Select the best option for the stated objective. Which interpretation cue describes frequency of tonal change, such as smooth water versus coarse forest canopy?",B,GIS&T BoK remediation: [DC-04-012] Fundamentals of Aerial Photo Interpretation — https://gistbok-topics.ucgis.org/DC-04-012 | Blueprint domain resource: https://geospacebok.eu/PS | https://geospacebok.eu/PP | https://geospacebok.eu/IP
2,C,Difficult,27,Cartography & Visualization,Assume the input data are valid and appropriately projected unless stated otherwise. Which approach best satisfies the analytical requirement? Hillshade simulates what?,B,GIS&T BoK remediation: [CV-04-014] Terrain Representation — https://gistbok-topics.ucgis.org/CV-04-014 | Blueprint domain resource: https://geospacebok.eu/CV
2,C,Difficult,28,Conceptual Foundations,A project team is documenting a defensible professional workflow. Several choices could produce related outputs; choose the one that most directly answers the question. Why is uncertainty not identical to error?,A,GIS&T BoK remediation: [FC-07-024] Conceptual Models of Error and Uncertainty — https://gistbok-topics.ucgis.org/FC-07-024 | Blueprint domain resource: https://geospacebok.eu/CF
2,C,Difficult,29,Conceptual Foundations,"The analyst wants to avoid a method that is merely convenient but does not exactly match the stated spatial or statistical objective. Which answer is best? A geographic location has meaning because of identity, experience, and attachment. Which concept does this reflect?",A,GIS&T BoK remediation: [FC-03-006] Landscape and Place — https://gistbok-topics.ucgis.org/FC-03-006 | Blueprint domain resource: https://geospacebok.eu/CF
2,C,Difficult,30,Conceptual Foundations,"Choose the most appropriate method given the stated assumptions and intended interpretation, not simply a method that could produce a visually similar result. Individual building footprints are most naturally conceptualized as what?",B,GIS&T BoK remediation: GIS&T BoK | Blueprint domain resource: https://geospacebok.eu/CF
2,C,Difficult,31,Organizational & Institutional Aspects,"Which option would be the strongest methodological choice for this GIS task, recognizing that the alternatives are also legitimate GIS techniques? In this context, which statement most accurately describes GIS governance?",D,GIS&T BoK remediation: [KE-03-021] System Modelling for Effective GIS Management — https://gistbok-topics.ucgis.org/KE-03-021 | Blueprint domain resource: https://geospacebok.eu/OI
2,C,Difficult,32,Geospatial Data,A GIS analyst must choose among several technically plausible approaches. Select the best option for the stated objective. Why is indoor localization difficult for ordinary GNSS?,C,GIS&T BoK remediation: [DC-02-039] Time-of-Arrival (TOA) Localization for Indoor GIS — https://gistbok-topics.ucgis.org/DC-02-039 | Blueprint domain resource: https://geospacebok.eu/GD
2,C,Difficult,33,Cartography & Visualization,"Assume the input data are valid and appropriately projected unless stated otherwise. Which approach best satisfies the analytical requirement? On a phone, which map-interface issue is especially important?",B,GIS&T BoK remediation: [CV-05-040] Mobile Maps and Responsive Design — https://gistbok-topics.ucgis.org/CV-05-040 | Blueprint domain resource: https://geospacebok.eu/CV
2,C,Difficult,34,Data Modeling,"A project team is documenting a defensible professional workflow. Several choices could produce related outputs; choose the one that most directly answers the question. In this context, which statement most accurately describes a logical data model?",D,GIS&T BoK remediation: [DM-01-035] Logical Data Models — https://gistbok-topics.ucgis.org/DM-01-035 | Blueprint domain resource: https://geospacebok.eu/DM
2,C,Difficult,35,Conceptual Foundations,"The analyst wants to avoid a method that is merely convenient but does not exactly match the stated spatial or statistical objective. Which answer is best? Why should the arithmetic mean generally not be calculated for land-cover class codes such as 11, 21, and 41?",B,GIS&T BoK remediation: [FC-04-010] GIS Data Properties — https://gistbok-topics.ucgis.org/FC-04-010 | Blueprint domain resource: https://geospacebok.eu/CF
2,C,Difficult,36,"Platforms, Sensors, Physics & Image Processing","Choose the most appropriate method given the stated assumptions and intended interpretation, not simply a method that could produce a visually similar result. Why can hyperspectral data distinguish materials that appear similar in RGB imagery?",A,GIS&T BoK remediation: [DC-03-031] Hyperspectral Remote Sensing — https://gistbok-topics.ucgis.org/DC-03-031 | Blueprint domain resource: https://geospacebok.eu/PS | https://geospacebok.eu/PP | https://geospacebok.eu/IP
2,C,Difficult,37,Analytical Methods & GeoComputation,"Which option would be the strongest methodological choice for this GIS task, recognizing that the alternatives are also legitimate GIS techniques? A semivariogram has a large nugget relative to its sill. What does that often suggest?",B,GIS&T BoK remediation: [AM-04-029] Kriging Interpolation — https://gistbok-topics.ucgis.org/AM-04-029 | Blueprint domain resource: https://geospacebok.eu/AM | https://geospacebok.eu/GC
2,C,Difficult,38,Data Modeling,"A GIS analyst must choose among several technically plausible approaches. Select the best option for the stated objective. In this context, which statement most accurately describes a geospatial knowledge graph especially useful for?",B,GIS&T BoK remediation: [DM-01-092] Geospatial Knowledge Graphs — https://gistbok-topics.ucgis.org/DM-01-092 | Blueprint domain resource: https://geospacebok.eu/DM
2,C,Difficult,39,Geospatial Data,Assume the input data are valid and appropriately projected unless stated otherwise. Which approach best satisfies the analytical requirement? A scanned historical map has no coordinate reference. What is the first major step to integrate it with modern GIS layers?,B,GIS&T BoK remediation: [DC-02-036] Historical Maps in GIS — https://gistbok-topics.ucgis.org/DC-02-036 | Blueprint domain resource: https://geospacebok.eu/GD
2,C,Difficult,40,Data Modeling,A project team is documenting a defensible professional workflow. Several choices could produce related outputs; choose the one that most directly answers the question. What does First Normal Form primarily require?,B,GIS&T BoK remediation: [DM-01-003] Relational DBMS and their Spatial Extensions — https://gistbok-topics.ucgis.org/DM-01-003 | Blueprint domain resource: https://geospacebok.eu/DM
2,C,Difficult,41,"Platforms, Sensors, Physics & Image Processing",The analyst wants to avoid a method that is merely convenient but does not exactly match the stated spatial or statistical objective. Which answer is best? Why is consistent radiometric calibration important in multi-date change detection?,D,GIS&T BoK remediation: [DC-03-032] Landsat — https://gistbok-topics.ucgis.org/DC-03-032 | Blueprint domain resource: https://geospacebok.eu/PS | https://geospacebok.eu/PP | https://geospacebok.eu/IP
2,C,Difficult,42,"Platforms, Sensors, Physics & Image Processing","Choose the most appropriate method given the stated assumptions and intended interpretation, not simply a method that could produce a visually similar result. In this context, which statement most accurately describes geometric correction concerned with?",A,GIS&T BoK remediation: GIS&T BoK | Blueprint domain resource: https://geospacebok.eu/PS | https://geospacebok.eu/PP | https://geospacebok.eu/IP
2,C,Difficult,43,"Platforms, Sensors, Physics & Image Processing","Which option would be the strongest methodological choice for this GIS task, recognizing that the alternatives are also legitimate GIS techniques? In this context, which statement most accurately describes unsupervised image classification?",C,GIS&T BoK remediation: [DC-04-014] Feature Extraction from Satellite Imagery — https://gistbok-topics.ucgis.org/DC-04-014 | Blueprint domain resource: https://geospacebok.eu/PS | https://geospacebok.eu/PP | https://geospacebok.eu/IP
2,C,Difficult,44,Thematic & Application Domains,A GIS analyst must choose among several technically plausible approaches. Select the best option for the stated objective. A stormwater engineer wants to delineate drainage areas contributing runoff to inlets. Which workflow is appropriate?,A,GIS&T BoK remediation: [DA-004] GIS&T and Civil Engineering — https://gistbok-topics.ucgis.org/DA-004 | Blueprint domain resource: https://geospacebok.eu/TA
2,C,Difficult,45,Conceptual Foundations,Assume the input data are valid and appropriately projected unless stated otherwise. Which approach best satisfies the analytical requirement? Temporal accuracy or currency concerns what?,C,GIS&T BoK remediation: [AM-06-102] Volumes and Space-Time Volumes — https://gistbok-topics.ucgis.org/AM-06-102 | Blueprint domain resource: https://geospacebok.eu/CF
2,C,Difficult,46,Analytical Methods & GeoComputation,A project team is documenting a defensible professional workflow. Several choices could produce related outputs; choose the one that most directly answers the question. A noisy DEM should be smoothed by replacing each cell with the mean of its 3×3 neighborhood. Which raster operation is appropriate?,D,GIS&T BoK remediation: [AM-02-006] Grid Operations and Map Algebra — https://gistbok-topics.ucgis.org/AM-02-006 | Blueprint domain resource: https://geospacebok.eu/AM | https://geospacebok.eu/GC
2,C,Difficult,47,Data Modeling,The analyst wants to avoid a method that is merely convenient but does not exactly match the stated spatial or statistical objective. Which answer is best? A crash location is stored as route ID plus distance along the route. What is this referencing approach called?,C,GIS&T BoK remediation: [DM-05-016] Linear Referencing — https://gistbok-topics.ucgis.org/DM-05-016 | Blueprint domain resource: https://geospacebok.eu/DM
2,C,Difficult,48,Organizational & Institutional Aspects,"Choose the most appropriate method given the stated assumptions and intended interpretation, not simply a method that could produce a visually similar result. In this context, which statement most accurately describes the purpose of a project scope statement?",C,GIS&T BoK remediation: [KE-04-012] GIS&T Project Planning and Management — https://gistbok-topics.ucgis.org/KE-04-012 | Blueprint domain resource: https://geospacebok.eu/OI
2,C,Difficult,49,Conceptual Foundations,"Which option would be the strongest methodological choice for this GIS task, recognizing that the alternatives are also legitimate GIS techniques? A world map of population density should prioritize which projection property?",D,GIS&T BoK remediation: [CV-03-006] Map Projections — https://gistbok-topics.ucgis.org/CV-03-006 | Blueprint domain resource: https://geospacebok.eu/CF
2,C,Difficult,50,Organizational & Institutional Aspects,"A GIS analyst must choose among several technically plausible approaches. Select the best option for the stated objective. In this context, which statement most accurately describes the strongest justification for retiring a legacy GIS workflow?",A,GIS&T BoK remediation: [KE-04-003] Strategic Planning for GIS Design — https://gistbok-topics.ucgis.org/KE-04-003 | Blueprint domain resource: https://geospacebok.eu/OI
2,C,Difficult,51,Data Modeling,Assume the input data are valid and appropriately projected unless stated otherwise. Which approach best satisfies the analytical requirement? A quadtree recursively subdivides space into what?,C,"GIS&T BoK remediation: [DM-03-072] Space-driven Structures: Grid, linear quadtree, and z-ordering tree files — https://gistbok-topics.ucgis.org/DM-03-072 | Blueprint domain resource: https://geospacebok.eu/DM"
2,C,Difficult,52,"Platforms, Sensors, Physics & Image Processing",A project team is documenting a defensible professional workflow. Several choices could produce related outputs; choose the one that most directly answers the question. Why is image overlap important for Structure-from-Motion?,A,GIS&T BoK remediation: [DC-04-038] Structure from Motion Photogrammetry — https://gistbok-topics.ucgis.org/DC-04-038 | Blueprint domain resource: https://geospacebok.eu/PS | https://geospacebok.eu/PP | https://geospacebok.eu/IP
2,C,Difficult,53,Geospatial Data,The analyst wants to avoid a method that is merely convenient but does not exactly match the stated spatial or statistical objective. Which answer is best? A text post says traffic is stopped near 5th and Market. What must a GIS workflow do before mapping it reliably?,D,GIS&T BoK remediation: [DC-02-037] Texts — https://gistbok-topics.ucgis.org/DC-02-037 | Blueprint domain resource: https://geospacebok.eu/GD
2,C,Difficult,54,Cartography & Visualization,"Choose the most appropriate method given the stated assumptions and intended interpretation, not simply a method that could produce a visually similar result. Why can mapping raw counts in choropleth polygons be misleading?",D,"GIS&T BoK remediation: [CV-03-005] Statistical Mapping (Enumeration, Normalization, Classification) — https://gistbok-topics.ucgis.org/CV-03-005 | Blueprint domain resource: https://geospacebok.eu/CV"
2,C,Difficult,55,Conceptual Foundations,"Which option would be the strongest methodological choice for this GIS task, recognizing that the alternatives are also legitimate GIS techniques? A one-way street edge allows eastbound travel but prohibits westbound travel. What property is being modeled?",A,GIS&T BoK remediation: [FC-05-014] Directional Operations — https://gistbok-topics.ucgis.org/FC-05-014 | Blueprint domain resource: https://geospacebok.eu/CF
2,C,Difficult,56,Design of Systems,"A GIS analyst must choose among several technically plausible approaches. Select the best option for the stated objective. In this context, which statement most accurately describes inheritance in object-oriented design?",D,GIS&T BoK remediation: [PD-01-021] Object-Oriented Programming in GIS Applications — https://gistbok-topics.ucgis.org/PD-01-021 | Blueprint domain resource: https://geospacebok.eu/DA
2,C,Difficult,57,Analytical Methods & GeoComputation,"Assume the input data are valid and appropriately projected unless stated otherwise. Which approach best satisfies the analytical requirement? A fire department wants polygons representing areas reachable within 4, 8, and 12 minutes from each station. Which analysis is appropriate?",D,GIS&T BoK remediation: [AM-05-043] Location and Service Area Problems — https://gistbok-topics.ucgis.org/AM-05-043 | Blueprint domain resource: https://geospacebok.eu/AM | https://geospacebok.eu/GC
2,C,Difficult,58,Web-Based GIS,A project team is documenting a defensible professional workflow. Several choices could produce related outputs; choose the one that most directly answers the question. A web client needs editable vector features with geometry and attributes rather than rendered images. Which service type best fits?,C,GIS&T BoK remediation: [CP-04-014] Web GIS — https://gistbok-topics.ucgis.org/CP-04-014 | Blueprint domain resource: https://geospacebok.eu/WB
2,C,Difficult,59,Analytical Methods & GeoComputation,The analyst wants to avoid a method that is merely convenient but does not exactly match the stated spatial or statistical objective. Which answer is best? A disease-rate map has extreme values in areas with very small populations. What should an analyst consider before interpreting clusters?,C,GIS&T BoK remediation: [AM-03-011] Spatial Statistics — https://gistbok-topics.ucgis.org/AM-03-011 | Blueprint domain resource: https://geospacebok.eu/AM | https://geospacebok.eu/GC
2,C,Difficult,60,Geospatial Data,"Choose the most appropriate method given the stated assumptions and intended interpretation, not simply a method that could produce a visually similar result. A field survey stores measurements with many more decimal places than the instrument supports. What is the main concern?",B,"GIS&T BoK remediation: [DM-07-057] Data Evaluation, Metadata, and Data Quality — https://gistbok-topics.ucgis.org/DM-07-057 | Blueprint domain resource: https://geospacebok.eu/GD"
2,C,Difficult,61,Analytical Methods & GeoComputation,"Which option would be the strongest methodological choice for this GIS task, recognizing that the alternatives are also legitimate GIS techniques? Observed Ripley’s K values are above the upper simulation envelope from 500 to 1,000 m. What does this indicate?",D,GIS&T BoK remediation: [AM-03-007] Point Pattern Analysis — https://gistbok-topics.ucgis.org/AM-03-007 | Blueprint domain resource: https://geospacebok.eu/AM | https://geospacebok.eu/GC
2,C,Difficult,62,Analytical Methods & GeoComputation,A GIS analyst must choose among several technically plausible approaches. Select the best option for the stated objective. A city boundary is overlaid on land-use polygons so all land-use geometry remains but city attributes are transferred where they overlap. Which operation best matches this behavior?,A,GIS&T BoK remediation: [AM-02-004] Overlay — https://gistbok-topics.ucgis.org/AM-02-004 | Blueprint domain resource: https://geospacebok.eu/AM | https://geospacebok.eu/GC
2,C,Difficult,63,Geospatial Data,Assume the input data are valid and appropriately projected unless stated otherwise. Which approach best satisfies the analytical requirement? Why can longer static GNSS observation sessions improve a survey solution?,D,GIS&T BoK remediation: [DC-02-003] Global Navigation Satellite Systems — https://gistbok-topics.ucgis.org/DC-02-003 | Blueprint domain resource: https://geospacebok.eu/GD
2,C,Difficult,64,Design of Systems,A project team is documenting a defensible professional workflow. Several choices could produce related outputs; choose the one that most directly answers the question. Why is JavaScript central to interactive web mapping?,A,GIS&T BoK remediation: [PD-05-032] JavaScript for GIS — https://gistbok-topics.ucgis.org/PD-05-032 | Blueprint domain resource: https://geospacebok.eu/DA
2,C,Difficult,65,Analytical Methods & GeoComputation,The analyst wants to avoid a method that is merely convenient but does not exactly match the stated spatial or statistical objective. Which answer is best? A smooth elevation surface should pass exactly through measured sample points and some overshoot is acceptable. Which method is a good candidate?,B,GIS&T BoK remediation: [AM-04-071] Splines and Radial Basis Functions Interpolation — https://gistbok-topics.ucgis.org/AM-04-071 | Blueprint domain resource: https://geospacebok.eu/AM | https://geospacebok.eu/GC
2,C,Difficult,66,Organizational & Institutional Aspects,"Choose the most appropriate method given the stated assumptions and intended interpretation, not simply a method that could produce a visually similar result. In this context, which statement most accurately describes a requirements traceability matrix useful for?",C,GIS&T BoK remediation: [KE-04-001] The process of GIS&T design — https://gistbok-topics.ucgis.org/KE-04-001 | Blueprint domain resource: https://geospacebok.eu/OI
2,C,Difficult,67,Analytical Methods & GeoComputation,"Which option would be the strongest methodological choice for this GIS task, recognizing that the alternatives are also legitimate GIS techniques? Very high values in a flow-accumulation raster usually indicate what?",C,GIS&T BoK remediation: [AM-04-066] Watersheds and Drainage Networks — https://gistbok-topics.ucgis.org/AM-04-066 | Blueprint domain resource: https://geospacebok.eu/AM | https://geospacebok.eu/GC
2,C,Difficult,68,Design of Systems,A GIS analyst must choose among several technically plausible approaches. Select the best option for the stated objective. Why does spatial partitioning matter in a distributed spatial join?,A,GIS&T BoK remediation: [CP-04-007] Spatial MapReduce — https://gistbok-topics.ucgis.org/CP-04-007 | Blueprint domain resource: https://geospacebok.eu/DA
2,C,Difficult,69,Analytical Methods & GeoComputation,Assume the input data are valid and appropriately projected unless stated otherwise. Which approach best satisfies the analytical requirement? User’s accuracy for a mapped class is low. What does that indicate?,A,GIS&T BoK remediation: [AM-09-104] Thematic Accuracy Assessment — https://gistbok-topics.ucgis.org/AM-09-104 | Blueprint domain resource: https://geospacebok.eu/AM | https://geospacebok.eu/GC
2,C,Difficult,70,Data Modeling,A project team is documenting a defensible professional workflow. Several choices could produce related outputs; choose the one that most directly answers the question. A spatial join transfers census-tract attributes to address points based on containment. What drives the match?,C,GIS&T BoK remediation: [DM-04-077] Spatial Joins — https://gistbok-topics.ucgis.org/DM-04-077 | Blueprint domain resource: https://geospacebok.eu/DM
2,C,Difficult,71,Cartography & Visualization,The analyst wants to avoid a method that is merely convenient but does not exactly match the stated spatial or statistical objective. Which answer is best? Why should interactive maps provide visible feedback after user actions?,C,GIS&T BoK remediation: GIS&T BoK | Blueprint domain resource: https://geospacebok.eu/CV
2,C,Difficult,72,Cartography & Visualization,"Choose the most appropriate method given the stated assumptions and intended interpretation, not simply a method that could produce a visually similar result. In this context, which statement most accurately describes cartographic generalization?",B,GIS&T BoK remediation: [CV-03-004] Scale and Generalization — https://gistbok-topics.ucgis.org/CV-03-004 | Blueprint domain resource: https://geospacebok.eu/CV
2,C,Difficult,73,Conceptual Foundations,"Which option would be the strongest methodological choice for this GIS task, recognizing that the alternatives are also legitimate GIS techniques? Which variable is measured on an interval scale rather than a ratio scale?",B,GIS&T BoK remediation: [FC-04-010] GIS Data Properties — https://gistbok-topics.ucgis.org/FC-04-010 | Blueprint domain resource: https://geospacebok.eu/CF
2,C,Difficult,74,Cartography & Visualization,A GIS analyst must choose among several technically plausible approaches. Select the best option for the stated objective. A map icon must remain recognizable at small size. Which design principle helps most?,B,GIS&T BoK remediation: [CV-04-034] Map Icon Design — https://gistbok-topics.ucgis.org/CV-04-034 | Blueprint domain resource: https://geospacebok.eu/CV
2,C,Difficult,75,Geospatial Data,Assume the input data are valid and appropriately projected unless stated otherwise. Which approach best satisfies the analytical requirement? What does orthorectification attempt to remove from aerial or satellite imagery?,C,GIS&T BoK remediation: [DC-01-030] Georeferencing and Georectification — https://gistbok-topics.ucgis.org/DC-01-030 | Blueprint domain resource: https://geospacebok.eu/GD
3,A,Standard,1,Conceptual Foundations,"At a representative fraction of 1:50,000, 2 cm on the map represents how much ground distance?",B,GIS&T BoK remediation: GIS&T BoK | Blueprint domain resource: https://geospacebok.eu/CF
3,A,Standard,2,"Platforms, Sensors, Physics & Image Processing","A sensor records reflected energy in blue, green, red, and near-infrared bands. What type of imagery is this?",A,GIS&T BoK remediation: [DC-03-016] Nature of Multispectral Image Data — https://gistbok-topics.ucgis.org/DC-03-016 | Blueprint domain resource: https://geospacebok.eu/PS | https://geospacebok.eu/PP | https://geospacebok.eu/IP
3,A,Standard,3,Geospatial Data,Geocoding places an address using an address range along a street segment. What method is commonly used?,B,GIS&T BoK remediation: [DC-02-037] Texts — https://gistbok-topics.ucgis.org/DC-02-037 | Blueprint domain resource: https://geospacebok.eu/GD
3,A,Standard,4,Geospatial Data,"A dataset digitized from 1:250,000 maps is displayed at 1:2,000. What is the key caution?",C,"GIS&T BoK remediation: [DM-07-057] Data Evaluation, Metadata, and Data Quality — https://gistbok-topics.ucgis.org/DM-07-057 | Blueprint domain resource: https://geospacebok.eu/GD"
3,A,Standard,5,Cartography & Visualization,"For a very large point dataset, why might aggregation or density surfaces improve visualization?",D,GIS&T BoK remediation: [CV-05-019] Big Data Visualization — https://gistbok-topics.ucgis.org/CV-05-019 | Blueprint domain resource: https://geospacebok.eu/CV
3,A,Standard,6,Organizational & Institutional Aspects,What most clearly distinguishes a GIS developer from a GIS technician?,A,GIS&T BoK remediation: [KE-01-024] GIS&T Positions and Qualifications — https://gistbok-topics.ucgis.org/KE-01-024 | Blueprint domain resource: https://geospacebok.eu/OI
3,A,Standard,7,Organizational & Institutional Aspects,A GIS project keeps adding undocumented requirements without adjusting time or budget. What is this called?,A,GIS&T BoK remediation: [KE-04-012] GIS&T Project Planning and Management — https://gistbok-topics.ucgis.org/KE-04-012 | Blueprint domain resource: https://geospacebok.eu/OI
3,A,Standard,8,Data Modeling,Two editors modify the same feature concurrently. What database issue must be managed?,B,GIS&T BoK remediation: [DM-06-089] Transaction Management — https://gistbok-topics.ucgis.org/DM-06-089 | Blueprint domain resource: https://geospacebok.eu/DM
3,A,Standard,9,Conceptual Foundations,A bearing of 90 degrees corresponds approximately to which cardinal direction?,C,GIS&T BoK remediation: [FC-05-014] Directional Operations — https://gistbok-topics.ucgis.org/FC-05-014 | Blueprint domain resource: https://geospacebok.eu/CF
3,A,Standard,10,Web-Based GIS,Why are cached raster tiles fast to display?,A,GIS&T BoK remediation: [CV-05-015] Web Mapping — https://gistbok-topics.ucgis.org/CV-05-015 | Blueprint domain resource: https://geospacebok.eu/WB
3,A,Standard,11,"Platforms, Sensors, Physics & Image Processing",Why is water often dark in near-infrared imagery?,A,GIS&T BoK remediation: GIS&T BoK | Blueprint domain resource: https://geospacebok.eu/PS | https://geospacebok.eu/PP | https://geospacebok.eu/IP
3,A,Standard,12,Analytical Methods & GeoComputation,Which polygon-neighbor rule requires a shared boundary segment rather than a corner-only touch?,B,GIS&T BoK remediation: [AM-03-011] Spatial Statistics — https://gistbok-topics.ucgis.org/AM-03-011 | Blueprint domain resource: https://geospacebok.eu/AM | https://geospacebok.eu/GC
3,A,Standard,13,Cartography & Visualization,Natural breaks/Jenks seeks class boundaries that do what?,C,"GIS&T BoK remediation: [CV-03-005] Statistical Mapping (Enumeration, Normalization, Classification) — https://gistbok-topics.ucgis.org/CV-03-005 | Blueprint domain resource: https://geospacebok.eu/CV"
3,A,Standard,14,GI & Society,Open public data contain precise critical-infrastructure locations. What principle should guide release?,B,"GIS&T BoK remediation: [GS-03-021] Balancing Data Access. Security, and Privacy — https://gistbok-topics.ucgis.org/GS-03-021 | Blueprint domain resource: https://geospacebok.eu/GS"
3,A,Standard,15,Conceptual Foundations,A parcel layer contains overlaps even though parcel interiors are supposed to be mutually exclusive. What type of problem is this?,B,GIS&T BoK remediation: [DM-01-028] Topological Relationships — https://gistbok-topics.ucgis.org/DM-01-028 | Blueprint domain resource: https://geospacebok.eu/CF
3,A,Standard,16,Data Modeling,What is a purpose of Z-order or Morton ordering?,D,"GIS&T BoK remediation: [DM-03-072] Space-driven Structures: Grid, linear quadtree, and z-ordering tree files — https://gistbok-topics.ucgis.org/DM-03-072 | Blueprint domain resource: https://geospacebok.eu/DM"
3,A,Standard,17,Data Modeling,What is a spatial data infrastructure?,B,GIS&T BoK remediation: [DM-07-060] Spatial Data Infrastructures — https://gistbok-topics.ucgis.org/DM-07-060 | Blueprint domain resource: https://geospacebok.eu/DM
3,A,Standard,18,Analytical Methods & GeoComputation,Which terrain derivative measures steepness of elevation change?,B,GIS&T BoK remediation: [AM-04-055] Digital Terrain Models and Terrain Metrics — https://gistbok-topics.ucgis.org/AM-04-055 | Blueprint domain resource: https://geospacebok.eu/AM | https://geospacebok.eu/GC
3,A,Standard,19,Analytical Methods & GeoComputation,A distance-to-road raster must identify cells within 500 m as suitable. Which operation is appropriate?,A,GIS&T BoK remediation: [AM-02-006] Grid Operations and Map Algebra — https://gistbok-topics.ucgis.org/AM-02-006 | Blueprint domain resource: https://geospacebok.eu/AM | https://geospacebok.eu/GC
3,A,Standard,20,Design of Systems,What is integration testing intended to verify?,A,"GIS&T BoK remediation: [PD-02-005] Design, Development, Testing, and Deployment of GIS Applications — https://gistbok-topics.ucgis.org/PD-02-005 | Blueprint domain resource: https://geospacebok.eu/DA"
3,A,Standard,21,"Platforms, Sensors, Physics & Image Processing",What does temporal resolution describe?,C,GIS&T BoK remediation: [DC-03-026] Remote Sensing Platforms — https://gistbok-topics.ucgis.org/DC-03-026 | Blueprint domain resource: https://geospacebok.eu/PS | https://geospacebok.eu/PP | https://geospacebok.eu/IP
3,A,Standard,22,Geospatial Data,Why can street addresses be poor stable unique identifiers?,D,GIS&T BoK remediation: [DC-05-002] Land records — https://gistbok-topics.ucgis.org/DC-05-002 | Blueprint domain resource: https://geospacebok.eu/GD
3,A,Standard,23,Organizational & Institutional Aspects,Why should a GIS program measure service performance?,D,GIS&T BoK remediation: [KE-03-021] System Modelling for Effective GIS Management — https://gistbok-topics.ucgis.org/KE-03-021 | Blueprint domain resource: https://geospacebok.eu/OI
3,A,Standard,24,Conceptual Foundations,Orthometric height is most closely referenced to what surface?,A,GIS&T BoK remediation: GIS&T BoK | Blueprint domain resource: https://geospacebok.eu/CF
3,A,Standard,25,Conceptual Foundations,A compass direction of southwest corresponds to an azimuth of approximately what?,B,GIS&T BoK remediation: [FC-05-014] Directional Operations — https://gistbok-topics.ucgis.org/FC-05-014 | Blueprint domain resource: https://geospacebok.eu/CF
3,A,Standard,26,"Platforms, Sensors, Physics & Image Processing",Passive optical imagery is strongly limited by what weather condition?,D,GIS&T BoK remediation: [DC-03-026] Remote Sensing Platforms — https://gistbok-topics.ucgis.org/DC-03-026 | Blueprint domain resource: https://geospacebok.eu/PS | https://geospacebok.eu/PP | https://geospacebok.eu/IP
3,A,Standard,27,Organizational & Institutional Aspects,What is change management in a GIS implementation?,A,GIS&T BoK remediation: [KE-04-003] Strategic Planning for GIS Design — https://gistbok-topics.ucgis.org/KE-04-003 | Blueprint domain resource: https://geospacebok.eu/OI
3,A,Standard,28,Analytical Methods & GeoComputation,A fitted semivariogram has a range of 8 km. What does this usually imply about pairs separated by much more than 8 km?,C,GIS&T BoK remediation: [AM-04-029] Kriging Interpolation — https://gistbok-topics.ucgis.org/AM-04-029 | Blueprint domain resource: https://geospacebok.eu/AM | https://geospacebok.eu/GC
3,A,Standard,29,Data Modeling,Two road datasets depict the same features with slightly different geometry and attributes. What process seeks to reconcile them into one consistent dataset?,B,GIS&T BoK remediation: [DM-02-071] Geospatial Data Conflation — https://gistbok-topics.ucgis.org/DM-02-071 | Blueprint domain resource: https://geospacebok.eu/DM
3,A,Standard,30,Thematic & Application Domains,An emergency manager must route ambulances around flooded roads. Which GIS capability is required?,B,GIS&T BoK remediation: [AM-05-043] Location and Service Area Problems — https://gistbok-topics.ucgis.org/AM-05-043 | Blueprint domain resource: https://geospacebok.eu/TA
3,A,Standard,31,Cartography & Visualization,Why can multivariate maps become difficult to interpret?,D,GIS&T BoK remediation: [CV-04-012] Multivariate Mapping — https://gistbok-topics.ucgis.org/CV-04-012 | Blueprint domain resource: https://geospacebok.eu/CV
3,A,Standard,32,Analytical Methods & GeoComputation,A slope raster must be converted to 1 for cells steeper than 20% and 0 otherwise. Which map-algebra expression is most direct?,D,GIS&T BoK remediation: [AM-02-006] Grid Operations and Map Algebra — https://gistbok-topics.ucgis.org/AM-02-006 | Blueprint domain resource: https://geospacebok.eu/AM | https://geospacebok.eu/GC
3,A,Standard,33,Thematic & Application Domains,Satellite imagery shows low vegetation vigor in parts of a field. What is the most defensible next step before changing management?,A,GIS&T BoK remediation: [DA-001] GIS&T and Agriculture — https://gistbok-topics.ucgis.org/DA-001 | Blueprint domain resource: https://geospacebok.eu/TA
3,A,Standard,34,Conceptual Foundations,Why is one UTM zone usually unsuitable for a continent spanning many zones?,A,GIS&T BoK remediation: [DM-05-048] Planar Coordinate Systems and the U. S. National Grid — https://gistbok-topics.ucgis.org/DM-05-048 | Blueprint domain resource: https://geospacebok.eu/CF
3,A,Standard,35,Analytical Methods & GeoComputation,The observed average nearest-neighbor distance is much larger than expected under randomness and the z-score is strongly positive. What pattern is indicated?,C,GIS&T BoK remediation: [AM-03-007] Point Pattern Analysis — https://gistbok-topics.ucgis.org/AM-03-007 | Blueprint domain resource: https://geospacebok.eu/AM | https://geospacebok.eu/GC
3,A,Standard,36,Design of Systems,What is regression testing?,B,"GIS&T BoK remediation: [PD-02-005] Design, Development, Testing, and Deployment of GIS Applications — https://gistbok-topics.ucgis.org/PD-02-005 | Blueprint domain resource: https://geospacebok.eu/DA"
3,A,Standard,37,Design of Systems,PySAL is especially associated with what?,B,GIS&T BoK remediation: [PD-05-031] PySAL and Spatial Statistics Libraries — https://gistbok-topics.ucgis.org/PD-05-031 | Blueprint domain resource: https://geospacebok.eu/DA
3,A,Standard,38,Cartography & Visualization,What is one risk of narrative mapping?,D,GIS&T BoK remediation: [CV-04-033] Narrative and Storytelling — https://gistbok-topics.ucgis.org/CV-04-033 | Blueprint domain resource: https://geospacebok.eu/CV
3,A,Standard,39,Design of Systems,A cloud system automatically adds instances during traffic spikes. What capability is this?,C,GIS&T BoK remediation: [CP-01-008] Spatial Cloud Computing — https://gistbok-topics.ucgis.org/CP-01-008 | Blueprint domain resource: https://geospacebok.eu/DA
3,A,Standard,40,Geospatial Data,Aerial photographs show tall objects displaced radially away from the image center. What causes this?,B,GIS&T BoK remediation: [DC-02-010] Aerial Photography: History and Georeferencing — https://gistbok-topics.ucgis.org/DC-02-010 | Blueprint domain resource: https://geospacebok.eu/GD
3,A,Standard,41,Conceptual Foundations,"Why can no flat world map preserve area, shape, distance, and direction everywhere at once?",A,GIS&T BoK remediation: [CV-03-006] Map Projections — https://gistbok-topics.ucgis.org/CV-03-006 | Blueprint domain resource: https://geospacebok.eu/CF
3,A,Standard,42,Cartography & Visualization,A choropleth map should generally display what kind of variable?,C,"GIS&T BoK remediation: [CV-03-005] Statistical Mapping (Enumeration, Normalization, Classification) — https://gistbok-topics.ucgis.org/CV-03-005 | Blueprint domain resource: https://geospacebok.eu/CV"
3,A,Standard,43,"Platforms, Sensors, Physics & Image Processing",What makes LiDAR an active sensor?,D,GIS&T BoK remediation: [DC-03-027] Light Detection and Ranging (LiDAR) — https://gistbok-topics.ucgis.org/DC-03-027 | Blueprint domain resource: https://geospacebok.eu/PS | https://geospacebok.eu/PP | https://geospacebok.eu/IP
3,A,Standard,44,Conceptual Foundations,A dataset records events with both timestamps and locations. Which representation explicitly integrates these dimensions?,A,GIS&T BoK remediation: [FC-04-009] Relationships Between Space and Time — https://gistbok-topics.ucgis.org/FC-04-009 | Blueprint domain resource: https://geospacebok.eu/CF
3,A,Standard,45,Design of Systems,"In a three-tier GIS architecture, what is the main role of the application or service tier?",B,GIS&T BoK remediation: [CP-04-029] Enterprise GIS — https://gistbok-topics.ucgis.org/CP-04-029 | Blueprint domain resource: https://geospacebok.eu/DA
3,A,Standard,46,Conceptual Foundations,Nearby counties tend to have more similar unemployment rates than distant counties. Which principle is illustrated?,D,"GIS&T BoK remediation: [FC-05-043] First, Second, and Third Laws of Geography — https://gistbok-topics.ucgis.org/FC-05-043 | Blueprint domain resource: https://geospacebok.eu/CF"
3,A,Standard,47,Analytical Methods & GeoComputation,"Slope, land value, and transit access have been standardized to a common scale and assigned importance weights. Which operation best combines them?",D,GIS&T BoK remediation: [AM-03-013] Multi-Criteria Evaluation — https://gistbok-topics.ucgis.org/AM-03-013 | Blueprint domain resource: https://geospacebok.eu/AM | https://geospacebok.eu/GC
3,A,Standard,48,"Platforms, Sensors, Physics & Image Processing",Random Forest classification combines what?,C,GIS&T BoK remediation: [DC-04-014] Feature Extraction from Satellite Imagery — https://gistbok-topics.ucgis.org/DC-04-014 | Blueprint domain resource: https://geospacebok.eu/PS | https://geospacebok.eu/PP | https://geospacebok.eu/IP
3,A,Standard,49,"Platforms, Sensors, Physics & Image Processing","Which aerial-photo interpretation cue refers to the recognizable form of an object, such as a runway or circular tank?",A,GIS&T BoK remediation: [DC-04-012] Fundamentals of Aerial Photo Interpretation — https://gistbok-topics.ucgis.org/DC-04-012 | Blueprint domain resource: https://geospacebok.eu/PS | https://geospacebok.eu/PP | https://geospacebok.eu/IP
3,A,Standard,50,Thematic & Application Domains,A public-health analyst wants population within 10-minute travel time of clinics. Which workflow best fits?,A,GIS&T BoK remediation: [AM-05-043] Location and Service Area Problems — https://gistbok-topics.ucgis.org/AM-05-043 | Blueprint domain resource: https://geospacebok.eu/TA
3,A,Standard,51,Data Modeling,What type of data is especially well suited to an array database?,D,GIS&T BoK remediation: [DM-01-081] Array Databases — https://gistbok-topics.ucgis.org/DM-01-081 | Blueprint domain resource: https://geospacebok.eu/DM
3,A,Standard,52,Geospatial Data,Why are land records not always equivalent to precise surveyed boundary geometry?,B,GIS&T BoK remediation: [DC-05-002] Land records — https://gistbok-topics.ucgis.org/DC-05-002 | Blueprint domain resource: https://geospacebok.eu/GD
3,A,Standard,53,Conceptual Foundations,The measured length of a coastline increases when progressively finer measurement units are used. What concept does this illustrate?,A,"GIS&T BoK remediation: [DM-05-044] Earth's Shape, Sea Level, and the Geoid — https://gistbok-topics.ucgis.org/DM-05-044 | Blueprint domain resource: https://geospacebok.eu/CF"
3,A,Standard,54,Analytical Methods & GeoComputation,A distributor must visit 25 customers and return to the depot while minimizing total travel cost. Which class of problem is this?,B,GIS&T BoK remediation: [AM-05-076] Network Route & Tour Problems in Geographic Information Systems — https://gistbok-topics.ucgis.org/AM-05-076 | Blueprint domain resource: https://geospacebok.eu/AM | https://geospacebok.eu/GC
3,A,Standard,55,Analytical Methods & GeoComputation,A prediction is reported as 42 ± 8 units. What does the ± term communicate?,B,GIS&T BoK remediation: [AM-09-106] Error-based Uncertainty — https://gistbok-topics.ucgis.org/AM-09-106 | Blueprint domain resource: https://geospacebok.eu/AM | https://geospacebok.eu/GC
3,A,Standard,56,Geospatial Data,A historical map was made for a political purpose and omits informal settlements. What should a modern analyst recognize?,C,GIS&T BoK remediation: [DC-02-036] Historical Maps in GIS — https://gistbok-topics.ucgis.org/DC-02-036 | Blueprint domain resource: https://geospacebok.eu/GD
3,A,Standard,57,Thematic & Application Domains,A transportation engineer wants to identify intersections with unusually high crash concentrations while accounting for exposure. Which approach is strongest?,D,GIS&T BoK remediation: [DA-004] GIS&T and Civil Engineering — https://gistbok-topics.ucgis.org/DA-004 | Blueprint domain resource: https://geospacebok.eu/TA
3,A,Standard,58,Conceptual Foundations,A neighborhood is defined as the five nearest observations to each feature. What is being constructed?,C,GIS&T BoK remediation: [FC-04-040] Neighborhoods — https://gistbok-topics.ucgis.org/FC-04-040 | Blueprint domain resource: https://geospacebok.eu/CF
3,A,Standard,59,Analytical Methods & GeoComputation,"An analyst wants to find high-value clusters, low-value clusters, and spatial outliers such as high values surrounded by lows. Which statistic is most suitable?",D,GIS&T BoK remediation: [AM-03-023] Local Measures of Spatial Association — https://gistbok-topics.ucgis.org/AM-03-023 | Blueprint domain resource: https://geospacebok.eu/AM | https://geospacebok.eu/GC
3,A,Standard,60,Data Modeling,Why can spatial joins be computationally expensive on very large datasets?,D,GIS&T BoK remediation: [DM-04-077] Spatial Joins — https://gistbok-topics.ucgis.org/DM-04-077 | Blueprint domain resource: https://geospacebok.eu/DM
3,A,Standard,61,Data Modeling,What is the main objective of the U.S. National Spatial Data Infrastructure?,B,GIS&T BoK remediation: [DM-07-079] U.S. National Spatial Data Infrastructure — https://gistbok-topics.ucgis.org/DM-07-079 | Blueprint domain resource: https://geospacebok.eu/DM
3,A,Standard,62,Cartography & Visualization,Which map type connects locations with lines whose width may represent movement volume?,D,GIS&T BoK remediation: [CV-04-031] Flow Maps — https://gistbok-topics.ucgis.org/CV-04-031 | Blueprint domain resource: https://geospacebok.eu/CV
3,A,Standard,63,Analytical Methods & GeoComputation,Why should ordinary terrain contour lines generally not cross?,B,"GIS&T BoK remediation: [AM-04-067] Gridding, Interpolation, and Contouring — https://gistbok-topics.ucgis.org/AM-04-067 | Blueprint domain resource: https://geospacebok.eu/AM | https://geospacebok.eu/GC"
3,A,Standard,64,Cartography & Visualization,A cartogram intentionally changes polygon size according to what?,D,GIS&T BoK remediation: [CV-04-032] Cartograms — https://gistbok-topics.ucgis.org/CV-04-032 | Blueprint domain resource: https://geospacebok.eu/CV
3,A,Standard,65,Design of Systems,Why is a staging environment useful before production deployment?,A,"GIS&T BoK remediation: [PD-02-005] Design, Development, Testing, and Deployment of GIS Applications — https://gistbok-topics.ucgis.org/PD-02-005 | Blueprint domain resource: https://geospacebok.eu/DA"
3,A,Standard,66,Cartography & Visualization,How should a river label generally be positioned?,A,GIS&T BoK remediation: [CV-03-010] Typography — https://gistbok-topics.ucgis.org/CV-03-010 | Blueprint domain resource: https://geospacebok.eu/CV
3,A,Standard,67,"Platforms, Sensors, Physics & Image Processing",Why must refraction be considered in shallow-water bathymetric LiDAR?,D,GIS&T BoK remediation: [DC-03-040] Airborne LiDAR Bathymetry — https://gistbok-topics.ucgis.org/DC-03-040 | Blueprint domain resource: https://geospacebok.eu/PS | https://geospacebok.eu/PP | https://geospacebok.eu/IP
3,A,Standard,68,Geospatial Data,Why is independent ground reference data important for validating remotely sensed classifications?,D,GIS&T BoK remediation: [DC-04-019] Ground Verification and Accuracy Assessment — https://gistbok-topics.ucgis.org/DC-04-019 | Blueprint domain resource: https://geospacebok.eu/GD
3,A,Standard,69,Data Modeling,What is the geoid?,B,GIS&T BoK remediation: GIS&T BoK | Blueprint domain resource: https://geospacebok.eu/DM
3,A,Standard,70,Data Modeling,A building information model includes volumetric rooms and floors. What representation is needed beyond ordinary 2-D geometry?,A,GIS&T BoK remediation: [DM-02-021] Modeling three-dimensional (3-D) entities — https://gistbok-topics.ucgis.org/DM-02-021 | Blueprint domain resource: https://geospacebok.eu/DM
3,A,Standard,71,Geospatial Data,Why can stratified sampling improve estimates?,B,GIS&T BoK remediation: [AM-03-026] Spatial Sampling for Spatial Analysis — https://gistbok-topics.ucgis.org/AM-03-026 | Blueprint domain resource: https://geospacebok.eu/GD
3,A,Standard,72,Organizational & Institutional Aspects,Why do professional geospatial organizations matter?,D,GIS&T BoK remediation: [KE-02-027] Value of Professional Geospatial Organizations — https://gistbok-topics.ucgis.org/KE-02-027 | Blueprint domain resource: https://geospacebok.eu/OI
3,A,Standard,73,Analytical Methods & GeoComputation,A gravity model predicts interaction between places primarily as a function of what?,A,GIS&T BoK remediation: [AM-03-010] Spatial Interaction — https://gistbok-topics.ucgis.org/AM-03-010 | Blueprint domain resource: https://geospacebok.eu/AM | https://geospacebok.eu/GC
3,A,Standard,74,Analytical Methods & GeoComputation,"Why should suitability criteria measured in meters, dollars, and percent slope be standardized before weighted combination?",B,GIS&T BoK remediation: [AM-03-013] Multi-Criteria Evaluation — https://gistbok-topics.ucgis.org/AM-03-013 | Blueprint domain resource: https://geospacebok.eu/AM | https://geospacebok.eu/GC
3,A,Standard,75,GI & Society,Which technique can reduce privacy risk for individual point locations while preserving some aggregate spatial pattern?,C,GIS&T BoK remediation: [GS-01-004] Location Privacy — https://gistbok-topics.ucgis.org/GS-01-004 | Blueprint domain resource: https://geospacebok.eu/GS
3,B,More Challenging,1,Conceptual Foundations,"During QA/QC, an analyst must decide which GIS concept or method applies. At a representative fraction of 1:50,000, 2 cm on the map represents how much ground distance?",B,GIS&T BoK remediation: GIS&T BoK | Blueprint domain resource: https://geospacebok.eu/CF
3,B,More Challenging,2,"Platforms, Sensors, Physics & Image Processing","A planning or environmental GIS project encounters the following situation. A sensor records reflected energy in blue, green, red, and near-infrared bands. What type of imagery is this?",A,GIS&T BoK remediation: [DC-03-016] Nature of Multispectral Image Data — https://gistbok-topics.ucgis.org/DC-03-016 | Blueprint domain resource: https://geospacebok.eu/PS | https://geospacebok.eu/PP | https://geospacebok.eu/IP
3,B,More Challenging,3,Geospatial Data,A GIS analyst is completing a routine professional workflow. Geocoding places an address using an address range along a street segment. What method is commonly used?,D,GIS&T BoK remediation: [DC-02-037] Texts — https://gistbok-topics.ucgis.org/DC-02-037 | Blueprint domain resource: https://geospacebok.eu/GD
3,B,More Challenging,4,Geospatial Data,"A county GIS office is reviewing an analysis before publication. A dataset digitized from 1:250,000 maps is displayed at 1:2,000. What is the key caution?",B,"GIS&T BoK remediation: [DM-07-057] Data Evaluation, Metadata, and Data Quality — https://gistbok-topics.ucgis.org/DM-07-057 | Blueprint domain resource: https://geospacebok.eu/GD"
3,B,More Challenging,5,Cartography & Visualization,"A student analyst has valid input data and must choose the next appropriate GIS step. For a very large point dataset, why might aggregation or density surfaces improve visualization?",D,GIS&T BoK remediation: [CV-05-019] Big Data Visualization — https://gistbok-topics.ucgis.org/CV-05-019 | Blueprint domain resource: https://geospacebok.eu/CV
3,B,More Challenging,6,Organizational & Institutional Aspects,A project team wants a defensible software-agnostic GIS approach. What most clearly distinguishes a GIS developer from a GIS technician?,D,GIS&T BoK remediation: [KE-01-024] GIS&T Positions and Qualifications — https://gistbok-topics.ucgis.org/KE-01-024 | Blueprint domain resource: https://geospacebok.eu/OI
3,B,More Challenging,7,Organizational & Institutional Aspects,"During QA/QC, an analyst must decide which GIS concept or method applies. A GIS project keeps adding undocumented requirements without adjusting time or budget. What is this called?",A,GIS&T BoK remediation: [KE-04-012] GIS&T Project Planning and Management — https://gistbok-topics.ucgis.org/KE-04-012 | Blueprint domain resource: https://geospacebok.eu/OI
3,B,More Challenging,8,Data Modeling,A planning or environmental GIS project encounters the following situation. Two editors modify the same feature concurrently. What database issue must be managed?,B,GIS&T BoK remediation: [DM-06-089] Transaction Management — https://gistbok-topics.ucgis.org/DM-06-089 | Blueprint domain resource: https://geospacebok.eu/DM
3,B,More Challenging,9,Conceptual Foundations,A GIS analyst is completing a routine professional workflow. A bearing of 90 degrees corresponds approximately to which cardinal direction?,A,GIS&T BoK remediation: [FC-05-014] Directional Operations — https://gistbok-topics.ucgis.org/FC-05-014 | Blueprint domain resource: https://geospacebok.eu/CF
3,B,More Challenging,10,Web-Based GIS,A county GIS office is reviewing an analysis before publication. Why are cached raster tiles fast to display?,A,GIS&T BoK remediation: [CV-05-015] Web Mapping — https://gistbok-topics.ucgis.org/CV-05-015 | Blueprint domain resource: https://geospacebok.eu/WB
3,B,More Challenging,11,"Platforms, Sensors, Physics & Image Processing",A student analyst has valid input data and must choose the next appropriate GIS step. Why is water often dark in near-infrared imagery?,D,GIS&T BoK remediation: GIS&T BoK | Blueprint domain resource: https://geospacebok.eu/PS | https://geospacebok.eu/PP | https://geospacebok.eu/IP
3,B,More Challenging,12,Analytical Methods & GeoComputation,A project team wants a defensible software-agnostic GIS approach. Which polygon-neighbor rule requires a shared boundary segment rather than a corner-only touch?,C,GIS&T BoK remediation: [AM-03-011] Spatial Statistics — https://gistbok-topics.ucgis.org/AM-03-011 | Blueprint domain resource: https://geospacebok.eu/AM | https://geospacebok.eu/GC
3,B,More Challenging,13,Cartography & Visualization,"During QA/QC, an analyst must decide which GIS concept or method applies. Natural breaks/Jenks seeks class boundaries that do what?",B,"GIS&T BoK remediation: [CV-03-005] Statistical Mapping (Enumeration, Normalization, Classification) — https://gistbok-topics.ucgis.org/CV-03-005 | Blueprint domain resource: https://geospacebok.eu/CV"
3,B,More Challenging,14,GI & Society,A planning or environmental GIS project encounters the following situation. Open public data contain precise critical-infrastructure locations. What principle should guide release?,B,"GIS&T BoK remediation: [GS-03-021] Balancing Data Access. Security, and Privacy — https://gistbok-topics.ucgis.org/GS-03-021 | Blueprint domain resource: https://geospacebok.eu/GS"
3,B,More Challenging,15,Conceptual Foundations,A GIS analyst is completing a routine professional workflow. A parcel layer contains overlaps even though parcel interiors are supposed to be mutually exclusive. What type of problem is this?,A,GIS&T BoK remediation: [DM-01-028] Topological Relationships — https://gistbok-topics.ucgis.org/DM-01-028 | Blueprint domain resource: https://geospacebok.eu/CF
3,B,More Challenging,16,Data Modeling,A county GIS office is reviewing an analysis before publication. Which description correctly characterizes a purpose of Z-order or Morton ordering?,B,"GIS&T BoK remediation: [DM-03-072] Space-driven Structures: Grid, linear quadtree, and z-ordering tree files — https://gistbok-topics.ucgis.org/DM-03-072 | Blueprint domain resource: https://geospacebok.eu/DM"
3,B,More Challenging,17,Data Modeling,A student analyst has valid input data and must choose the next appropriate GIS step. Which description correctly characterizes a spatial data infrastructure?,D,GIS&T BoK remediation: [DM-07-060] Spatial Data Infrastructures — https://gistbok-topics.ucgis.org/DM-07-060 | Blueprint domain resource: https://geospacebok.eu/DM
3,B,More Challenging,18,Analytical Methods & GeoComputation,A project team wants a defensible software-agnostic GIS approach. Which terrain derivative measures steepness of elevation change?,A,GIS&T BoK remediation: [AM-04-055] Digital Terrain Models and Terrain Metrics — https://gistbok-topics.ucgis.org/AM-04-055 | Blueprint domain resource: https://geospacebok.eu/AM | https://geospacebok.eu/GC
3,B,More Challenging,19,Analytical Methods & GeoComputation,"During QA/QC, an analyst must decide which GIS concept or method applies. A distance-to-road raster must identify cells within 500 m as suitable. Which operation is appropriate?",D,GIS&T BoK remediation: [AM-02-006] Grid Operations and Map Algebra — https://gistbok-topics.ucgis.org/AM-02-006 | Blueprint domain resource: https://geospacebok.eu/AM | https://geospacebok.eu/GC
3,B,More Challenging,20,Design of Systems,A planning or environmental GIS project encounters the following situation. Which description correctly characterizes integration testing intended to verify?,A,"GIS&T BoK remediation: [PD-02-005] Design, Development, Testing, and Deployment of GIS Applications — https://gistbok-topics.ucgis.org/PD-02-005 | Blueprint domain resource: https://geospacebok.eu/DA"
3,B,More Challenging,21,"Platforms, Sensors, Physics & Image Processing",A GIS analyst is completing a routine professional workflow. What does temporal resolution describe?,B,GIS&T BoK remediation: [DC-03-026] Remote Sensing Platforms — https://gistbok-topics.ucgis.org/DC-03-026 | Blueprint domain resource: https://geospacebok.eu/PS | https://geospacebok.eu/PP | https://geospacebok.eu/IP
3,B,More Challenging,22,Geospatial Data,A county GIS office is reviewing an analysis before publication. Why can street addresses be poor stable unique identifiers?,B,GIS&T BoK remediation: [DC-05-002] Land records — https://gistbok-topics.ucgis.org/DC-05-002 | Blueprint domain resource: https://geospacebok.eu/GD
3,B,More Challenging,23,Organizational & Institutional Aspects,A student analyst has valid input data and must choose the next appropriate GIS step. Why should a GIS program measure service performance?,C,GIS&T BoK remediation: [KE-03-021] System Modelling for Effective GIS Management — https://gistbok-topics.ucgis.org/KE-03-021 | Blueprint domain resource: https://geospacebok.eu/OI
3,B,More Challenging,24,Conceptual Foundations,A project team wants a defensible software-agnostic GIS approach. Orthometric height is most closely referenced to what surface?,A,GIS&T BoK remediation: GIS&T BoK | Blueprint domain resource: https://geospacebok.eu/CF
3,B,More Challenging,25,Conceptual Foundations,"During QA/QC, an analyst must decide which GIS concept or method applies. A compass direction of southwest corresponds to an azimuth of approximately what?",B,GIS&T BoK remediation: [FC-05-014] Directional Operations — https://gistbok-topics.ucgis.org/FC-05-014 | Blueprint domain resource: https://geospacebok.eu/CF
3,B,More Challenging,26,"Platforms, Sensors, Physics & Image Processing",A planning or environmental GIS project encounters the following situation. Passive optical imagery is strongly limited by what weather condition?,A,GIS&T BoK remediation: [DC-03-026] Remote Sensing Platforms — https://gistbok-topics.ucgis.org/DC-03-026 | Blueprint domain resource: https://geospacebok.eu/PS | https://geospacebok.eu/PP | https://geospacebok.eu/IP
3,B,More Challenging,27,Organizational & Institutional Aspects,A GIS analyst is completing a routine professional workflow. Which description correctly characterizes change management in a GIS implementation?,C,GIS&T BoK remediation: [KE-04-003] Strategic Planning for GIS Design — https://gistbok-topics.ucgis.org/KE-04-003 | Blueprint domain resource: https://geospacebok.eu/OI
3,B,More Challenging,28,Analytical Methods & GeoComputation,A county GIS office is reviewing an analysis before publication. A fitted semivariogram has a range of 8 km. What does this usually imply about pairs separated by much more than 8 km?,B,GIS&T BoK remediation: [AM-04-029] Kriging Interpolation — https://gistbok-topics.ucgis.org/AM-04-029 | Blueprint domain resource: https://geospacebok.eu/AM | https://geospacebok.eu/GC
3,B,More Challenging,29,Data Modeling,A student analyst has valid input data and must choose the next appropriate GIS step. Two road datasets depict the same features with slightly different geometry and attributes. What process seeks to reconcile them into one consistent dataset?,D,GIS&T BoK remediation: [DM-02-071] Geospatial Data Conflation — https://gistbok-topics.ucgis.org/DM-02-071 | Blueprint domain resource: https://geospacebok.eu/DM
3,B,More Challenging,30,Thematic & Application Domains,A project team wants a defensible software-agnostic GIS approach. An emergency manager must route ambulances around flooded roads. Which GIS capability is required?,C,GIS&T BoK remediation: [AM-05-043] Location and Service Area Problems — https://gistbok-topics.ucgis.org/AM-05-043 | Blueprint domain resource: https://geospacebok.eu/TA
3,B,More Challenging,31,Cartography & Visualization,"During QA/QC, an analyst must decide which GIS concept or method applies. Why can multivariate maps become difficult to interpret?",D,GIS&T BoK remediation: [CV-04-012] Multivariate Mapping — https://gistbok-topics.ucgis.org/CV-04-012 | Blueprint domain resource: https://geospacebok.eu/CV
3,B,More Challenging,32,Analytical Methods & GeoComputation,A planning or environmental GIS project encounters the following situation. A slope raster must be converted to 1 for cells steeper than 20% and 0 otherwise. Which map-algebra expression is most direct?,C,GIS&T BoK remediation: [AM-02-006] Grid Operations and Map Algebra — https://gistbok-topics.ucgis.org/AM-02-006 | Blueprint domain resource: https://geospacebok.eu/AM | https://geospacebok.eu/GC
3,B,More Challenging,33,Thematic & Application Domains,A GIS analyst is completing a routine professional workflow. Satellite imagery shows low vegetation vigor in parts of a field. What is the most defensible next step before changing management?,C,GIS&T BoK remediation: [DA-001] GIS&T and Agriculture — https://gistbok-topics.ucgis.org/DA-001 | Blueprint domain resource: https://geospacebok.eu/TA
3,B,More Challenging,34,Conceptual Foundations,A county GIS office is reviewing an analysis before publication. Why is one UTM zone usually unsuitable for a continent spanning many zones?,C,GIS&T BoK remediation: [DM-05-048] Planar Coordinate Systems and the U. S. National Grid — https://gistbok-topics.ucgis.org/DM-05-048 | Blueprint domain resource: https://geospacebok.eu/CF
3,B,More Challenging,35,Analytical Methods & GeoComputation,A student analyst has valid input data and must choose the next appropriate GIS step. The observed average nearest-neighbor distance is much larger than expected under randomness and the z-score is strongly positive. What pattern is indicated?,B,GIS&T BoK remediation: [AM-03-007] Point Pattern Analysis — https://gistbok-topics.ucgis.org/AM-03-007 | Blueprint domain resource: https://geospacebok.eu/AM | https://geospacebok.eu/GC
3,B,More Challenging,36,Design of Systems,A project team wants a defensible software-agnostic GIS approach. Which description correctly characterizes regression testing?,C,"GIS&T BoK remediation: [PD-02-005] Design, Development, Testing, and Deployment of GIS Applications — https://gistbok-topics.ucgis.org/PD-02-005 | Blueprint domain resource: https://geospacebok.eu/DA"
3,B,More Challenging,37,Design of Systems,"During QA/QC, an analyst must decide which GIS concept or method applies. PySAL is especially associated with what?",A,GIS&T BoK remediation: [PD-05-031] PySAL and Spatial Statistics Libraries — https://gistbok-topics.ucgis.org/PD-05-031 | Blueprint domain resource: https://geospacebok.eu/DA
3,B,More Challenging,38,Cartography & Visualization,A planning or environmental GIS project encounters the following situation. Which description correctly characterizes one risk of narrative mapping?,C,GIS&T BoK remediation: [CV-04-033] Narrative and Storytelling — https://gistbok-topics.ucgis.org/CV-04-033 | Blueprint domain resource: https://geospacebok.eu/CV
3,B,More Challenging,39,Design of Systems,A GIS analyst is completing a routine professional workflow. A cloud system automatically adds instances during traffic spikes. What capability is this?,A,GIS&T BoK remediation: [CP-01-008] Spatial Cloud Computing — https://gistbok-topics.ucgis.org/CP-01-008 | Blueprint domain resource: https://geospacebok.eu/DA
3,B,More Challenging,40,Geospatial Data,A county GIS office is reviewing an analysis before publication. Aerial photographs show tall objects displaced radially away from the image center. What causes this?,D,GIS&T BoK remediation: [DC-02-010] Aerial Photography: History and Georeferencing — https://gistbok-topics.ucgis.org/DC-02-010 | Blueprint domain resource: https://geospacebok.eu/GD
3,B,More Challenging,41,Conceptual Foundations,"A student analyst has valid input data and must choose the next appropriate GIS step. Why can no flat world map preserve area, shape, distance, and direction everywhere at once?",A,GIS&T BoK remediation: [CV-03-006] Map Projections — https://gistbok-topics.ucgis.org/CV-03-006 | Blueprint domain resource: https://geospacebok.eu/CF
3,B,More Challenging,42,Cartography & Visualization,A project team wants a defensible software-agnostic GIS approach. A choropleth map should generally display what kind of variable?,C,"GIS&T BoK remediation: [CV-03-005] Statistical Mapping (Enumeration, Normalization, Classification) — https://gistbok-topics.ucgis.org/CV-03-005 | Blueprint domain resource: https://geospacebok.eu/CV"
3,B,More Challenging,43,"Platforms, Sensors, Physics & Image Processing","During QA/QC, an analyst must decide which GIS concept or method applies. What makes LiDAR an active sensor?",C,GIS&T BoK remediation: [DC-03-027] Light Detection and Ranging (LiDAR) — https://gistbok-topics.ucgis.org/DC-03-027 | Blueprint domain resource: https://geospacebok.eu/PS | https://geospacebok.eu/PP | https://geospacebok.eu/IP
3,B,More Challenging,44,Conceptual Foundations,A planning or environmental GIS project encounters the following situation. A dataset records events with both timestamps and locations. Which representation explicitly integrates these dimensions?,C,GIS&T BoK remediation: [FC-04-009] Relationships Between Space and Time — https://gistbok-topics.ucgis.org/FC-04-009 | Blueprint domain resource: https://geospacebok.eu/CF
3,B,More Challenging,45,Design of Systems,"A GIS analyst is completing a routine professional workflow. In a three-tier GIS architecture, what is the main role of the application or service tier?",D,GIS&T BoK remediation: [CP-04-029] Enterprise GIS — https://gistbok-topics.ucgis.org/CP-04-029 | Blueprint domain resource: https://geospacebok.eu/DA
3,B,More Challenging,46,Conceptual Foundations,A county GIS office is reviewing an analysis before publication. Nearby counties tend to have more similar unemployment rates than distant counties. Which principle is illustrated?,B,"GIS&T BoK remediation: [FC-05-043] First, Second, and Third Laws of Geography — https://gistbok-topics.ucgis.org/FC-05-043 | Blueprint domain resource: https://geospacebok.eu/CF"
3,B,More Challenging,47,Analytical Methods & GeoComputation,"A student analyst has valid input data and must choose the next appropriate GIS step. Slope, land value, and transit access have been standardized to a common scale and assigned importance weights. Which operation best combines them?",C,GIS&T BoK remediation: [AM-03-013] Multi-Criteria Evaluation — https://gistbok-topics.ucgis.org/AM-03-013 | Blueprint domain resource: https://geospacebok.eu/AM | https://geospacebok.eu/GC
3,B,More Challenging,48,"Platforms, Sensors, Physics & Image Processing",A project team wants a defensible software-agnostic GIS approach. Random Forest classification combines what?,B,GIS&T BoK remediation: [DC-04-014] Feature Extraction from Satellite Imagery — https://gistbok-topics.ucgis.org/DC-04-014 | Blueprint domain resource: https://geospacebok.eu/PS | https://geospacebok.eu/PP | https://geospacebok.eu/IP
3,B,More Challenging,49,"Platforms, Sensors, Physics & Image Processing","During QA/QC, an analyst must decide which GIS concept or method applies. Which aerial-photo interpretation cue refers to the recognizable form of an object, such as a runway or circular tank?",A,GIS&T BoK remediation: [DC-04-012] Fundamentals of Aerial Photo Interpretation — https://gistbok-topics.ucgis.org/DC-04-012 | Blueprint domain resource: https://geospacebok.eu/PS | https://geospacebok.eu/PP | https://geospacebok.eu/IP
3,B,More Challenging,50,Thematic & Application Domains,A planning or environmental GIS project encounters the following situation. A public-health analyst wants population within 10-minute travel time of clinics. Which workflow best fits?,B,GIS&T BoK remediation: [AM-05-043] Location and Service Area Problems — https://gistbok-topics.ucgis.org/AM-05-043 | Blueprint domain resource: https://geospacebok.eu/TA
3,B,More Challenging,51,Data Modeling,A GIS analyst is completing a routine professional workflow. What type of data is especially well suited to an array database?,A,GIS&T BoK remediation: [DM-01-081] Array Databases — https://gistbok-topics.ucgis.org/DM-01-081 | Blueprint domain resource: https://geospacebok.eu/DM
3,B,More Challenging,52,Geospatial Data,A county GIS office is reviewing an analysis before publication. Why are land records not always equivalent to precise surveyed boundary geometry?,A,GIS&T BoK remediation: [DC-05-002] Land records — https://gistbok-topics.ucgis.org/DC-05-002 | Blueprint domain resource: https://geospacebok.eu/GD
3,B,More Challenging,53,Conceptual Foundations,A student analyst has valid input data and must choose the next appropriate GIS step. The measured length of a coastline increases when progressively finer measurement units are used. What concept does this illustrate?,D,"GIS&T BoK remediation: [DM-05-044] Earth's Shape, Sea Level, and the Geoid — https://gistbok-topics.ucgis.org/DM-05-044 | Blueprint domain resource: https://geospacebok.eu/CF"
3,B,More Challenging,54,Analytical Methods & GeoComputation,A project team wants a defensible software-agnostic GIS approach. A distributor must visit 25 customers and return to the depot while minimizing total travel cost. Which class of problem is this?,C,GIS&T BoK remediation: [AM-05-076] Network Route & Tour Problems in Geographic Information Systems — https://gistbok-topics.ucgis.org/AM-05-076 | Blueprint domain resource: https://geospacebok.eu/AM | https://geospacebok.eu/GC
3,B,More Challenging,55,Analytical Methods & GeoComputation,"During QA/QC, an analyst must decide which GIS concept or method applies. A prediction is reported as 42 ± 8 units. What does the ± term communicate?",D,GIS&T BoK remediation: [AM-09-106] Error-based Uncertainty — https://gistbok-topics.ucgis.org/AM-09-106 | Blueprint domain resource: https://geospacebok.eu/AM | https://geospacebok.eu/GC
3,B,More Challenging,56,Geospatial Data,A planning or environmental GIS project encounters the following situation. A historical map was made for a political purpose and omits informal settlements. What should a modern analyst recognize?,C,GIS&T BoK remediation: [DC-02-036] Historical Maps in GIS — https://gistbok-topics.ucgis.org/DC-02-036 | Blueprint domain resource: https://geospacebok.eu/GD
3,B,More Challenging,57,Thematic & Application Domains,A GIS analyst is completing a routine professional workflow. A transportation engineer wants to identify intersections with unusually high crash concentrations while accounting for exposure. Which approach is strongest?,C,GIS&T BoK remediation: [DA-004] GIS&T and Civil Engineering — https://gistbok-topics.ucgis.org/DA-004 | Blueprint domain resource: https://geospacebok.eu/TA
3,B,More Challenging,58,Conceptual Foundations,A county GIS office is reviewing an analysis before publication. A neighborhood is defined as the five nearest observations to each feature. What is being constructed?,A,GIS&T BoK remediation: [FC-04-040] Neighborhoods — https://gistbok-topics.ucgis.org/FC-04-040 | Blueprint domain resource: https://geospacebok.eu/CF
3,B,More Challenging,59,Analytical Methods & GeoComputation,"A student analyst has valid input data and must choose the next appropriate GIS step. An analyst wants to find high-value clusters, low-value clusters, and spatial outliers such as high values surrounded by lows. Which statistic is most suitable?",A,GIS&T BoK remediation: [AM-03-023] Local Measures of Spatial Association — https://gistbok-topics.ucgis.org/AM-03-023 | Blueprint domain resource: https://geospacebok.eu/AM | https://geospacebok.eu/GC
3,B,More Challenging,60,Data Modeling,A project team wants a defensible software-agnostic GIS approach. Why can spatial joins be computationally expensive on very large datasets?,A,GIS&T BoK remediation: [DM-04-077] Spatial Joins — https://gistbok-topics.ucgis.org/DM-04-077 | Blueprint domain resource: https://geospacebok.eu/DM
3,B,More Challenging,61,Data Modeling,"During QA/QC, an analyst must decide which GIS concept or method applies. Which description correctly characterizes the main objective of the U.S. National Spatial Data Infrastructure?",A,GIS&T BoK remediation: [DM-07-079] U.S. National Spatial Data Infrastructure — https://gistbok-topics.ucgis.org/DM-07-079 | Blueprint domain resource: https://geospacebok.eu/DM
3,B,More Challenging,62,Cartography & Visualization,A planning or environmental GIS project encounters the following situation. Which map type connects locations with lines whose width may represent movement volume?,D,GIS&T BoK remediation: [CV-04-031] Flow Maps — https://gistbok-topics.ucgis.org/CV-04-031 | Blueprint domain resource: https://geospacebok.eu/CV
3,B,More Challenging,63,Analytical Methods & GeoComputation,A GIS analyst is completing a routine professional workflow. Why should ordinary terrain contour lines generally not cross?,A,"GIS&T BoK remediation: [AM-04-067] Gridding, Interpolation, and Contouring — https://gistbok-topics.ucgis.org/AM-04-067 | Blueprint domain resource: https://geospacebok.eu/AM | https://geospacebok.eu/GC"
3,B,More Challenging,64,Cartography & Visualization,A county GIS office is reviewing an analysis before publication. A cartogram intentionally changes polygon size according to what?,B,GIS&T BoK remediation: [CV-04-032] Cartograms — https://gistbok-topics.ucgis.org/CV-04-032 | Blueprint domain resource: https://geospacebok.eu/CV
3,B,More Challenging,65,Design of Systems,A student analyst has valid input data and must choose the next appropriate GIS step. Why is a staging environment useful before production deployment?,A,"GIS&T BoK remediation: [PD-02-005] Design, Development, Testing, and Deployment of GIS Applications — https://gistbok-topics.ucgis.org/PD-02-005 | Blueprint domain resource: https://geospacebok.eu/DA"
3,B,More Challenging,66,Cartography & Visualization,A project team wants a defensible software-agnostic GIS approach. How should a river label generally be positioned?,B,GIS&T BoK remediation: [CV-03-010] Typography — https://gistbok-topics.ucgis.org/CV-03-010 | Blueprint domain resource: https://geospacebok.eu/CV
3,B,More Challenging,67,"Platforms, Sensors, Physics & Image Processing","During QA/QC, an analyst must decide which GIS concept or method applies. Why must refraction be considered in shallow-water bathymetric LiDAR?",D,GIS&T BoK remediation: [DC-03-040] Airborne LiDAR Bathymetry — https://gistbok-topics.ucgis.org/DC-03-040 | Blueprint domain resource: https://geospacebok.eu/PS | https://geospacebok.eu/PP | https://geospacebok.eu/IP
3,B,More Challenging,68,Geospatial Data,A planning or environmental GIS project encounters the following situation. Why is independent ground reference data important for validating remotely sensed classifications?,A,GIS&T BoK remediation: [DC-04-019] Ground Verification and Accuracy Assessment — https://gistbok-topics.ucgis.org/DC-04-019 | Blueprint domain resource: https://geospacebok.eu/GD
3,B,More Challenging,69,Data Modeling,A GIS analyst is completing a routine professional workflow. Which description correctly characterizes the geoid?,C,GIS&T BoK remediation: GIS&T BoK | Blueprint domain resource: https://geospacebok.eu/DM
3,B,More Challenging,70,Data Modeling,A county GIS office is reviewing an analysis before publication. A building information model includes volumetric rooms and floors. What representation is needed beyond ordinary 2-D geometry?,D,GIS&T BoK remediation: [DM-02-021] Modeling three-dimensional (3-D) entities — https://gistbok-topics.ucgis.org/DM-02-021 | Blueprint domain resource: https://geospacebok.eu/DM
3,B,More Challenging,71,Geospatial Data,A student analyst has valid input data and must choose the next appropriate GIS step. Why can stratified sampling improve estimates?,C,GIS&T BoK remediation: [AM-03-026] Spatial Sampling for Spatial Analysis — https://gistbok-topics.ucgis.org/AM-03-026 | Blueprint domain resource: https://geospacebok.eu/GD
3,B,More Challenging,72,Organizational & Institutional Aspects,A project team wants a defensible software-agnostic GIS approach. Why do professional geospatial organizations matter?,C,GIS&T BoK remediation: [KE-02-027] Value of Professional Geospatial Organizations — https://gistbok-topics.ucgis.org/KE-02-027 | Blueprint domain resource: https://geospacebok.eu/OI
3,B,More Challenging,73,Analytical Methods & GeoComputation,"During QA/QC, an analyst must decide which GIS concept or method applies. A gravity model predicts interaction between places primarily as a function of what?",C,GIS&T BoK remediation: [AM-03-010] Spatial Interaction — https://gistbok-topics.ucgis.org/AM-03-010 | Blueprint domain resource: https://geospacebok.eu/AM | https://geospacebok.eu/GC
3,B,More Challenging,74,Analytical Methods & GeoComputation,"A planning or environmental GIS project encounters the following situation. Why should suitability criteria measured in meters, dollars, and percent slope be standardized before weighted combination?",D,GIS&T BoK remediation: [AM-03-013] Multi-Criteria Evaluation — https://gistbok-topics.ucgis.org/AM-03-013 | Blueprint domain resource: https://geospacebok.eu/AM | https://geospacebok.eu/GC
3,B,More Challenging,75,GI & Society,A GIS analyst is completing a routine professional workflow. Which technique can reduce privacy risk for individual point locations while preserving some aggregate spatial pattern?,C,GIS&T BoK remediation: [GS-01-004] Location Privacy — https://gistbok-topics.ucgis.org/GS-01-004 | Blueprint domain resource: https://geospacebok.eu/GS
3,C,Difficult,1,Conceptual Foundations,"Assume the input data are valid and appropriately projected unless stated otherwise. Which approach best satisfies the analytical requirement? At a representative fraction of 1:50,000, 2 cm on the map represents how much ground distance?",A,GIS&T BoK remediation: GIS&T BoK | Blueprint domain resource: https://geospacebok.eu/CF
3,C,Difficult,2,"Platforms, Sensors, Physics & Image Processing","A project team is documenting a defensible professional workflow. Several choices could produce related outputs; choose the one that most directly answers the question. A sensor records reflected energy in blue, green, red, and near-infrared bands. What type of imagery is this?",C,GIS&T BoK remediation: [DC-03-016] Nature of Multispectral Image Data — https://gistbok-topics.ucgis.org/DC-03-016 | Blueprint domain resource: https://geospacebok.eu/PS | https://geospacebok.eu/PP | https://geospacebok.eu/IP
3,C,Difficult,3,Geospatial Data,The analyst wants to avoid a method that is merely convenient but does not exactly match the stated spatial or statistical objective. Which answer is best? Geocoding places an address using an address range along a street segment. What method is commonly used?,C,GIS&T BoK remediation: [DC-02-037] Texts — https://gistbok-topics.ucgis.org/DC-02-037 | Blueprint domain resource: https://geospacebok.eu/GD
3,C,Difficult,4,Geospatial Data,"Choose the most appropriate method given the stated assumptions and intended interpretation, not simply a method that could produce a visually similar result. A dataset digitized from 1:250,000 maps is displayed at 1:2,000. What is the key caution?",B,"GIS&T BoK remediation: [DM-07-057] Data Evaluation, Metadata, and Data Quality — https://gistbok-topics.ucgis.org/DM-07-057 | Blueprint domain resource: https://geospacebok.eu/GD"
3,C,Difficult,5,Cartography & Visualization,"Which option would be the strongest methodological choice for this GIS task, recognizing that the alternatives are also legitimate GIS techniques? For a very large point dataset, why might aggregation or density surfaces improve visualization?",C,GIS&T BoK remediation: [CV-05-019] Big Data Visualization — https://gistbok-topics.ucgis.org/CV-05-019 | Blueprint domain resource: https://geospacebok.eu/CV
3,C,Difficult,6,Organizational & Institutional Aspects,A GIS analyst must choose among several technically plausible approaches. Select the best option for the stated objective. What most clearly distinguishes a GIS developer from a GIS technician?,A,GIS&T BoK remediation: [KE-01-024] GIS&T Positions and Qualifications — https://gistbok-topics.ucgis.org/KE-01-024 | Blueprint domain resource: https://geospacebok.eu/OI
3,C,Difficult,7,Organizational & Institutional Aspects,Assume the input data are valid and appropriately projected unless stated otherwise. Which approach best satisfies the analytical requirement? A GIS project keeps adding undocumented requirements without adjusting time or budget. What is this called?,B,GIS&T BoK remediation: [KE-04-012] GIS&T Project Planning and Management — https://gistbok-topics.ucgis.org/KE-04-012 | Blueprint domain resource: https://geospacebok.eu/OI
3,C,Difficult,8,Data Modeling,A project team is documenting a defensible professional workflow. Several choices could produce related outputs; choose the one that most directly answers the question. Two editors modify the same feature concurrently. What database issue must be managed?,A,GIS&T BoK remediation: [DM-06-089] Transaction Management — https://gistbok-topics.ucgis.org/DM-06-089 | Blueprint domain resource: https://geospacebok.eu/DM
3,C,Difficult,9,Conceptual Foundations,The analyst wants to avoid a method that is merely convenient but does not exactly match the stated spatial or statistical objective. Which answer is best? A bearing of 90 degrees corresponds approximately to which cardinal direction?,C,GIS&T BoK remediation: [FC-05-014] Directional Operations — https://gistbok-topics.ucgis.org/FC-05-014 | Blueprint domain resource: https://geospacebok.eu/CF
3,C,Difficult,10,Web-Based GIS,"Choose the most appropriate method given the stated assumptions and intended interpretation, not simply a method that could produce a visually similar result. Why are cached raster tiles fast to display?",B,GIS&T BoK remediation: [CV-05-015] Web Mapping — https://gistbok-topics.ucgis.org/CV-05-015 | Blueprint domain resource: https://geospacebok.eu/WB
3,C,Difficult,11,"Platforms, Sensors, Physics & Image Processing","Which option would be the strongest methodological choice for this GIS task, recognizing that the alternatives are also legitimate GIS techniques? Why is water often dark in near-infrared imagery?",A,GIS&T BoK remediation: GIS&T BoK | Blueprint domain resource: https://geospacebok.eu/PS | https://geospacebok.eu/PP | https://geospacebok.eu/IP
3,C,Difficult,12,Analytical Methods & GeoComputation,A GIS analyst must choose among several technically plausible approaches. Select the best option for the stated objective. Which polygon-neighbor rule requires a shared boundary segment rather than a corner-only touch?,B,GIS&T BoK remediation: [AM-03-011] Spatial Statistics — https://gistbok-topics.ucgis.org/AM-03-011 | Blueprint domain resource: https://geospacebok.eu/AM | https://geospacebok.eu/GC
3,C,Difficult,13,Cartography & Visualization,Assume the input data are valid and appropriately projected unless stated otherwise. Which approach best satisfies the analytical requirement? Natural breaks/Jenks seeks class boundaries that do what?,B,"GIS&T BoK remediation: [CV-03-005] Statistical Mapping (Enumeration, Normalization, Classification) — https://gistbok-topics.ucgis.org/CV-03-005 | Blueprint domain resource: https://geospacebok.eu/CV"
3,C,Difficult,14,GI & Society,A project team is documenting a defensible professional workflow. Several choices could produce related outputs; choose the one that most directly answers the question. Open public data contain precise critical-infrastructure locations. What principle should guide release?,D,"GIS&T BoK remediation: [GS-03-021] Balancing Data Access. Security, and Privacy — https://gistbok-topics.ucgis.org/GS-03-021 | Blueprint domain resource: https://geospacebok.eu/GS"
3,C,Difficult,15,Conceptual Foundations,The analyst wants to avoid a method that is merely convenient but does not exactly match the stated spatial or statistical objective. Which answer is best? A parcel layer contains overlaps even though parcel interiors are supposed to be mutually exclusive. What type of problem is this?,B,GIS&T BoK remediation: [DM-01-028] Topological Relationships — https://gistbok-topics.ucgis.org/DM-01-028 | Blueprint domain resource: https://geospacebok.eu/CF
3,C,Difficult,16,Data Modeling,"Choose the most appropriate method given the stated assumptions and intended interpretation, not simply a method that could produce a visually similar result. In this context, which statement most accurately describes a purpose of Z-order or Morton ordering?",B,"GIS&T BoK remediation: [DM-03-072] Space-driven Structures: Grid, linear quadtree, and z-ordering tree files — https://gistbok-topics.ucgis.org/DM-03-072 | Blueprint domain resource: https://geospacebok.eu/DM"
3,C,Difficult,17,Data Modeling,"Which option would be the strongest methodological choice for this GIS task, recognizing that the alternatives are also legitimate GIS techniques? In this context, which statement most accurately describes a spatial data infrastructure?",B,GIS&T BoK remediation: [DM-07-060] Spatial Data Infrastructures — https://gistbok-topics.ucgis.org/DM-07-060 | Blueprint domain resource: https://geospacebok.eu/DM
3,C,Difficult,18,Analytical Methods & GeoComputation,A GIS analyst must choose among several technically plausible approaches. Select the best option for the stated objective. Which terrain derivative measures steepness of elevation change?,C,GIS&T BoK remediation: [AM-04-055] Digital Terrain Models and Terrain Metrics — https://gistbok-topics.ucgis.org/AM-04-055 | Blueprint domain resource: https://geospacebok.eu/AM | https://geospacebok.eu/GC
3,C,Difficult,19,Analytical Methods & GeoComputation,Assume the input data are valid and appropriately projected unless stated otherwise. Which approach best satisfies the analytical requirement? A distance-to-road raster must identify cells within 500 m as suitable. Which operation is appropriate?,C,GIS&T BoK remediation: [AM-02-006] Grid Operations and Map Algebra — https://gistbok-topics.ucgis.org/AM-02-006 | Blueprint domain resource: https://geospacebok.eu/AM | https://geospacebok.eu/GC
3,C,Difficult,20,Design of Systems,"A project team is documenting a defensible professional workflow. Several choices could produce related outputs; choose the one that most directly answers the question. In this context, which statement most accurately describes integration testing intended to verify?",A,"GIS&T BoK remediation: [PD-02-005] Design, Development, Testing, and Deployment of GIS Applications — https://gistbok-topics.ucgis.org/PD-02-005 | Blueprint domain resource: https://geospacebok.eu/DA"
3,C,Difficult,21,"Platforms, Sensors, Physics & Image Processing",The analyst wants to avoid a method that is merely convenient but does not exactly match the stated spatial or statistical objective. Which answer is best? What does temporal resolution describe?,B,GIS&T BoK remediation: [DC-03-026] Remote Sensing Platforms — https://gistbok-topics.ucgis.org/DC-03-026 | Blueprint domain resource: https://geospacebok.eu/PS | https://geospacebok.eu/PP | https://geospacebok.eu/IP
3,C,Difficult,22,Geospatial Data,"Choose the most appropriate method given the stated assumptions and intended interpretation, not simply a method that could produce a visually similar result. Why can street addresses be poor stable unique identifiers?",C,GIS&T BoK remediation: [DC-05-002] Land records — https://gistbok-topics.ucgis.org/DC-05-002 | Blueprint domain resource: https://geospacebok.eu/GD
3,C,Difficult,23,Organizational & Institutional Aspects,"Which option would be the strongest methodological choice for this GIS task, recognizing that the alternatives are also legitimate GIS techniques? Why should a GIS program measure service performance?",A,GIS&T BoK remediation: [KE-03-021] System Modelling for Effective GIS Management — https://gistbok-topics.ucgis.org/KE-03-021 | Blueprint domain resource: https://geospacebok.eu/OI
3,C,Difficult,24,Conceptual Foundations,A GIS analyst must choose among several technically plausible approaches. Select the best option for the stated objective. Orthometric height is most closely referenced to what surface?,D,GIS&T BoK remediation: GIS&T BoK | Blueprint domain resource: https://geospacebok.eu/CF
3,C,Difficult,25,Conceptual Foundations,Assume the input data are valid and appropriately projected unless stated otherwise. Which approach best satisfies the analytical requirement? A compass direction of southwest corresponds to an azimuth of approximately what?,A,GIS&T BoK remediation: [FC-05-014] Directional Operations — https://gistbok-topics.ucgis.org/FC-05-014 | Blueprint domain resource: https://geospacebok.eu/CF
3,C,Difficult,26,"Platforms, Sensors, Physics & Image Processing",A project team is documenting a defensible professional workflow. Several choices could produce related outputs; choose the one that most directly answers the question. Passive optical imagery is strongly limited by what weather condition?,A,GIS&T BoK remediation: [DC-03-026] Remote Sensing Platforms — https://gistbok-topics.ucgis.org/DC-03-026 | Blueprint domain resource: https://geospacebok.eu/PS | https://geospacebok.eu/PP | https://geospacebok.eu/IP
3,C,Difficult,27,Organizational & Institutional Aspects,"The analyst wants to avoid a method that is merely convenient but does not exactly match the stated spatial or statistical objective. Which answer is best? In this context, which statement most accurately describes change management in a GIS implementation?",D,GIS&T BoK remediation: [KE-04-003] Strategic Planning for GIS Design — https://gistbok-topics.ucgis.org/KE-04-003 | Blueprint domain resource: https://geospacebok.eu/OI
3,C,Difficult,28,Analytical Methods & GeoComputation,"Choose the most appropriate method given the stated assumptions and intended interpretation, not simply a method that could produce a visually similar result. A fitted semivariogram has a range of 8 km. What does this usually imply about pairs separated by much more than 8 km?",B,GIS&T BoK remediation: [AM-04-029] Kriging Interpolation — https://gistbok-topics.ucgis.org/AM-04-029 | Blueprint domain resource: https://geospacebok.eu/AM | https://geospacebok.eu/GC
3,C,Difficult,29,Data Modeling,"Which option would be the strongest methodological choice for this GIS task, recognizing that the alternatives are also legitimate GIS techniques? Two road datasets depict the same features with slightly different geometry and attributes. What process seeks to reconcile them into one consistent dataset?",B,GIS&T BoK remediation: [DM-02-071] Geospatial Data Conflation — https://gistbok-topics.ucgis.org/DM-02-071 | Blueprint domain resource: https://geospacebok.eu/DM
3,C,Difficult,30,Thematic & Application Domains,A GIS analyst must choose among several technically plausible approaches. Select the best option for the stated objective. An emergency manager must route ambulances around flooded roads. Which GIS capability is required?,A,GIS&T BoK remediation: [AM-05-043] Location and Service Area Problems — https://gistbok-topics.ucgis.org/AM-05-043 | Blueprint domain resource: https://geospacebok.eu/TA
3,C,Difficult,31,Cartography & Visualization,Assume the input data are valid and appropriately projected unless stated otherwise. Which approach best satisfies the analytical requirement? Why can multivariate maps become difficult to interpret?,D,GIS&T BoK remediation: [CV-04-012] Multivariate Mapping — https://gistbok-topics.ucgis.org/CV-04-012 | Blueprint domain resource: https://geospacebok.eu/CV
3,C,Difficult,32,Analytical Methods & GeoComputation,A project team is documenting a defensible professional workflow. Several choices could produce related outputs; choose the one that most directly answers the question. A slope raster must be converted to 1 for cells steeper than 20% and 0 otherwise. Which map-algebra expression is most direct?,D,GIS&T BoK remediation: [AM-02-006] Grid Operations and Map Algebra — https://gistbok-topics.ucgis.org/AM-02-006 | Blueprint domain resource: https://geospacebok.eu/AM | https://geospacebok.eu/GC
3,C,Difficult,33,Thematic & Application Domains,The analyst wants to avoid a method that is merely convenient but does not exactly match the stated spatial or statistical objective. Which answer is best? Satellite imagery shows low vegetation vigor in parts of a field. What is the most defensible next step before changing management?,D,GIS&T BoK remediation: [DA-001] GIS&T and Agriculture — https://gistbok-topics.ucgis.org/DA-001 | Blueprint domain resource: https://geospacebok.eu/TA
3,C,Difficult,34,Conceptual Foundations,"Choose the most appropriate method given the stated assumptions and intended interpretation, not simply a method that could produce a visually similar result. Why is one UTM zone usually unsuitable for a continent spanning many zones?",B,GIS&T BoK remediation: [DM-05-048] Planar Coordinate Systems and the U. S. National Grid — https://gistbok-topics.ucgis.org/DM-05-048 | Blueprint domain resource: https://geospacebok.eu/CF
3,C,Difficult,35,Analytical Methods & GeoComputation,"Which option would be the strongest methodological choice for this GIS task, recognizing that the alternatives are also legitimate GIS techniques? The observed average nearest-neighbor distance is much larger than expected under randomness and the z-score is strongly positive. What pattern is indicated?",C,GIS&T BoK remediation: [AM-03-007] Point Pattern Analysis — https://gistbok-topics.ucgis.org/AM-03-007 | Blueprint domain resource: https://geospacebok.eu/AM | https://geospacebok.eu/GC
3,C,Difficult,36,Design of Systems,"A GIS analyst must choose among several technically plausible approaches. Select the best option for the stated objective. In this context, which statement most accurately describes regression testing?",B,"GIS&T BoK remediation: [PD-02-005] Design, Development, Testing, and Deployment of GIS Applications — https://gistbok-topics.ucgis.org/PD-02-005 | Blueprint domain resource: https://geospacebok.eu/DA"
3,C,Difficult,37,Design of Systems,Assume the input data are valid and appropriately projected unless stated otherwise. Which approach best satisfies the analytical requirement? PySAL is especially associated with what?,A,GIS&T BoK remediation: [PD-05-031] PySAL and Spatial Statistics Libraries — https://gistbok-topics.ucgis.org/PD-05-031 | Blueprint domain resource: https://geospacebok.eu/DA
3,C,Difficult,38,Cartography & Visualization,"A project team is documenting a defensible professional workflow. Several choices could produce related outputs; choose the one that most directly answers the question. In this context, which statement most accurately describes one risk of narrative mapping?",B,GIS&T BoK remediation: [CV-04-033] Narrative and Storytelling — https://gistbok-topics.ucgis.org/CV-04-033 | Blueprint domain resource: https://geospacebok.eu/CV
3,C,Difficult,39,Design of Systems,The analyst wants to avoid a method that is merely convenient but does not exactly match the stated spatial or statistical objective. Which answer is best? A cloud system automatically adds instances during traffic spikes. What capability is this?,C,GIS&T BoK remediation: [CP-01-008] Spatial Cloud Computing — https://gistbok-topics.ucgis.org/CP-01-008 | Blueprint domain resource: https://geospacebok.eu/DA
3,C,Difficult,40,Geospatial Data,"Choose the most appropriate method given the stated assumptions and intended interpretation, not simply a method that could produce a visually similar result. Aerial photographs show tall objects displaced radially away from the image center. What causes this?",D,GIS&T BoK remediation: [DC-02-010] Aerial Photography: History and Georeferencing — https://gistbok-topics.ucgis.org/DC-02-010 | Blueprint domain resource: https://geospacebok.eu/GD
3,C,Difficult,41,Conceptual Foundations,"Which option would be the strongest methodological choice for this GIS task, recognizing that the alternatives are also legitimate GIS techniques? Why can no flat world map preserve area, shape, distance, and direction everywhere at once?",D,GIS&T BoK remediation: [CV-03-006] Map Projections — https://gistbok-topics.ucgis.org/CV-03-006 | Blueprint domain resource: https://geospacebok.eu/CF
3,C,Difficult,42,Cartography & Visualization,A GIS analyst must choose among several technically plausible approaches. Select the best option for the stated objective. A choropleth map should generally display what kind of variable?,D,"GIS&T BoK remediation: [CV-03-005] Statistical Mapping (Enumeration, Normalization, Classification) — https://gistbok-topics.ucgis.org/CV-03-005 | Blueprint domain resource: https://geospacebok.eu/CV"
3,C,Difficult,43,"Platforms, Sensors, Physics & Image Processing",Assume the input data are valid and appropriately projected unless stated otherwise. Which approach best satisfies the analytical requirement? What makes LiDAR an active sensor?,C,GIS&T BoK remediation: [DC-03-027] Light Detection and Ranging (LiDAR) — https://gistbok-topics.ucgis.org/DC-03-027 | Blueprint domain resource: https://geospacebok.eu/PS | https://geospacebok.eu/PP | https://geospacebok.eu/IP
3,C,Difficult,44,Conceptual Foundations,A project team is documenting a defensible professional workflow. Several choices could produce related outputs; choose the one that most directly answers the question. A dataset records events with both timestamps and locations. Which representation explicitly integrates these dimensions?,A,GIS&T BoK remediation: [FC-04-009] Relationships Between Space and Time — https://gistbok-topics.ucgis.org/FC-04-009 | Blueprint domain resource: https://geospacebok.eu/CF
3,C,Difficult,45,Design of Systems,"The analyst wants to avoid a method that is merely convenient but does not exactly match the stated spatial or statistical objective. Which answer is best? In a three-tier GIS architecture, what is the main role of the application or service tier?",B,GIS&T BoK remediation: [CP-04-029] Enterprise GIS — https://gistbok-topics.ucgis.org/CP-04-029 | Blueprint domain resource: https://geospacebok.eu/DA
3,C,Difficult,46,Conceptual Foundations,"Choose the most appropriate method given the stated assumptions and intended interpretation, not simply a method that could produce a visually similar result. Nearby counties tend to have more similar unemployment rates than distant counties. Which principle is illustrated?",B,"GIS&T BoK remediation: [FC-05-043] First, Second, and Third Laws of Geography — https://gistbok-topics.ucgis.org/FC-05-043 | Blueprint domain resource: https://geospacebok.eu/CF"
3,C,Difficult,47,Analytical Methods & GeoComputation,"Which option would be the strongest methodological choice for this GIS task, recognizing that the alternatives are also legitimate GIS techniques? Slope, land value, and transit access have been standardized to a common scale and assigned importance weights. Which operation best combines them?",C,GIS&T BoK remediation: [AM-03-013] Multi-Criteria Evaluation — https://gistbok-topics.ucgis.org/AM-03-013 | Blueprint domain resource: https://geospacebok.eu/AM | https://geospacebok.eu/GC
3,C,Difficult,48,"Platforms, Sensors, Physics & Image Processing",A GIS analyst must choose among several technically plausible approaches. Select the best option for the stated objective. Random Forest classification combines what?,B,GIS&T BoK remediation: [DC-04-014] Feature Extraction from Satellite Imagery — https://gistbok-topics.ucgis.org/DC-04-014 | Blueprint domain resource: https://geospacebok.eu/PS | https://geospacebok.eu/PP | https://geospacebok.eu/IP
3,C,Difficult,49,"Platforms, Sensors, Physics & Image Processing","Assume the input data are valid and appropriately projected unless stated otherwise. Which approach best satisfies the analytical requirement? Which aerial-photo interpretation cue refers to the recognizable form of an object, such as a runway or circular tank?",B,GIS&T BoK remediation: [DC-04-012] Fundamentals of Aerial Photo Interpretation — https://gistbok-topics.ucgis.org/DC-04-012 | Blueprint domain resource: https://geospacebok.eu/PS | https://geospacebok.eu/PP | https://geospacebok.eu/IP
3,C,Difficult,50,Thematic & Application Domains,A project team is documenting a defensible professional workflow. Several choices could produce related outputs; choose the one that most directly answers the question. A public-health analyst wants population within 10-minute travel time of clinics. Which workflow best fits?,A,GIS&T BoK remediation: [AM-05-043] Location and Service Area Problems — https://gistbok-topics.ucgis.org/AM-05-043 | Blueprint domain resource: https://geospacebok.eu/TA
3,C,Difficult,51,Data Modeling,The analyst wants to avoid a method that is merely convenient but does not exactly match the stated spatial or statistical objective. Which answer is best? What type of data is especially well suited to an array database?,B,GIS&T BoK remediation: [DM-01-081] Array Databases — https://gistbok-topics.ucgis.org/DM-01-081 | Blueprint domain resource: https://geospacebok.eu/DM
3,C,Difficult,52,Geospatial Data,"Choose the most appropriate method given the stated assumptions and intended interpretation, not simply a method that could produce a visually similar result. Why are land records not always equivalent to precise surveyed boundary geometry?",A,GIS&T BoK remediation: [DC-05-002] Land records — https://gistbok-topics.ucgis.org/DC-05-002 | Blueprint domain resource: https://geospacebok.eu/GD
3,C,Difficult,53,Conceptual Foundations,"Which option would be the strongest methodological choice for this GIS task, recognizing that the alternatives are also legitimate GIS techniques? The measured length of a coastline increases when progressively finer measurement units are used. What concept does this illustrate?",C,"GIS&T BoK remediation: [DM-05-044] Earth's Shape, Sea Level, and the Geoid — https://gistbok-topics.ucgis.org/DM-05-044 | Blueprint domain resource: https://geospacebok.eu/CF"
3,C,Difficult,54,Analytical Methods & GeoComputation,A GIS analyst must choose among several technically plausible approaches. Select the best option for the stated objective. A distributor must visit 25 customers and return to the depot while minimizing total travel cost. Which class of problem is this?,D,GIS&T BoK remediation: [AM-05-076] Network Route & Tour Problems in Geographic Information Systems — https://gistbok-topics.ucgis.org/AM-05-076 | Blueprint domain resource: https://geospacebok.eu/AM | https://geospacebok.eu/GC
3,C,Difficult,55,Analytical Methods & GeoComputation,Assume the input data are valid and appropriately projected unless stated otherwise. Which approach best satisfies the analytical requirement? A prediction is reported as 42 ± 8 units. What does the ± term communicate?,A,GIS&T BoK remediation: [AM-09-106] Error-based Uncertainty — https://gistbok-topics.ucgis.org/AM-09-106 | Blueprint domain resource: https://geospacebok.eu/AM | https://geospacebok.eu/GC
3,C,Difficult,56,Geospatial Data,A project team is documenting a defensible professional workflow. Several choices could produce related outputs; choose the one that most directly answers the question. A historical map was made for a political purpose and omits informal settlements. What should a modern analyst recognize?,B,GIS&T BoK remediation: [DC-02-036] Historical Maps in GIS — https://gistbok-topics.ucgis.org/DC-02-036 | Blueprint domain resource: https://geospacebok.eu/GD
3,C,Difficult,57,Thematic & Application Domains,The analyst wants to avoid a method that is merely convenient but does not exactly match the stated spatial or statistical objective. Which answer is best? A transportation engineer wants to identify intersections with unusually high crash concentrations while accounting for exposure. Which approach is strongest?,C,GIS&T BoK remediation: [DA-004] GIS&T and Civil Engineering — https://gistbok-topics.ucgis.org/DA-004 | Blueprint domain resource: https://geospacebok.eu/TA
3,C,Difficult,58,Conceptual Foundations,"Choose the most appropriate method given the stated assumptions and intended interpretation, not simply a method that could produce a visually similar result. A neighborhood is defined as the five nearest observations to each feature. What is being constructed?",A,GIS&T BoK remediation: [FC-04-040] Neighborhoods — https://gistbok-topics.ucgis.org/FC-04-040 | Blueprint domain resource: https://geospacebok.eu/CF
3,C,Difficult,59,Analytical Methods & GeoComputation,"Which option would be the strongest methodological choice for this GIS task, recognizing that the alternatives are also legitimate GIS techniques? An analyst wants to find high-value clusters, low-value clusters, and spatial outliers such as high values surrounded by lows. Which statistic is most suitable?",B,GIS&T BoK remediation: [AM-03-023] Local Measures of Spatial Association — https://gistbok-topics.ucgis.org/AM-03-023 | Blueprint domain resource: https://geospacebok.eu/AM | https://geospacebok.eu/GC
3,C,Difficult,60,Data Modeling,A GIS analyst must choose among several technically plausible approaches. Select the best option for the stated objective. Why can spatial joins be computationally expensive on very large datasets?,A,GIS&T BoK remediation: [DM-04-077] Spatial Joins — https://gistbok-topics.ucgis.org/DM-04-077 | Blueprint domain resource: https://geospacebok.eu/DM
3,C,Difficult,61,Data Modeling,"Assume the input data are valid and appropriately projected unless stated otherwise. Which approach best satisfies the analytical requirement? In this context, which statement most accurately describes the main objective of the U.S. National Spatial Data Infrastructure?",B,GIS&T BoK remediation: [DM-07-079] U.S. National Spatial Data Infrastructure — https://gistbok-topics.ucgis.org/DM-07-079 | Blueprint domain resource: https://geospacebok.eu/DM
3,C,Difficult,62,Cartography & Visualization,A project team is documenting a defensible professional workflow. Several choices could produce related outputs; choose the one that most directly answers the question. Which map type connects locations with lines whose width may represent movement volume?,B,GIS&T BoK remediation: [CV-04-031] Flow Maps — https://gistbok-topics.ucgis.org/CV-04-031 | Blueprint domain resource: https://geospacebok.eu/CV
3,C,Difficult,63,Analytical Methods & GeoComputation,The analyst wants to avoid a method that is merely convenient but does not exactly match the stated spatial or statistical objective. Which answer is best? Why should ordinary terrain contour lines generally not cross?,A,"GIS&T BoK remediation: [AM-04-067] Gridding, Interpolation, and Contouring — https://gistbok-topics.ucgis.org/AM-04-067 | Blueprint domain resource: https://geospacebok.eu/AM | https://geospacebok.eu/GC"
3,C,Difficult,64,Cartography & Visualization,"Choose the most appropriate method given the stated assumptions and intended interpretation, not simply a method that could produce a visually similar result. A cartogram intentionally changes polygon size according to what?",A,GIS&T BoK remediation: [CV-04-032] Cartograms — https://gistbok-topics.ucgis.org/CV-04-032 | Blueprint domain resource: https://geospacebok.eu/CV
3,C,Difficult,65,Design of Systems,"Which option would be the strongest methodological choice for this GIS task, recognizing that the alternatives are also legitimate GIS techniques? Why is a staging environment useful before production deployment?",C,"GIS&T BoK remediation: [PD-02-005] Design, Development, Testing, and Deployment of GIS Applications — https://gistbok-topics.ucgis.org/PD-02-005 | Blueprint domain resource: https://geospacebok.eu/DA"
3,C,Difficult,66,Cartography & Visualization,A GIS analyst must choose among several technically plausible approaches. Select the best option for the stated objective. How should a river label generally be positioned?,C,GIS&T BoK remediation: [CV-03-010] Typography — https://gistbok-topics.ucgis.org/CV-03-010 | Blueprint domain resource: https://geospacebok.eu/CV
3,C,Difficult,67,"Platforms, Sensors, Physics & Image Processing",Assume the input data are valid and appropriately projected unless stated otherwise. Which approach best satisfies the analytical requirement? Why must refraction be considered in shallow-water bathymetric LiDAR?,D,GIS&T BoK remediation: [DC-03-040] Airborne LiDAR Bathymetry — https://gistbok-topics.ucgis.org/DC-03-040 | Blueprint domain resource: https://geospacebok.eu/PS | https://geospacebok.eu/PP | https://geospacebok.eu/IP
3,C,Difficult,68,Geospatial Data,A project team is documenting a defensible professional workflow. Several choices could produce related outputs; choose the one that most directly answers the question. Why is independent ground reference data important for validating remotely sensed classifications?,C,GIS&T BoK remediation: [DC-04-019] Ground Verification and Accuracy Assessment — https://gistbok-topics.ucgis.org/DC-04-019 | Blueprint domain resource: https://geospacebok.eu/GD
3,C,Difficult,69,Data Modeling,"The analyst wants to avoid a method that is merely convenient but does not exactly match the stated spatial or statistical objective. Which answer is best? In this context, which statement most accurately describes the geoid?",C,GIS&T BoK remediation: GIS&T BoK | Blueprint domain resource: https://geospacebok.eu/DM
3,C,Difficult,70,Data Modeling,"Choose the most appropriate method given the stated assumptions and intended interpretation, not simply a method that could produce a visually similar result. A building information model includes volumetric rooms and floors. What representation is needed beyond ordinary 2-D geometry?",C,GIS&T BoK remediation: [DM-02-021] Modeling three-dimensional (3-D) entities — https://gistbok-topics.ucgis.org/DM-02-021 | Blueprint domain resource: https://geospacebok.eu/DM
3,C,Difficult,71,Geospatial Data,"Which option would be the strongest methodological choice for this GIS task, recognizing that the alternatives are also legitimate GIS techniques? Why can stratified sampling improve estimates?",C,GIS&T BoK remediation: [AM-03-026] Spatial Sampling for Spatial Analysis — https://gistbok-topics.ucgis.org/AM-03-026 | Blueprint domain resource: https://geospacebok.eu/GD
3,C,Difficult,72,Organizational & Institutional Aspects,A GIS analyst must choose among several technically plausible approaches. Select the best option for the stated objective. Why do professional geospatial organizations matter?,D,GIS&T BoK remediation: [KE-02-027] Value of Professional Geospatial Organizations — https://gistbok-topics.ucgis.org/KE-02-027 | Blueprint domain resource: https://geospacebok.eu/OI
3,C,Difficult,73,Analytical Methods & GeoComputation,Assume the input data are valid and appropriately projected unless stated otherwise. Which approach best satisfies the analytical requirement? A gravity model predicts interaction between places primarily as a function of what?,B,GIS&T BoK remediation: [AM-03-010] Spatial Interaction — https://gistbok-topics.ucgis.org/AM-03-010 | Blueprint domain resource: https://geospacebok.eu/AM | https://geospacebok.eu/GC
3,C,Difficult,74,Analytical Methods & GeoComputation,"A project team is documenting a defensible professional workflow. Several choices could produce related outputs; choose the one that most directly answers the question. Why should suitability criteria measured in meters, dollars, and percent slope be standardized before weighted combination?",B,GIS&T BoK remediation: [AM-03-013] Multi-Criteria Evaluation — https://gistbok-topics.ucgis.org/AM-03-013 | Blueprint domain resource: https://geospacebok.eu/AM | https://geospacebok.eu/GC
3,C,Difficult,75,GI & Society,The analyst wants to avoid a method that is merely convenient but does not exactly match the stated spatial or statistical objective. Which answer is best? Which technique can reduce privacy risk for individual point locations while preserving some aggregate spatial pattern?,B,GIS&T BoK remediation: [GS-01-004] Location Privacy — https://gistbok-topics.ucgis.org/GS-01-004 | Blueprint domain resource: https://geospacebok.eu/GS
4,A,Standard,1,Conceptual Foundations,A GPS point is measured repeatedly within 0.5 m of itself but is 8 m from surveyed truth. How is it characterized?,D,GIS&T BoK remediation: [FC-07-024] Conceptual Models of Error and Uncertainty — https://gistbok-topics.ucgis.org/FC-07-024 | Blueprint domain resource: https://geospacebok.eu/CF
4,A,Standard,2,Cartography & Visualization,Why can a north arrow be unnecessary on some maps?,D,GIS&T BoK remediation: [CV-06-021] Map Reading — https://gistbok-topics.ucgis.org/CV-06-021 | Blueprint domain resource: https://geospacebok.eu/CV
4,A,Standard,3,Thematic & Application Domains,A civil engineer needs earthwork cut and fill volumes for a road project. Which data are essential?,D,GIS&T BoK remediation: [DA-004] GIS&T and Civil Engineering — https://gistbok-topics.ucgis.org/DA-004 | Blueprint domain resource: https://geospacebok.eu/TA
4,A,Standard,4,Data Modeling,What is a conceptual data model?,B,GIS&T BoK remediation: [DM-01-034] Conceptual Data Models — https://gistbok-topics.ucgis.org/DM-01-034 | Blueprint domain resource: https://geospacebok.eu/DM
4,A,Standard,5,"Platforms, Sensors, Physics & Image Processing",Why does ocean acoustic imaging use sound rather than visible light for many underwater measurements?,A,GIS&T BoK remediation: [DC-03-033] Acoustic Imaging of the Oceans — https://gistbok-topics.ucgis.org/DC-03-033 | Blueprint domain resource: https://geospacebok.eu/PS | https://geospacebok.eu/PP | https://geospacebok.eu/IP
4,A,Standard,6,Analytical Methods & GeoComputation,"Which interpolation method weights nearby observations more heavily with influence declining directly with distance, without fitting a variogram?",C,GIS&T BoK remediation: [AM-04-070] Inverse Distance Weighting — https://gistbok-topics.ucgis.org/AM-04-070 | Blueprint domain resource: https://geospacebok.eu/AM | https://geospacebok.eu/GC
4,A,Standard,7,"Platforms, Sensors, Physics & Image Processing",What do first-return LiDAR points commonly correspond to?,C,GIS&T BoK remediation: [DC-03-027] Light Detection and Ranging (LiDAR) — https://gistbok-topics.ucgis.org/DC-03-027 | Blueprint domain resource: https://geospacebok.eu/PS | https://geospacebok.eu/PP | https://geospacebok.eu/IP
4,A,Standard,8,Cartography & Visualization,Which color scheme is most appropriate for ordered low-to-high values with no meaningful midpoint?,C,GIS&T BoK remediation: [CV-03-009] Color Theory — https://gistbok-topics.ucgis.org/CV-03-009 | Blueprint domain resource: https://geospacebok.eu/CV
4,A,Standard,9,Data Modeling,What does an R-tree spatial index organize hierarchically?,C,GIS&T BoK remediation: [DM-03-066] Spatial Indexing — https://gistbok-topics.ucgis.org/DM-03-066 | Blueprint domain resource: https://geospacebok.eu/DM
4,A,Standard,10,Design of Systems,Why should sensitive API keys not be embedded openly in client-side JavaScript?,C,GIS&T BoK remediation: [PD-03-019] GIS APIs — https://gistbok-topics.ucgis.org/PD-03-018 | Blueprint domain resource: https://geospacebok.eu/DA
4,A,Standard,11,Organizational & Institutional Aspects,What is a possible advantage of a decentralized GIS organizational model?,C,GIS&T BoK remediation: [KE-03-033] Organizational Models for GIS Management — https://gistbok-topics.ucgis.org/KE-03-033 | Blueprint domain resource: https://geospacebok.eu/OI
4,A,Standard,12,Analytical Methods & GeoComputation,"To estimate vegetation canopy height from LiDAR-derived surfaces, which difference is commonly calculated?",A,GIS&T BoK remediation: [AM-04-099] LiDAR Point Cloud Analysis — https://gistbok-topics.ucgis.org/AM-04-099 | Blueprint domain resource: https://geospacebok.eu/AM | https://geospacebok.eu/GC
4,A,Standard,13,"Platforms, Sensors, Physics & Image Processing",A geostationary satellite is especially suitable for what?,C,GIS&T BoK remediation: [DC-03-026] Remote Sensing Platforms — https://gistbok-topics.ucgis.org/DC-03-026 | Blueprint domain resource: https://geospacebok.eu/PS | https://geospacebok.eu/PP | https://geospacebok.eu/IP
4,A,Standard,14,Conceptual Foundations,What is positional accuracy?,A,GIS&T BoK remediation: [FC-07-024] Conceptual Models of Error and Uncertainty — https://gistbok-topics.ucgis.org/FC-07-024 | Blueprint domain resource: https://geospacebok.eu/CF
4,A,Standard,15,Organizational & Institutional Aspects,Why is training a core GIS implementation cost?,C,GIS&T BoK remediation: [KE-01-025] GIS&T Education and Training — https://gistbok-topics.ucgis.org/KE-01-025 | Blueprint domain resource: https://geospacebok.eu/OI
4,A,Standard,16,GI & Society,Why can aggregation choices matter greatly in legislative redistricting?,B,GIS&T BoK remediation: [GS-02-020] Aggregation of Spatial Entities and Legislative Redistricting — https://gistbok-topics.ucgis.org/GS-02-020 | Blueprint domain resource: https://geospacebok.eu/GS
4,A,Standard,17,Geospatial Data,Producer’s accuracy is most closely associated with which type of classification error?,D,GIS&T BoK remediation: [DC-04-019] Ground Verification and Accuracy Assessment — https://gistbok-topics.ucgis.org/DC-04-019 | Blueprint domain resource: https://geospacebok.eu/GD
4,A,Standard,18,Thematic & Application Domains,Why are yield maps often combined with soil and terrain layers?,A,GIS&T BoK remediation: [DA-001] GIS&T and Agriculture — https://gistbok-topics.ucgis.org/DA-001 | Blueprint domain resource: https://geospacebok.eu/TA
4,A,Standard,19,Design of Systems,What is unit testing intended to verify?,A,"GIS&T BoK remediation: [PD-02-005] Design, Development, Testing, and Deployment of GIS Applications — https://gistbok-topics.ucgis.org/PD-02-005 | Blueprint domain resource: https://geospacebok.eu/DA"
4,A,Standard,20,Analytical Methods & GeoComputation,Which polygon-neighbor rule treats features sharing either an edge or a corner as neighbors?,B,GIS&T BoK remediation: [AM-03-011] Spatial Statistics — https://gistbok-topics.ucgis.org/AM-03-011 | Blueprint domain resource: https://geospacebok.eu/AM | https://geospacebok.eu/GC
4,A,Standard,21,Geospatial Data,Why should timestamps be captured with field observations when conditions change rapidly?,B,GIS&T BoK remediation: [DC-06-009] Field Data Capture Technologies — https://gistbok-topics.ucgis.org/DC-06-009 | Blueprint domain resource: https://geospacebok.eu/GD
4,A,Standard,22,Data Modeling,Why do spatial indexes improve many spatial queries?,C,GIS&T BoK remediation: [DM-03-066] Spatial Indexing — https://gistbok-topics.ucgis.org/DM-03-066 | Blueprint domain resource: https://geospacebok.eu/DM
4,A,Standard,23,"Platforms, Sensors, Physics & Image Processing",What does radiometric resolution describe?,A,GIS&T BoK remediation: [DC-03-016] Nature of Multispectral Image Data — https://gistbok-topics.ucgis.org/DC-03-016 | Blueprint domain resource: https://geospacebok.eu/PS | https://geospacebok.eu/PP | https://geospacebok.eu/IP
4,A,Standard,24,"Platforms, Sensors, Physics & Image Processing",How does hyperspectral imagery differ from typical multispectral imagery?,C,GIS&T BoK remediation: [DC-03-031] Hyperspectral Remote Sensing — https://gistbok-topics.ucgis.org/DC-03-031 | Blueprint domain resource: https://geospacebok.eu/PS | https://geospacebok.eu/PP | https://geospacebok.eu/IP
4,A,Standard,25,Conceptual Foundations,A map emphasizes some places and omits others. What should a critical map reader remember?,C,GIS&T BoK remediation: [FC-03-020] The power of maps — https://gistbok-topics.ucgis.org/FC-03-020 | Blueprint domain resource: https://geospacebok.eu/CF
4,A,Standard,26,Conceptual Foundations,A projection preserves local angles and shapes but distorts area. Which property is being preserved?,A,GIS&T BoK remediation: [CV-03-006] Map Projections — https://gistbok-topics.ucgis.org/CV-03-006 | Blueprint domain resource: https://geospacebok.eu/CF
4,A,Standard,27,Conceptual Foundations,A map designed to show directions accurately from one central location should consider which projection family?,B,GIS&T BoK remediation: [CV-03-006] Map Projections — https://gistbok-topics.ucgis.org/CV-03-006 | Blueprint domain resource: https://geospacebok.eu/CF
4,A,Standard,28,Cartography & Visualization,Which color scheme is most appropriate for values diverging around a meaningful midpoint such as zero change?,D,GIS&T BoK remediation: [CV-03-009] Color Theory — https://gistbok-topics.ucgis.org/CV-03-009 | Blueprint domain resource: https://geospacebok.eu/CV
4,A,Standard,29,Thematic & Application Domains,A watershed manager wants likely erosion-prone slopes near streams. Which combination is appropriate?,A,GIS&T BoK remediation: [AM-04-066] Watersheds and Drainage Networks — https://gistbok-topics.ucgis.org/AM-04-066 | Blueprint domain resource: https://geospacebok.eu/TA
4,A,Standard,30,Cartography & Visualization,What is responsive web-map design?,C,GIS&T BoK remediation: [CV-05-040] Mobile Maps and Responsive Design — https://gistbok-topics.ucgis.org/CV-05-040 | Blueprint domain resource: https://geospacebok.eu/CV
4,A,Standard,31,Analytical Methods & GeoComputation,"In IDW, what generally happens when the power parameter is increased?",B,GIS&T BoK remediation: [AM-04-070] Inverse Distance Weighting — https://gistbok-topics.ucgis.org/AM-04-070 | Blueprint domain resource: https://geospacebok.eu/AM | https://geospacebok.eu/GC
4,A,Standard,32,"Platforms, Sensors, Physics & Image Processing",A UAS is especially useful when a project needs what?,D,GIS&T BoK remediation: [DC-03-024] Unmanned Aerial Systems (UAS) — https://gistbok-topics.ucgis.org/DC-03-024 | Blueprint domain resource: https://geospacebok.eu/PS | https://geospacebok.eu/PP | https://geospacebok.eu/IP
4,A,Standard,33,Conceptual Foundations,Which statement best distinguishes space from place?,B,GIS&T BoK remediation: [FC-03-006] Landscape and Place — https://gistbok-topics.ucgis.org/FC-03-006 | Blueprint domain resource: https://geospacebok.eu/CF
4,A,Standard,34,Conceptual Foundations,Road intersections are nodes connected by road segments. Which conceptual structure is this?,A,GIS&T BoK remediation: [AM-04-066] Watersheds and Drainage Networks — https://gistbok-topics.ucgis.org/AM-04-066 | Blueprint domain resource: https://geospacebok.eu/CF
4,A,Standard,35,Geospatial Data,What is a major strength of volunteered geographic information?,C,GIS&T BoK remediation: [DC-02-029] Volunteered Geographic Information — https://gistbok-topics.ucgis.org/DC-02-029 | Blueprint domain resource: https://geospacebok.eu/GD
4,A,Standard,36,Cartography & Visualization,Why is area perception a concern in proportional-symbol maps?,B,GIS&T BoK remediation: [CV-04-011] Common Thematic Map Types — https://gistbok-topics.ucgis.org/CV-04-011 | Blueprint domain resource: https://geospacebok.eu/CV
4,A,Standard,37,Design of Systems,Spatial MapReduce is designed primarily to do what?,A,GIS&T BoK remediation: [CP-04-007] Spatial MapReduce — https://gistbok-topics.ucgis.org/CP-04-007 | Blueprint domain resource: https://geospacebok.eu/DA
4,A,Standard,38,Cartography & Visualization,Why should type size and weight vary across labels?,B,GIS&T BoK remediation: [CV-03-010] Typography — https://gistbok-topics.ucgis.org/CV-03-010 | Blueprint domain resource: https://geospacebok.eu/CV
4,A,Standard,39,Cartography & Visualization,How can uncertainty be represented cartographically?,B,GIS&T BoK remediation: [CV-04-018] Representing Uncertainty — https://gistbok-topics.ucgis.org/CV-04-018 | Blueprint domain resource: https://geospacebok.eu/CV
4,A,Standard,40,GI & Society,A data license requires attribution. What must a downstream user do?,B,GIS&T BoK remediation: [GS-01-023] Legal Mechanisms for Sharing Geospatial Information — https://gistbok-topics.ucgis.org/GS-01-023 | Blueprint domain resource: https://geospacebok.eu/GS
4,A,Standard,41,Analytical Methods & GeoComputation,"A genetic algorithm repeatedly selects, recombines, and mutates candidate site configurations. What process is it mimicking?",C,GIS&T BoK remediation: [AM-07-078] Genetic Algorithms and Evolutionary Computing — https://gistbok-topics.ucgis.org/AM-07-078 | Blueprint domain resource: https://geospacebok.eu/AM | https://geospacebok.eu/GC
4,A,Standard,42,Data Modeling,A parcel table uses ParcelID as a unique identifier. What database role does ParcelID serve?,A,GIS&T BoK remediation: [DM-01-001] Spatial Database Management Systems — https://gistbok-topics.ucgis.org/DM-01-001 | Blueprint domain resource: https://geospacebok.eu/DM
4,A,Standard,43,Thematic & Application Domains,"A disaster-response dashboard combines sensor feeds, road closures, shelters, and population. What system quality is most important?",B,GIS&T BoK remediation: [CP-03-018] GIS and the Internet of Intelligent Things — https://gistbok-topics.ucgis.org/CP-03-018 | Blueprint domain resource: https://geospacebok.eu/TA
4,A,Standard,44,Data Modeling,Why might NoSQL be considered for some geospatial applications?,B,GIS&T BoK remediation: [DM-01-067] NoSQL Databases — https://gistbok-topics.ucgis.org/DM-01-067 | Blueprint domain resource: https://geospacebok.eu/DM
4,A,Standard,45,Organizational & Institutional Aspects,What is an operating budget needed for after GIS deployment?,D,GIS&T BoK remediation: [KE-03-011] Funding — https://gistbok-topics.ucgis.org/KE-03-011 | Blueprint domain resource: https://geospacebok.eu/OI
4,A,Standard,46,Geospatial Data,Which quality dimension asks whether class labels or attributes are correct?,B,"GIS&T BoK remediation: [DM-07-057] Data Evaluation, Metadata, and Data Quality — https://gistbok-topics.ucgis.org/DM-07-057 | Blueprint domain resource: https://geospacebok.eu/GD"
4,A,Standard,47,Geospatial Data,User’s accuracy is most closely associated with which type of classification error?,A,GIS&T BoK remediation: [DC-04-019] Ground Verification and Accuracy Assessment — https://gistbok-topics.ucgis.org/DC-04-019 | Blueprint domain resource: https://geospacebok.eu/GD
4,A,Standard,48,Data Modeling,What is a vertical datum used for?,D,GIS&T BoK remediation: GIS&T BoK | Blueprint domain resource: https://geospacebok.eu/DM
4,A,Standard,49,"Platforms, Sensors, Physics & Image Processing","If NIR reflectance is 0.70 and red reflectance is 0.10, what is NDVI approximately?",C,GIS&T BoK remediation: GIS&T BoK | Blueprint domain resource: https://geospacebok.eu/PS | https://geospacebok.eu/PP | https://geospacebok.eu/IP
4,A,Standard,50,Cartography & Visualization,Contours represent terrain by connecting points of what?,C,GIS&T BoK remediation: [CV-04-014] Terrain Representation — https://gistbok-topics.ucgis.org/CV-04-014 | Blueprint domain resource: https://geospacebok.eu/CV
4,A,Standard,51,Geospatial Data,A confusion matrix compares what?,A,GIS&T BoK remediation: [DC-04-019] Ground Verification and Accuracy Assessment — https://gistbok-topics.ucgis.org/DC-04-019 | Blueprint domain resource: https://geospacebok.eu/GD
4,A,Standard,52,Data Modeling,"A composite key is EmployeeID + ProjectID, but EmployeeBirthdate depends only on EmployeeID. Which normalization problem is present?",A,GIS&T BoK remediation: [DM-01-003] Relational DBMS and their Spatial Extensions — https://gistbok-topics.ucgis.org/DM-01-003 | Blueprint domain resource: https://geospacebok.eu/DM
4,A,Standard,53,Organizational & Institutional Aspects,What is a benefit of multi-jurisdictional GIS coordination?,D,GIS&T BoK remediation: [KE-02-018] Regional Multi-Jurisdictional GIS Coordination & Collaboration — https://gistbok-topics.ucgis.org/KE-02-018 | Blueprint domain resource: https://geospacebok.eu/OI
4,A,Standard,54,Conceptual Foundations,A road network remains connected after a rubber-sheet transformation that stretches geometry without tearing. Which concept explains the preserved relationship?,A,GIS&T BoK remediation: [DM-01-028] Topological Relationships — https://gistbok-topics.ucgis.org/DM-01-028 | Blueprint domain resource: https://geospacebok.eu/CF
4,A,Standard,55,"Platforms, Sensors, Physics & Image Processing",How many digital numbers can an 8-bit image represent per band?,D,GIS&T BoK remediation: [DC-03-016] Nature of Multispectral Image Data — https://gistbok-topics.ucgis.org/DC-03-016 | Blueprint domain resource: https://geospacebok.eu/PS | https://geospacebok.eu/PP | https://geospacebok.eu/IP
4,A,Standard,56,Analytical Methods & GeoComputation,Why should GWR not automatically replace OLS whenever local coefficients can be calculated?,B,GIS&T BoK remediation: [AM-03-034] The Geographically Weighted Regression Framework — https://gistbok-topics.ucgis.org/AM-03-034 | Blueprint domain resource: https://geospacebok.eu/AM | https://geospacebok.eu/GC
4,A,Standard,57,Data Modeling,Which resampling method is commonly appropriate for a continuous elevation surface when moderate smoothing is acceptable?,C,GIS&T BoK remediation: [DM-06-087] Raster resampling — https://gistbok-topics.ucgis.org/DM-06-087 | Blueprint domain resource: https://geospacebok.eu/DM
4,A,Standard,58,Analytical Methods & GeoComputation,"In a D8 flow-direction model, each raster cell routes flow to what?",A,GIS&T BoK remediation: [AM-04-066] Watersheds and Drainage Networks — https://gistbok-topics.ucgis.org/AM-04-066 | Blueprint domain resource: https://geospacebok.eu/AM | https://geospacebok.eu/GC
4,A,Standard,59,Organizational & Institutional Aspects,Why can multi-organizational GIS projects fail even when the technology works?,B,GIS&T BoK remediation: [KE-02-034] Multi-Organizational GIS Coordination — https://gistbok-topics.ucgis.org/KE-02-034 | Blueprint domain resource: https://geospacebok.eu/OI
4,A,Standard,60,Data Modeling,What is a spatial data warehouse optimized for?,D,GIS&T BoK remediation: [DM-07-059] Spatial Data Warehouses — https://gistbok-topics.ucgis.org/DM-07-059 | Blueprint domain resource: https://geospacebok.eu/DM
4,A,Standard,61,Analytical Methods & GeoComputation,You need the mean precipitation value for each watershed polygon from a precipitation raster. Which operation is designed for this?,B,GIS&T BoK remediation: [AM-02-006] Grid Operations and Map Algebra — https://gistbok-topics.ucgis.org/AM-02-006 | Blueprint domain resource: https://geospacebok.eu/AM | https://geospacebok.eu/GC
4,A,Standard,62,Conceptual Foundations,What is attribute accuracy?,D,GIS&T BoK remediation: [FC-04-010] GIS Data Properties — https://gistbok-topics.ucgis.org/FC-04-010 | Blueprint domain resource: https://geospacebok.eu/CF
4,A,Standard,63,Conceptual Foundations,"In a network graph, what is node degree?",D,GIS&T BoK remediation: [AM-04-066] Watersheds and Drainage Networks — https://gistbok-topics.ucgis.org/AM-04-066 | Blueprint domain resource: https://geospacebok.eu/CF
4,A,Standard,64,Geospatial Data,A census variable is reported as a count for each tract. Why can direct comparison among tracts be misleading?,B,GIS&T BoK remediation: [DC-06-028] United States Census Data — https://gistbok-topics.ucgis.org/DC-06-028 | Blueprint domain resource: https://geospacebok.eu/GD
4,A,Standard,65,Conceptual Foundations,"In a rectilinear street grid where travel is constrained to streets, which distance concept may be more relevant than straight-line distance?",A,GIS&T BoK remediation: [FC-05-042] Distance Operations — https://gistbok-topics.ucgis.org/FC-05-042 | Blueprint domain resource: https://geospacebok.eu/CF
4,A,Standard,66,Analytical Methods & GeoComputation,A floodplain layer and parcel layer must be combined so only parcel portions inside floodplains remain. Which overlay operation fits?,B,GIS&T BoK remediation: [AM-02-004] Overlay — https://gistbok-topics.ucgis.org/AM-02-004 | Blueprint domain resource: https://geospacebok.eu/AM | https://geospacebok.eu/GC
4,A,Standard,67,Analytical Methods & GeoComputation,A Moran’s I value is near zero and not statistically significant. Which conclusion is most defensible?,A,GIS&T BoK remediation: [FC-05-037] Spatial Autocorrelation — https://gistbok-topics.ucgis.org/FC-05-037 | Blueprint domain resource: https://geospacebok.eu/AM | https://geospacebok.eu/GC
4,A,Standard,68,Analytical Methods & GeoComputation,A line-of-sight between a proposed tower and receiver is blocked by a ridge. Which dataset is essential to that determination?,B,"GIS&T BoK remediation: [AM-04-017] Intervisibility, Line-of-Sight, and Viewsheds — https://gistbok-topics.ucgis.org/AM-04-017 | Blueprint domain resource: https://geospacebok.eu/AM | https://geospacebok.eu/GC"
4,A,Standard,69,Analytical Methods & GeoComputation,Which terrain derivative indicates the compass direction a slope faces?,A,GIS&T BoK remediation: [AM-04-055] Digital Terrain Models and Terrain Metrics — https://gistbok-topics.ucgis.org/AM-04-055 | Blueprint domain resource: https://geospacebok.eu/AM | https://geospacebok.eu/GC
4,A,Standard,70,Design of Systems,Why is R widely used for geospatial research and analysis?,D,GIS&T BoK remediation: [PD-05-015] R for Geospatial Analysis and Mapping — https://gistbok-topics.ucgis.org/PD-05-015 | Blueprint domain resource: https://geospacebok.eu/DA
4,A,Standard,71,Geospatial Data,Different inspectors use inconsistent definitions of damaged. What data-quality problem is likely?,D,GIS&T BoK remediation: [DC-06-009] Field Data Capture Technologies — https://gistbok-topics.ucgis.org/DC-06-009 | Blueprint domain resource: https://geospacebok.eu/GD
4,A,Standard,72,Analytical Methods & GeoComputation,A riparian ordinance prohibits construction within 30 m of streams. Which operation should be performed first?,C,GIS&T BoK remediation: [AM-02-003] Buffers — https://gistbok-topics.ucgis.org/AM-02-003 | Blueprint domain resource: https://geospacebok.eu/AM | https://geospacebok.eu/GC
4,A,Standard,73,Web-Based GIS,A web map displays thousands of points and becomes sluggish. Which strategy is most likely to help?,C,GIS&T BoK remediation: [CP-04-014] Web GIS — https://gistbok-topics.ucgis.org/CP-04-014 | Blueprint domain resource: https://geospacebok.eu/WB
4,A,Standard,74,Design of Systems,Why is load balancing useful for web GIS?,C,GIS&T BoK remediation: [CP-01-008] Spatial Cloud Computing — https://gistbok-topics.ucgis.org/CP-01-008 | Blueprint domain resource: https://geospacebok.eu/DA
4,A,Standard,75,Design of Systems,What type of GIS workload is especially well suited to GPU acceleration?,D,GIS&T BoK remediation: [CP-01-006] Graphics Processing Units (GPUs) — https://gistbok-topics.ucgis.org/CP-01-006 | Blueprint domain resource: https://geospacebok.eu/DA
4,B,More Challenging,1,Conceptual Foundations,A planning or environmental GIS project encounters the following situation. A GPS point is measured repeatedly within 0.5 m of itself but is 8 m from surveyed truth. How is it characterized?,B,GIS&T BoK remediation: [FC-07-024] Conceptual Models of Error and Uncertainty — https://gistbok-topics.ucgis.org/FC-07-024 | Blueprint domain resource: https://geospacebok.eu/CF
4,B,More Challenging,2,Cartography & Visualization,A GIS analyst is completing a routine professional workflow. Why can a north arrow be unnecessary on some maps?,D,GIS&T BoK remediation: [CV-06-021] Map Reading — https://gistbok-topics.ucgis.org/CV-06-021 | Blueprint domain resource: https://geospacebok.eu/CV
4,B,More Challenging,3,Thematic & Application Domains,A county GIS office is reviewing an analysis before publication. A civil engineer needs earthwork cut and fill volumes for a road project. Which data are essential?,D,GIS&T BoK remediation: [DA-004] GIS&T and Civil Engineering — https://gistbok-topics.ucgis.org/DA-004 | Blueprint domain resource: https://geospacebok.eu/TA
4,B,More Challenging,4,Data Modeling,A student analyst has valid input data and must choose the next appropriate GIS step. Which description correctly characterizes a conceptual data model?,D,GIS&T BoK remediation: [DM-01-034] Conceptual Data Models — https://gistbok-topics.ucgis.org/DM-01-034 | Blueprint domain resource: https://geospacebok.eu/DM
4,B,More Challenging,5,"Platforms, Sensors, Physics & Image Processing",A project team wants a defensible software-agnostic GIS approach. Why does ocean acoustic imaging use sound rather than visible light for many underwater measurements?,B,GIS&T BoK remediation: [DC-03-033] Acoustic Imaging of the Oceans — https://gistbok-topics.ucgis.org/DC-03-033 | Blueprint domain resource: https://geospacebok.eu/PS | https://geospacebok.eu/PP | https://geospacebok.eu/IP
4,B,More Challenging,6,Analytical Methods & GeoComputation,"During QA/QC, an analyst must decide which GIS concept or method applies. Which interpolation method weights nearby observations more heavily with influence declining directly with distance, without fitting a variogram?",D,GIS&T BoK remediation: [AM-04-070] Inverse Distance Weighting — https://gistbok-topics.ucgis.org/AM-04-070 | Blueprint domain resource: https://geospacebok.eu/AM | https://geospacebok.eu/GC
4,B,More Challenging,7,"Platforms, Sensors, Physics & Image Processing",A planning or environmental GIS project encounters the following situation. What do first-return LiDAR points commonly correspond to?,B,GIS&T BoK remediation: [DC-03-027] Light Detection and Ranging (LiDAR) — https://gistbok-topics.ucgis.org/DC-03-027 | Blueprint domain resource: https://geospacebok.eu/PS | https://geospacebok.eu/PP | https://geospacebok.eu/IP
4,B,More Challenging,8,Cartography & Visualization,A GIS analyst is completing a routine professional workflow. Which color scheme is most appropriate for ordered low-to-high values with no meaningful midpoint?,D,GIS&T BoK remediation: [CV-03-009] Color Theory — https://gistbok-topics.ucgis.org/CV-03-009 | Blueprint domain resource: https://geospacebok.eu/CV
4,B,More Challenging,9,Data Modeling,A county GIS office is reviewing an analysis before publication. What does an R-tree spatial index organize hierarchically?,C,GIS&T BoK remediation: [DM-03-066] Spatial Indexing — https://gistbok-topics.ucgis.org/DM-03-066 | Blueprint domain resource: https://geospacebok.eu/DM
4,B,More Challenging,10,Design of Systems,A student analyst has valid input data and must choose the next appropriate GIS step. Why should sensitive API keys not be embedded openly in client-side JavaScript?,C,GIS&T BoK remediation: [PD-03-019] GIS APIs — https://gistbok-topics.ucgis.org/PD-03-018 | Blueprint domain resource: https://geospacebok.eu/DA
4,B,More Challenging,11,Organizational & Institutional Aspects,A project team wants a defensible software-agnostic GIS approach. Which description correctly characterizes a possible advantage of a decentralized GIS organizational model?,C,GIS&T BoK remediation: [KE-03-033] Organizational Models for GIS Management — https://gistbok-topics.ucgis.org/KE-03-033 | Blueprint domain resource: https://geospacebok.eu/OI
4,B,More Challenging,12,Analytical Methods & GeoComputation,"During QA/QC, an analyst must decide which GIS concept or method applies. To estimate vegetation canopy height from LiDAR-derived surfaces, which difference is commonly calculated?",D,GIS&T BoK remediation: [AM-04-099] LiDAR Point Cloud Analysis — https://gistbok-topics.ucgis.org/AM-04-099 | Blueprint domain resource: https://geospacebok.eu/AM | https://geospacebok.eu/GC
4,B,More Challenging,13,"Platforms, Sensors, Physics & Image Processing",A planning or environmental GIS project encounters the following situation. A geostationary satellite is especially suitable for what?,C,GIS&T BoK remediation: [DC-03-026] Remote Sensing Platforms — https://gistbok-topics.ucgis.org/DC-03-026 | Blueprint domain resource: https://geospacebok.eu/PS | https://geospacebok.eu/PP | https://geospacebok.eu/IP
4,B,More Challenging,14,Conceptual Foundations,A GIS analyst is completing a routine professional workflow. Which description correctly characterizes positional accuracy?,A,GIS&T BoK remediation: [FC-07-024] Conceptual Models of Error and Uncertainty — https://gistbok-topics.ucgis.org/FC-07-024 | Blueprint domain resource: https://geospacebok.eu/CF
4,B,More Challenging,15,Organizational & Institutional Aspects,A county GIS office is reviewing an analysis before publication. Why is training a core GIS implementation cost?,C,GIS&T BoK remediation: [KE-01-025] GIS&T Education and Training — https://gistbok-topics.ucgis.org/KE-01-025 | Blueprint domain resource: https://geospacebok.eu/OI
4,B,More Challenging,16,GI & Society,A student analyst has valid input data and must choose the next appropriate GIS step. Why can aggregation choices matter greatly in legislative redistricting?,B,GIS&T BoK remediation: [GS-02-020] Aggregation of Spatial Entities and Legislative Redistricting — https://gistbok-topics.ucgis.org/GS-02-020 | Blueprint domain resource: https://geospacebok.eu/GS
4,B,More Challenging,17,Geospatial Data,A project team wants a defensible software-agnostic GIS approach. Producer’s accuracy is most closely associated with which type of classification error?,D,GIS&T BoK remediation: [DC-04-019] Ground Verification and Accuracy Assessment — https://gistbok-topics.ucgis.org/DC-04-019 | Blueprint domain resource: https://geospacebok.eu/GD
4,B,More Challenging,18,Thematic & Application Domains,"During QA/QC, an analyst must decide which GIS concept or method applies. Why are yield maps often combined with soil and terrain layers?",D,GIS&T BoK remediation: [DA-001] GIS&T and Agriculture — https://gistbok-topics.ucgis.org/DA-001 | Blueprint domain resource: https://geospacebok.eu/TA
4,B,More Challenging,19,Design of Systems,A planning or environmental GIS project encounters the following situation. Which description correctly characterizes unit testing intended to verify?,A,"GIS&T BoK remediation: [PD-02-005] Design, Development, Testing, and Deployment of GIS Applications — https://gistbok-topics.ucgis.org/PD-02-005 | Blueprint domain resource: https://geospacebok.eu/DA"
4,B,More Challenging,20,Analytical Methods & GeoComputation,A GIS analyst is completing a routine professional workflow. Which polygon-neighbor rule treats features sharing either an edge or a corner as neighbors?,A,GIS&T BoK remediation: [AM-03-011] Spatial Statistics — https://gistbok-topics.ucgis.org/AM-03-011 | Blueprint domain resource: https://geospacebok.eu/AM | https://geospacebok.eu/GC
4,B,More Challenging,21,Geospatial Data,A county GIS office is reviewing an analysis before publication. Why should timestamps be captured with field observations when conditions change rapidly?,A,GIS&T BoK remediation: [DC-06-009] Field Data Capture Technologies — https://gistbok-topics.ucgis.org/DC-06-009 | Blueprint domain resource: https://geospacebok.eu/GD
4,B,More Challenging,22,Data Modeling,A student analyst has valid input data and must choose the next appropriate GIS step. Why do spatial indexes improve many spatial queries?,A,GIS&T BoK remediation: [DM-03-066] Spatial Indexing — https://gistbok-topics.ucgis.org/DM-03-066 | Blueprint domain resource: https://geospacebok.eu/DM
4,B,More Challenging,23,"Platforms, Sensors, Physics & Image Processing",A project team wants a defensible software-agnostic GIS approach. What does radiometric resolution describe?,B,GIS&T BoK remediation: [DC-03-016] Nature of Multispectral Image Data — https://gistbok-topics.ucgis.org/DC-03-016 | Blueprint domain resource: https://geospacebok.eu/PS | https://geospacebok.eu/PP | https://geospacebok.eu/IP
4,B,More Challenging,24,"Platforms, Sensors, Physics & Image Processing","During QA/QC, an analyst must decide which GIS concept or method applies. How does hyperspectral imagery differ from typical multispectral imagery?",D,GIS&T BoK remediation: [DC-03-031] Hyperspectral Remote Sensing — https://gistbok-topics.ucgis.org/DC-03-031 | Blueprint domain resource: https://geospacebok.eu/PS | https://geospacebok.eu/PP | https://geospacebok.eu/IP
4,B,More Challenging,25,Conceptual Foundations,A planning or environmental GIS project encounters the following situation. A map emphasizes some places and omits others. What should a critical map reader remember?,A,GIS&T BoK remediation: [FC-03-020] The power of maps — https://gistbok-topics.ucgis.org/FC-03-020 | Blueprint domain resource: https://geospacebok.eu/CF
4,B,More Challenging,26,Conceptual Foundations,A GIS analyst is completing a routine professional workflow. A projection preserves local angles and shapes but distorts area. Which property is being preserved?,D,GIS&T BoK remediation: [CV-03-006] Map Projections — https://gistbok-topics.ucgis.org/CV-03-006 | Blueprint domain resource: https://geospacebok.eu/CF
4,B,More Challenging,27,Conceptual Foundations,A county GIS office is reviewing an analysis before publication. A map designed to show directions accurately from one central location should consider which projection family?,A,GIS&T BoK remediation: [CV-03-006] Map Projections — https://gistbok-topics.ucgis.org/CV-03-006 | Blueprint domain resource: https://geospacebok.eu/CF
4,B,More Challenging,28,Cartography & Visualization,A student analyst has valid input data and must choose the next appropriate GIS step. Which color scheme is most appropriate for values diverging around a meaningful midpoint such as zero change?,D,GIS&T BoK remediation: [CV-03-009] Color Theory — https://gistbok-topics.ucgis.org/CV-03-009 | Blueprint domain resource: https://geospacebok.eu/CV
4,B,More Challenging,29,Thematic & Application Domains,A project team wants a defensible software-agnostic GIS approach. A watershed manager wants likely erosion-prone slopes near streams. Which combination is appropriate?,B,GIS&T BoK remediation: [AM-04-066] Watersheds and Drainage Networks — https://gistbok-topics.ucgis.org/AM-04-066 | Blueprint domain resource: https://geospacebok.eu/TA
4,B,More Challenging,30,Cartography & Visualization,"During QA/QC, an analyst must decide which GIS concept or method applies. Which description correctly characterizes responsive web-map design?",B,GIS&T BoK remediation: [CV-05-040] Mobile Maps and Responsive Design — https://gistbok-topics.ucgis.org/CV-05-040 | Blueprint domain resource: https://geospacebok.eu/CV
4,B,More Challenging,31,Analytical Methods & GeoComputation,"A planning or environmental GIS project encounters the following situation. In IDW, what generally happens when the power parameter is increased?",C,GIS&T BoK remediation: [AM-04-070] Inverse Distance Weighting — https://gistbok-topics.ucgis.org/AM-04-070 | Blueprint domain resource: https://geospacebok.eu/AM | https://geospacebok.eu/GC
4,B,More Challenging,32,"Platforms, Sensors, Physics & Image Processing",A GIS analyst is completing a routine professional workflow. A UAS is especially useful when a project needs what?,B,GIS&T BoK remediation: [DC-03-024] Unmanned Aerial Systems (UAS) — https://gistbok-topics.ucgis.org/DC-03-024 | Blueprint domain resource: https://geospacebok.eu/PS | https://geospacebok.eu/PP | https://geospacebok.eu/IP
4,B,More Challenging,33,Conceptual Foundations,A county GIS office is reviewing an analysis before publication. Which statement best distinguishes space from place?,B,GIS&T BoK remediation: [FC-03-006] Landscape and Place — https://gistbok-topics.ucgis.org/FC-03-006 | Blueprint domain resource: https://geospacebok.eu/CF
4,B,More Challenging,34,Conceptual Foundations,A student analyst has valid input data and must choose the next appropriate GIS step. Road intersections are nodes connected by road segments. Which conceptual structure is this?,A,GIS&T BoK remediation: [AM-04-066] Watersheds and Drainage Networks — https://gistbok-topics.ucgis.org/AM-04-066 | Blueprint domain resource: https://geospacebok.eu/CF
4,B,More Challenging,35,Geospatial Data,A project team wants a defensible software-agnostic GIS approach. Which description correctly characterizes a major strength of volunteered geographic information?,C,GIS&T BoK remediation: [DC-02-029] Volunteered Geographic Information — https://gistbok-topics.ucgis.org/DC-02-029 | Blueprint domain resource: https://geospacebok.eu/GD
4,B,More Challenging,36,Cartography & Visualization,"During QA/QC, an analyst must decide which GIS concept or method applies. Why is area perception a concern in proportional-symbol maps?",B,GIS&T BoK remediation: [CV-04-011] Common Thematic Map Types — https://gistbok-topics.ucgis.org/CV-04-011 | Blueprint domain resource: https://geospacebok.eu/CV
4,B,More Challenging,37,Design of Systems,A planning or environmental GIS project encounters the following situation. Spatial MapReduce is designed primarily to do what?,A,GIS&T BoK remediation: [CP-04-007] Spatial MapReduce — https://gistbok-topics.ucgis.org/CP-04-007 | Blueprint domain resource: https://geospacebok.eu/DA
4,B,More Challenging,38,Cartography & Visualization,A GIS analyst is completing a routine professional workflow. Why should type size and weight vary across labels?,A,GIS&T BoK remediation: [CV-03-010] Typography — https://gistbok-topics.ucgis.org/CV-03-010 | Blueprint domain resource: https://geospacebok.eu/CV
4,B,More Challenging,39,Cartography & Visualization,A county GIS office is reviewing an analysis before publication. How can uncertainty be represented cartographically?,C,GIS&T BoK remediation: [CV-04-018] Representing Uncertainty — https://gistbok-topics.ucgis.org/CV-04-018 | Blueprint domain resource: https://geospacebok.eu/CV
4,B,More Challenging,40,GI & Society,A student analyst has valid input data and must choose the next appropriate GIS step. A data license requires attribution. What must a downstream user do?,D,GIS&T BoK remediation: [GS-01-023] Legal Mechanisms for Sharing Geospatial Information — https://gistbok-topics.ucgis.org/GS-01-023 | Blueprint domain resource: https://geospacebok.eu/GS
4,B,More Challenging,41,Analytical Methods & GeoComputation,"A project team wants a defensible software-agnostic GIS approach. A genetic algorithm repeatedly selects, recombines, and mutates candidate site configurations. What process is it mimicking?",D,GIS&T BoK remediation: [AM-07-078] Genetic Algorithms and Evolutionary Computing — https://gistbok-topics.ucgis.org/AM-07-078 | Blueprint domain resource: https://geospacebok.eu/AM | https://geospacebok.eu/GC
4,B,More Challenging,42,Data Modeling,"During QA/QC, an analyst must decide which GIS concept or method applies. A parcel table uses ParcelID as a unique identifier. What database role does ParcelID serve?",A,GIS&T BoK remediation: [DM-01-001] Spatial Database Management Systems — https://gistbok-topics.ucgis.org/DM-01-001 | Blueprint domain resource: https://geospacebok.eu/DM
4,B,More Challenging,43,Thematic & Application Domains,"A planning or environmental GIS project encounters the following situation. A disaster-response dashboard combines sensor feeds, road closures, shelters, and population. What system quality is most important?",C,GIS&T BoK remediation: [CP-03-018] GIS and the Internet of Intelligent Things — https://gistbok-topics.ucgis.org/CP-03-018 | Blueprint domain resource: https://geospacebok.eu/TA
4,B,More Challenging,44,Data Modeling,A GIS analyst is completing a routine professional workflow. Why might NoSQL be considered for some geospatial applications?,D,GIS&T BoK remediation: [DM-01-067] NoSQL Databases — https://gistbok-topics.ucgis.org/DM-01-067 | Blueprint domain resource: https://geospacebok.eu/DM
4,B,More Challenging,45,Organizational & Institutional Aspects,A county GIS office is reviewing an analysis before publication. Which description correctly characterizes an operating budget needed for after GIS deployment?,D,GIS&T BoK remediation: [KE-03-011] Funding — https://gistbok-topics.ucgis.org/KE-03-011 | Blueprint domain resource: https://geospacebok.eu/OI
4,B,More Challenging,46,Geospatial Data,A student analyst has valid input data and must choose the next appropriate GIS step. Which quality dimension asks whether class labels or attributes are correct?,D,"GIS&T BoK remediation: [DM-07-057] Data Evaluation, Metadata, and Data Quality — https://gistbok-topics.ucgis.org/DM-07-057 | Blueprint domain resource: https://geospacebok.eu/GD"
4,B,More Challenging,47,Geospatial Data,A project team wants a defensible software-agnostic GIS approach. User’s accuracy is most closely associated with which type of classification error?,A,GIS&T BoK remediation: [DC-04-019] Ground Verification and Accuracy Assessment — https://gistbok-topics.ucgis.org/DC-04-019 | Blueprint domain resource: https://geospacebok.eu/GD
4,B,More Challenging,48,Data Modeling,"During QA/QC, an analyst must decide which GIS concept or method applies. Which description correctly characterizes a vertical datum used for?",C,GIS&T BoK remediation: GIS&T BoK | Blueprint domain resource: https://geospacebok.eu/DM
4,B,More Challenging,49,"Platforms, Sensors, Physics & Image Processing","A planning or environmental GIS project encounters the following situation. If NIR reflectance is 0.70 and red reflectance is 0.10, what is NDVI approximately?",D,GIS&T BoK remediation: GIS&T BoK | Blueprint domain resource: https://geospacebok.eu/PS | https://geospacebok.eu/PP | https://geospacebok.eu/IP
4,B,More Challenging,50,Cartography & Visualization,A GIS analyst is completing a routine professional workflow. Contours represent terrain by connecting points of what?,A,GIS&T BoK remediation: [CV-04-014] Terrain Representation — https://gistbok-topics.ucgis.org/CV-04-014 | Blueprint domain resource: https://geospacebok.eu/CV
4,B,More Challenging,51,Geospatial Data,A county GIS office is reviewing an analysis before publication. A confusion matrix compares what?,B,GIS&T BoK remediation: [DC-04-019] Ground Verification and Accuracy Assessment — https://gistbok-topics.ucgis.org/DC-04-019 | Blueprint domain resource: https://geospacebok.eu/GD
4,B,More Challenging,52,Data Modeling,"A student analyst has valid input data and must choose the next appropriate GIS step. A composite key is EmployeeID + ProjectID, but EmployeeBirthdate depends only on EmployeeID. Which normalization problem is present?",C,GIS&T BoK remediation: [DM-01-003] Relational DBMS and their Spatial Extensions — https://gistbok-topics.ucgis.org/DM-01-003 | Blueprint domain resource: https://geospacebok.eu/DM
4,B,More Challenging,53,Organizational & Institutional Aspects,A project team wants a defensible software-agnostic GIS approach. Which description correctly characterizes a benefit of multi-jurisdictional GIS coordination?,B,GIS&T BoK remediation: [KE-02-018] Regional Multi-Jurisdictional GIS Coordination & Collaboration — https://gistbok-topics.ucgis.org/KE-02-018 | Blueprint domain resource: https://geospacebok.eu/OI
4,B,More Challenging,54,Conceptual Foundations,"During QA/QC, an analyst must decide which GIS concept or method applies. A road network remains connected after a rubber-sheet transformation that stretches geometry without tearing. Which concept explains the preserved relationship?",B,GIS&T BoK remediation: [DM-01-028] Topological Relationships — https://gistbok-topics.ucgis.org/DM-01-028 | Blueprint domain resource: https://geospacebok.eu/CF
4,B,More Challenging,55,"Platforms, Sensors, Physics & Image Processing",A planning or environmental GIS project encounters the following situation. How many digital numbers can an 8-bit image represent per band?,B,GIS&T BoK remediation: [DC-03-016] Nature of Multispectral Image Data — https://gistbok-topics.ucgis.org/DC-03-016 | Blueprint domain resource: https://geospacebok.eu/PS | https://geospacebok.eu/PP | https://geospacebok.eu/IP
4,B,More Challenging,56,Analytical Methods & GeoComputation,A GIS analyst is completing a routine professional workflow. Why should GWR not automatically replace OLS whenever local coefficients can be calculated?,C,GIS&T BoK remediation: [AM-03-034] The Geographically Weighted Regression Framework — https://gistbok-topics.ucgis.org/AM-03-034 | Blueprint domain resource: https://geospacebok.eu/AM | https://geospacebok.eu/GC
4,B,More Challenging,57,Data Modeling,A county GIS office is reviewing an analysis before publication. Which resampling method is commonly appropriate for a continuous elevation surface when moderate smoothing is acceptable?,A,GIS&T BoK remediation: [DM-06-087] Raster resampling — https://gistbok-topics.ucgis.org/DM-06-087 | Blueprint domain resource: https://geospacebok.eu/DM
4,B,More Challenging,58,Analytical Methods & GeoComputation,"A student analyst has valid input data and must choose the next appropriate GIS step. In a D8 flow-direction model, each raster cell routes flow to what?",C,GIS&T BoK remediation: [AM-04-066] Watersheds and Drainage Networks — https://gistbok-topics.ucgis.org/AM-04-066 | Blueprint domain resource: https://geospacebok.eu/AM | https://geospacebok.eu/GC
4,B,More Challenging,59,Organizational & Institutional Aspects,A project team wants a defensible software-agnostic GIS approach. Why can multi-organizational GIS projects fail even when the technology works?,C,GIS&T BoK remediation: [KE-02-034] Multi-Organizational GIS Coordination — https://gistbok-topics.ucgis.org/KE-02-034 | Blueprint domain resource: https://geospacebok.eu/OI
4,B,More Challenging,60,Data Modeling,"During QA/QC, an analyst must decide which GIS concept or method applies. Which description correctly characterizes a spatial data warehouse optimized for?",D,GIS&T BoK remediation: [DM-07-059] Spatial Data Warehouses — https://gistbok-topics.ucgis.org/DM-07-059 | Blueprint domain resource: https://geospacebok.eu/DM
4,B,More Challenging,61,Analytical Methods & GeoComputation,A planning or environmental GIS project encounters the following situation. You need the mean precipitation value for each watershed polygon from a precipitation raster. Which operation is designed for this?,A,GIS&T BoK remediation: [AM-02-006] Grid Operations and Map Algebra — https://gistbok-topics.ucgis.org/AM-02-006 | Blueprint domain resource: https://geospacebok.eu/AM | https://geospacebok.eu/GC
4,B,More Challenging,62,Conceptual Foundations,A GIS analyst is completing a routine professional workflow. Which description correctly characterizes attribute accuracy?,C,GIS&T BoK remediation: [FC-04-010] GIS Data Properties — https://gistbok-topics.ucgis.org/FC-04-010 | Blueprint domain resource: https://geospacebok.eu/CF
4,B,More Challenging,63,Conceptual Foundations,"A county GIS office is reviewing an analysis before publication. In a network graph, what is node degree?",D,GIS&T BoK remediation: [AM-04-066] Watersheds and Drainage Networks — https://gistbok-topics.ucgis.org/AM-04-066 | Blueprint domain resource: https://geospacebok.eu/CF
4,B,More Challenging,64,Geospatial Data,A student analyst has valid input data and must choose the next appropriate GIS step. A census variable is reported as a count for each tract. Why can direct comparison among tracts be misleading?,C,GIS&T BoK remediation: [DC-06-028] United States Census Data — https://gistbok-topics.ucgis.org/DC-06-028 | Blueprint domain resource: https://geospacebok.eu/GD
4,B,More Challenging,65,Conceptual Foundations,"A project team wants a defensible software-agnostic GIS approach. In a rectilinear street grid where travel is constrained to streets, which distance concept may be more relevant than straight-line distance?",B,GIS&T BoK remediation: [FC-05-042] Distance Operations — https://gistbok-topics.ucgis.org/FC-05-042 | Blueprint domain resource: https://geospacebok.eu/CF
4,B,More Challenging,66,Analytical Methods & GeoComputation,"During QA/QC, an analyst must decide which GIS concept or method applies. A floodplain layer and parcel layer must be combined so only parcel portions inside floodplains remain. Which overlay operation fits?",D,GIS&T BoK remediation: [AM-02-004] Overlay — https://gistbok-topics.ucgis.org/AM-02-004 | Blueprint domain resource: https://geospacebok.eu/AM | https://geospacebok.eu/GC
4,B,More Challenging,67,Analytical Methods & GeoComputation,A planning or environmental GIS project encounters the following situation. A Moran’s I value is near zero and not statistically significant. Which conclusion is most defensible?,C,GIS&T BoK remediation: [FC-05-037] Spatial Autocorrelation — https://gistbok-topics.ucgis.org/FC-05-037 | Blueprint domain resource: https://geospacebok.eu/AM | https://geospacebok.eu/GC
4,B,More Challenging,68,Analytical Methods & GeoComputation,A GIS analyst is completing a routine professional workflow. A line-of-sight between a proposed tower and receiver is blocked by a ridge. Which dataset is essential to that determination?,D,"GIS&T BoK remediation: [AM-04-017] Intervisibility, Line-of-Sight, and Viewsheds — https://gistbok-topics.ucgis.org/AM-04-017 | Blueprint domain resource: https://geospacebok.eu/AM | https://geospacebok.eu/GC"
4,B,More Challenging,69,Analytical Methods & GeoComputation,A county GIS office is reviewing an analysis before publication. Which terrain derivative indicates the compass direction a slope faces?,B,GIS&T BoK remediation: [AM-04-055] Digital Terrain Models and Terrain Metrics — https://gistbok-topics.ucgis.org/AM-04-055 | Blueprint domain resource: https://geospacebok.eu/AM | https://geospacebok.eu/GC
4,B,More Challenging,70,Design of Systems,A student analyst has valid input data and must choose the next appropriate GIS step. Why is R widely used for geospatial research and analysis?,C,GIS&T BoK remediation: [PD-05-015] R for Geospatial Analysis and Mapping — https://gistbok-topics.ucgis.org/PD-05-015 | Blueprint domain resource: https://geospacebok.eu/DA
4,B,More Challenging,71,Geospatial Data,A project team wants a defensible software-agnostic GIS approach. Different inspectors use inconsistent definitions of damaged. What data-quality problem is likely?,B,GIS&T BoK remediation: [DC-06-009] Field Data Capture Technologies — https://gistbok-topics.ucgis.org/DC-06-009 | Blueprint domain resource: https://geospacebok.eu/GD
4,B,More Challenging,72,Analytical Methods & GeoComputation,"During QA/QC, an analyst must decide which GIS concept or method applies. A riparian ordinance prohibits construction within 30 m of streams. Which operation should be performed first?",C,GIS&T BoK remediation: [AM-02-003] Buffers — https://gistbok-topics.ucgis.org/AM-02-003 | Blueprint domain resource: https://geospacebok.eu/AM | https://geospacebok.eu/GC
4,B,More Challenging,73,Web-Based GIS,A planning or environmental GIS project encounters the following situation. A web map displays thousands of points and becomes sluggish. Which strategy is most likely to help?,A,GIS&T BoK remediation: [CP-04-014] Web GIS — https://gistbok-topics.ucgis.org/CP-04-014 | Blueprint domain resource: https://geospacebok.eu/WB
4,B,More Challenging,74,Design of Systems,A GIS analyst is completing a routine professional workflow. Why is load balancing useful for web GIS?,A,GIS&T BoK remediation: [CP-01-008] Spatial Cloud Computing — https://gistbok-topics.ucgis.org/CP-01-008 | Blueprint domain resource: https://geospacebok.eu/DA
4,B,More Challenging,75,Design of Systems,A county GIS office is reviewing an analysis before publication. What type of GIS workload is especially well suited to GPU acceleration?,D,GIS&T BoK remediation: [CP-01-006] Graphics Processing Units (GPUs) — https://gistbok-topics.ucgis.org/CP-01-006 | Blueprint domain resource: https://geospacebok.eu/DA
4,C,Difficult,1,Conceptual Foundations,The analyst wants to avoid a method that is merely convenient but does not exactly match the stated spatial or statistical objective. Which answer is best? A GPS point is measured repeatedly within 0.5 m of itself but is 8 m from surveyed truth. How is it characterized?,A,GIS&T BoK remediation: [FC-07-024] Conceptual Models of Error and Uncertainty — https://gistbok-topics.ucgis.org/FC-07-024 | Blueprint domain resource: https://geospacebok.eu/CF
4,C,Difficult,2,Cartography & Visualization,"Choose the most appropriate method given the stated assumptions and intended interpretation, not simply a method that could produce a visually similar result. Why can a north arrow be unnecessary on some maps?",B,GIS&T BoK remediation: [CV-06-021] Map Reading — https://gistbok-topics.ucgis.org/CV-06-021 | Blueprint domain resource: https://geospacebok.eu/CV
4,C,Difficult,3,Thematic & Application Domains,"Which option would be the strongest methodological choice for this GIS task, recognizing that the alternatives are also legitimate GIS techniques? A civil engineer needs earthwork cut and fill volumes for a road project. Which data are essential?",B,GIS&T BoK remediation: [DA-004] GIS&T and Civil Engineering — https://gistbok-topics.ucgis.org/DA-004 | Blueprint domain resource: https://geospacebok.eu/TA
4,C,Difficult,4,Data Modeling,"A GIS analyst must choose among several technically plausible approaches. Select the best option for the stated objective. In this context, which statement most accurately describes a conceptual data model?",A,GIS&T BoK remediation: [DM-01-034] Conceptual Data Models — https://gistbok-topics.ucgis.org/DM-01-034 | Blueprint domain resource: https://geospacebok.eu/DM
4,C,Difficult,5,"Platforms, Sensors, Physics & Image Processing",Assume the input data are valid and appropriately projected unless stated otherwise. Which approach best satisfies the analytical requirement? Why does ocean acoustic imaging use sound rather than visible light for many underwater measurements?,D,GIS&T BoK remediation: [DC-03-033] Acoustic Imaging of the Oceans — https://gistbok-topics.ucgis.org/DC-03-033 | Blueprint domain resource: https://geospacebok.eu/PS | https://geospacebok.eu/PP | https://geospacebok.eu/IP
4,C,Difficult,6,Analytical Methods & GeoComputation,"A project team is documenting a defensible professional workflow. Several choices could produce related outputs; choose the one that most directly answers the question. Which interpolation method weights nearby observations more heavily with influence declining directly with distance, without fitting a variogram?",D,GIS&T BoK remediation: [AM-04-070] Inverse Distance Weighting — https://gistbok-topics.ucgis.org/AM-04-070 | Blueprint domain resource: https://geospacebok.eu/AM | https://geospacebok.eu/GC
4,C,Difficult,7,"Platforms, Sensors, Physics & Image Processing",The analyst wants to avoid a method that is merely convenient but does not exactly match the stated spatial or statistical objective. Which answer is best? What do first-return LiDAR points commonly correspond to?,C,GIS&T BoK remediation: [DC-03-027] Light Detection and Ranging (LiDAR) — https://gistbok-topics.ucgis.org/DC-03-027 | Blueprint domain resource: https://geospacebok.eu/PS | https://geospacebok.eu/PP | https://geospacebok.eu/IP
4,C,Difficult,8,Cartography & Visualization,"Choose the most appropriate method given the stated assumptions and intended interpretation, not simply a method that could produce a visually similar result. Which color scheme is most appropriate for ordered low-to-high values with no meaningful midpoint?",D,GIS&T BoK remediation: [CV-03-009] Color Theory — https://gistbok-topics.ucgis.org/CV-03-009 | Blueprint domain resource: https://geospacebok.eu/CV
4,C,Difficult,9,Data Modeling,"Which option would be the strongest methodological choice for this GIS task, recognizing that the alternatives are also legitimate GIS techniques? What does an R-tree spatial index organize hierarchically?",D,GIS&T BoK remediation: [DM-03-066] Spatial Indexing — https://gistbok-topics.ucgis.org/DM-03-066 | Blueprint domain resource: https://geospacebok.eu/DM
4,C,Difficult,10,Design of Systems,A GIS analyst must choose among several technically plausible approaches. Select the best option for the stated objective. Why should sensitive API keys not be embedded openly in client-side JavaScript?,C,GIS&T BoK remediation: [PD-03-019] GIS APIs — https://gistbok-topics.ucgis.org/PD-03-018 | Blueprint domain resource: https://geospacebok.eu/DA
4,C,Difficult,11,Organizational & Institutional Aspects,"Assume the input data are valid and appropriately projected unless stated otherwise. Which approach best satisfies the analytical requirement? In this context, which statement most accurately describes a possible advantage of a decentralized GIS organizational model?",C,GIS&T BoK remediation: [KE-03-033] Organizational Models for GIS Management — https://gistbok-topics.ucgis.org/KE-03-033 | Blueprint domain resource: https://geospacebok.eu/OI
4,C,Difficult,12,Analytical Methods & GeoComputation,"A project team is documenting a defensible professional workflow. Several choices could produce related outputs; choose the one that most directly answers the question. To estimate vegetation canopy height from LiDAR-derived surfaces, which difference is commonly calculated?",A,GIS&T BoK remediation: [AM-04-099] LiDAR Point Cloud Analysis — https://gistbok-topics.ucgis.org/AM-04-099 | Blueprint domain resource: https://geospacebok.eu/AM | https://geospacebok.eu/GC
4,C,Difficult,13,"Platforms, Sensors, Physics & Image Processing",The analyst wants to avoid a method that is merely convenient but does not exactly match the stated spatial or statistical objective. Which answer is best? A geostationary satellite is especially suitable for what?,C,GIS&T BoK remediation: [DC-03-026] Remote Sensing Platforms — https://gistbok-topics.ucgis.org/DC-03-026 | Blueprint domain resource: https://geospacebok.eu/PS | https://geospacebok.eu/PP | https://geospacebok.eu/IP
4,C,Difficult,14,Conceptual Foundations,"Choose the most appropriate method given the stated assumptions and intended interpretation, not simply a method that could produce a visually similar result. In this context, which statement most accurately describes positional accuracy?",C,GIS&T BoK remediation: [FC-07-024] Conceptual Models of Error and Uncertainty — https://gistbok-topics.ucgis.org/FC-07-024 | Blueprint domain resource: https://geospacebok.eu/CF
4,C,Difficult,15,Organizational & Institutional Aspects,"Which option would be the strongest methodological choice for this GIS task, recognizing that the alternatives are also legitimate GIS techniques? Why is training a core GIS implementation cost?",B,GIS&T BoK remediation: [KE-01-025] GIS&T Education and Training — https://gistbok-topics.ucgis.org/KE-01-025 | Blueprint domain resource: https://geospacebok.eu/OI
4,C,Difficult,16,GI & Society,A GIS analyst must choose among several technically plausible approaches. Select the best option for the stated objective. Why can aggregation choices matter greatly in legislative redistricting?,A,GIS&T BoK remediation: [GS-02-020] Aggregation of Spatial Entities and Legislative Redistricting — https://gistbok-topics.ucgis.org/GS-02-020 | Blueprint domain resource: https://geospacebok.eu/GS
4,C,Difficult,17,Geospatial Data,Assume the input data are valid and appropriately projected unless stated otherwise. Which approach best satisfies the analytical requirement? Producer’s accuracy is most closely associated with which type of classification error?,D,GIS&T BoK remediation: [DC-04-019] Ground Verification and Accuracy Assessment — https://gistbok-topics.ucgis.org/DC-04-019 | Blueprint domain resource: https://geospacebok.eu/GD
4,C,Difficult,18,Thematic & Application Domains,A project team is documenting a defensible professional workflow. Several choices could produce related outputs; choose the one that most directly answers the question. Why are yield maps often combined with soil and terrain layers?,B,GIS&T BoK remediation: [DA-001] GIS&T and Agriculture — https://gistbok-topics.ucgis.org/DA-001 | Blueprint domain resource: https://geospacebok.eu/TA
4,C,Difficult,19,Design of Systems,"The analyst wants to avoid a method that is merely convenient but does not exactly match the stated spatial or statistical objective. Which answer is best? In this context, which statement most accurately describes unit testing intended to verify?",C,"GIS&T BoK remediation: [PD-02-005] Design, Development, Testing, and Deployment of GIS Applications — https://gistbok-topics.ucgis.org/PD-02-005 | Blueprint domain resource: https://geospacebok.eu/DA"
4,C,Difficult,20,Analytical Methods & GeoComputation,"Choose the most appropriate method given the stated assumptions and intended interpretation, not simply a method that could produce a visually similar result. Which polygon-neighbor rule treats features sharing either an edge or a corner as neighbors?",D,GIS&T BoK remediation: [AM-03-011] Spatial Statistics — https://gistbok-topics.ucgis.org/AM-03-011 | Blueprint domain resource: https://geospacebok.eu/AM | https://geospacebok.eu/GC
4,C,Difficult,21,Geospatial Data,"Which option would be the strongest methodological choice for this GIS task, recognizing that the alternatives are also legitimate GIS techniques? Why should timestamps be captured with field observations when conditions change rapidly?",A,GIS&T BoK remediation: [DC-06-009] Field Data Capture Technologies — https://gistbok-topics.ucgis.org/DC-06-009 | Blueprint domain resource: https://geospacebok.eu/GD
4,C,Difficult,22,Data Modeling,A GIS analyst must choose among several technically plausible approaches. Select the best option for the stated objective. Why do spatial indexes improve many spatial queries?,B,GIS&T BoK remediation: [DM-03-066] Spatial Indexing — https://gistbok-topics.ucgis.org/DM-03-066 | Blueprint domain resource: https://geospacebok.eu/DM
4,C,Difficult,23,"Platforms, Sensors, Physics & Image Processing",Assume the input data are valid and appropriately projected unless stated otherwise. Which approach best satisfies the analytical requirement? What does radiometric resolution describe?,A,GIS&T BoK remediation: [DC-03-016] Nature of Multispectral Image Data — https://gistbok-topics.ucgis.org/DC-03-016 | Blueprint domain resource: https://geospacebok.eu/PS | https://geospacebok.eu/PP | https://geospacebok.eu/IP
4,C,Difficult,24,"Platforms, Sensors, Physics & Image Processing",A project team is documenting a defensible professional workflow. Several choices could produce related outputs; choose the one that most directly answers the question. How does hyperspectral imagery differ from typical multispectral imagery?,D,GIS&T BoK remediation: [DC-03-031] Hyperspectral Remote Sensing — https://gistbok-topics.ucgis.org/DC-03-031 | Blueprint domain resource: https://geospacebok.eu/PS | https://geospacebok.eu/PP | https://geospacebok.eu/IP
4,C,Difficult,25,Conceptual Foundations,The analyst wants to avoid a method that is merely convenient but does not exactly match the stated spatial or statistical objective. Which answer is best? A map emphasizes some places and omits others. What should a critical map reader remember?,D,GIS&T BoK remediation: [FC-03-020] The power of maps — https://gistbok-topics.ucgis.org/FC-03-020 | Blueprint domain resource: https://geospacebok.eu/CF
4,C,Difficult,26,Conceptual Foundations,"Choose the most appropriate method given the stated assumptions and intended interpretation, not simply a method that could produce a visually similar result. A projection preserves local angles and shapes but distorts area. Which property is being preserved?",A,GIS&T BoK remediation: [CV-03-006] Map Projections — https://gistbok-topics.ucgis.org/CV-03-006 | Blueprint domain resource: https://geospacebok.eu/CF
4,C,Difficult,27,Conceptual Foundations,"Which option would be the strongest methodological choice for this GIS task, recognizing that the alternatives are also legitimate GIS techniques? A map designed to show directions accurately from one central location should consider which projection family?",B,GIS&T BoK remediation: [CV-03-006] Map Projections — https://gistbok-topics.ucgis.org/CV-03-006 | Blueprint domain resource: https://geospacebok.eu/CF
4,C,Difficult,28,Cartography & Visualization,A GIS analyst must choose among several technically plausible approaches. Select the best option for the stated objective. Which color scheme is most appropriate for values diverging around a meaningful midpoint such as zero change?,D,GIS&T BoK remediation: [CV-03-009] Color Theory — https://gistbok-topics.ucgis.org/CV-03-009 | Blueprint domain resource: https://geospacebok.eu/CV
4,C,Difficult,29,Thematic & Application Domains,Assume the input data are valid and appropriately projected unless stated otherwise. Which approach best satisfies the analytical requirement? A watershed manager wants likely erosion-prone slopes near streams. Which combination is appropriate?,C,GIS&T BoK remediation: [AM-04-066] Watersheds and Drainage Networks — https://gistbok-topics.ucgis.org/AM-04-066 | Blueprint domain resource: https://geospacebok.eu/TA
4,C,Difficult,30,Cartography & Visualization,"A project team is documenting a defensible professional workflow. Several choices could produce related outputs; choose the one that most directly answers the question. In this context, which statement most accurately describes responsive web-map design?",A,GIS&T BoK remediation: [CV-05-040] Mobile Maps and Responsive Design — https://gistbok-topics.ucgis.org/CV-05-040 | Blueprint domain resource: https://geospacebok.eu/CV
4,C,Difficult,31,Analytical Methods & GeoComputation,"The analyst wants to avoid a method that is merely convenient but does not exactly match the stated spatial or statistical objective. Which answer is best? In IDW, what generally happens when the power parameter is increased?",C,GIS&T BoK remediation: [AM-04-070] Inverse Distance Weighting — https://gistbok-topics.ucgis.org/AM-04-070 | Blueprint domain resource: https://geospacebok.eu/AM | https://geospacebok.eu/GC
4,C,Difficult,32,"Platforms, Sensors, Physics & Image Processing","Choose the most appropriate method given the stated assumptions and intended interpretation, not simply a method that could produce a visually similar result. A UAS is especially useful when a project needs what?",D,GIS&T BoK remediation: [DC-03-024] Unmanned Aerial Systems (UAS) — https://gistbok-topics.ucgis.org/DC-03-024 | Blueprint domain resource: https://geospacebok.eu/PS | https://geospacebok.eu/PP | https://geospacebok.eu/IP
4,C,Difficult,33,Conceptual Foundations,"Which option would be the strongest methodological choice for this GIS task, recognizing that the alternatives are also legitimate GIS techniques? Which statement best distinguishes space from place?",C,GIS&T BoK remediation: [FC-03-006] Landscape and Place — https://gistbok-topics.ucgis.org/FC-03-006 | Blueprint domain resource: https://geospacebok.eu/CF
4,C,Difficult,34,Conceptual Foundations,A GIS analyst must choose among several technically plausible approaches. Select the best option for the stated objective. Road intersections are nodes connected by road segments. Which conceptual structure is this?,D,GIS&T BoK remediation: [AM-04-066] Watersheds and Drainage Networks — https://gistbok-topics.ucgis.org/AM-04-066 | Blueprint domain resource: https://geospacebok.eu/CF
4,C,Difficult,35,Geospatial Data,"Assume the input data are valid and appropriately projected unless stated otherwise. Which approach best satisfies the analytical requirement? In this context, which statement most accurately describes a major strength of volunteered geographic information?",A,GIS&T BoK remediation: [DC-02-029] Volunteered Geographic Information — https://gistbok-topics.ucgis.org/DC-02-029 | Blueprint domain resource: https://geospacebok.eu/GD
4,C,Difficult,36,Cartography & Visualization,A project team is documenting a defensible professional workflow. Several choices could produce related outputs; choose the one that most directly answers the question. Why is area perception a concern in proportional-symbol maps?,D,GIS&T BoK remediation: [CV-04-011] Common Thematic Map Types — https://gistbok-topics.ucgis.org/CV-04-011 | Blueprint domain resource: https://geospacebok.eu/CV
4,C,Difficult,37,Design of Systems,The analyst wants to avoid a method that is merely convenient but does not exactly match the stated spatial or statistical objective. Which answer is best? Spatial MapReduce is designed primarily to do what?,A,GIS&T BoK remediation: [CP-04-007] Spatial MapReduce — https://gistbok-topics.ucgis.org/CP-04-007 | Blueprint domain resource: https://geospacebok.eu/DA
4,C,Difficult,38,Cartography & Visualization,"Choose the most appropriate method given the stated assumptions and intended interpretation, not simply a method that could produce a visually similar result. Why should type size and weight vary across labels?",A,GIS&T BoK remediation: [CV-03-010] Typography — https://gistbok-topics.ucgis.org/CV-03-010 | Blueprint domain resource: https://geospacebok.eu/CV
4,C,Difficult,39,Cartography & Visualization,"Which option would be the strongest methodological choice for this GIS task, recognizing that the alternatives are also legitimate GIS techniques? How can uncertainty be represented cartographically?",D,GIS&T BoK remediation: [CV-04-018] Representing Uncertainty — https://gistbok-topics.ucgis.org/CV-04-018 | Blueprint domain resource: https://geospacebok.eu/CV
4,C,Difficult,40,GI & Society,A GIS analyst must choose among several technically plausible approaches. Select the best option for the stated objective. A data license requires attribution. What must a downstream user do?,D,GIS&T BoK remediation: [GS-01-023] Legal Mechanisms for Sharing Geospatial Information — https://gistbok-topics.ucgis.org/GS-01-023 | Blueprint domain resource: https://geospacebok.eu/GS
4,C,Difficult,41,Analytical Methods & GeoComputation,"Assume the input data are valid and appropriately projected unless stated otherwise. Which approach best satisfies the analytical requirement? A genetic algorithm repeatedly selects, recombines, and mutates candidate site configurations. What process is it mimicking?",B,GIS&T BoK remediation: [AM-07-078] Genetic Algorithms and Evolutionary Computing — https://gistbok-topics.ucgis.org/AM-07-078 | Blueprint domain resource: https://geospacebok.eu/AM | https://geospacebok.eu/GC
4,C,Difficult,42,Data Modeling,A project team is documenting a defensible professional workflow. Several choices could produce related outputs; choose the one that most directly answers the question. A parcel table uses ParcelID as a unique identifier. What database role does ParcelID serve?,B,GIS&T BoK remediation: [DM-01-001] Spatial Database Management Systems — https://gistbok-topics.ucgis.org/DM-01-001 | Blueprint domain resource: https://geospacebok.eu/DM
4,C,Difficult,43,Thematic & Application Domains,"The analyst wants to avoid a method that is merely convenient but does not exactly match the stated spatial or statistical objective. Which answer is best? A disaster-response dashboard combines sensor feeds, road closures, shelters, and population. What system quality is most important?",D,GIS&T BoK remediation: [CP-03-018] GIS and the Internet of Intelligent Things — https://gistbok-topics.ucgis.org/CP-03-018 | Blueprint domain resource: https://geospacebok.eu/TA
4,C,Difficult,44,Data Modeling,"Choose the most appropriate method given the stated assumptions and intended interpretation, not simply a method that could produce a visually similar result. Why might NoSQL be considered for some geospatial applications?",C,GIS&T BoK remediation: [DM-01-067] NoSQL Databases — https://gistbok-topics.ucgis.org/DM-01-067 | Blueprint domain resource: https://geospacebok.eu/DM
4,C,Difficult,45,Organizational & Institutional Aspects,"Which option would be the strongest methodological choice for this GIS task, recognizing that the alternatives are also legitimate GIS techniques? In this context, which statement most accurately describes an operating budget needed for after GIS deployment?",A,GIS&T BoK remediation: [KE-03-011] Funding — https://gistbok-topics.ucgis.org/KE-03-011 | Blueprint domain resource: https://geospacebok.eu/OI
4,C,Difficult,46,Geospatial Data,A GIS analyst must choose among several technically plausible approaches. Select the best option for the stated objective. Which quality dimension asks whether class labels or attributes are correct?,D,"GIS&T BoK remediation: [DM-07-057] Data Evaluation, Metadata, and Data Quality — https://gistbok-topics.ucgis.org/DM-07-057 | Blueprint domain resource: https://geospacebok.eu/GD"
4,C,Difficult,47,Geospatial Data,Assume the input data are valid and appropriately projected unless stated otherwise. Which approach best satisfies the analytical requirement? User’s accuracy is most closely associated with which type of classification error?,D,GIS&T BoK remediation: [DC-04-019] Ground Verification and Accuracy Assessment — https://gistbok-topics.ucgis.org/DC-04-019 | Blueprint domain resource: https://geospacebok.eu/GD
4,C,Difficult,48,Data Modeling,"A project team is documenting a defensible professional workflow. Several choices could produce related outputs; choose the one that most directly answers the question. In this context, which statement most accurately describes a vertical datum used for?",A,GIS&T BoK remediation: GIS&T BoK | Blueprint domain resource: https://geospacebok.eu/DM
4,C,Difficult,49,"Platforms, Sensors, Physics & Image Processing","The analyst wants to avoid a method that is merely convenient but does not exactly match the stated spatial or statistical objective. Which answer is best? If NIR reflectance is 0.70 and red reflectance is 0.10, what is NDVI approximately?",A,GIS&T BoK remediation: GIS&T BoK | Blueprint domain resource: https://geospacebok.eu/PS | https://geospacebok.eu/PP | https://geospacebok.eu/IP
4,C,Difficult,50,Cartography & Visualization,"Choose the most appropriate method given the stated assumptions and intended interpretation, not simply a method that could produce a visually similar result. Contours represent terrain by connecting points of what?",A,GIS&T BoK remediation: [CV-04-014] Terrain Representation — https://gistbok-topics.ucgis.org/CV-04-014 | Blueprint domain resource: https://geospacebok.eu/CV
4,C,Difficult,51,Geospatial Data,"Which option would be the strongest methodological choice for this GIS task, recognizing that the alternatives are also legitimate GIS techniques? A confusion matrix compares what?",D,GIS&T BoK remediation: [DC-04-019] Ground Verification and Accuracy Assessment — https://gistbok-topics.ucgis.org/DC-04-019 | Blueprint domain resource: https://geospacebok.eu/GD
4,C,Difficult,52,Data Modeling,"A GIS analyst must choose among several technically plausible approaches. Select the best option for the stated objective. A composite key is EmployeeID + ProjectID, but EmployeeBirthdate depends only on EmployeeID. Which normalization problem is present?",C,GIS&T BoK remediation: [DM-01-003] Relational DBMS and their Spatial Extensions — https://gistbok-topics.ucgis.org/DM-01-003 | Blueprint domain resource: https://geospacebok.eu/DM
4,C,Difficult,53,Organizational & Institutional Aspects,"Assume the input data are valid and appropriately projected unless stated otherwise. Which approach best satisfies the analytical requirement? In this context, which statement most accurately describes a benefit of multi-jurisdictional GIS coordination?",D,GIS&T BoK remediation: [KE-02-018] Regional Multi-Jurisdictional GIS Coordination & Collaboration — https://gistbok-topics.ucgis.org/KE-02-018 | Blueprint domain resource: https://geospacebok.eu/OI
4,C,Difficult,54,Conceptual Foundations,A project team is documenting a defensible professional workflow. Several choices could produce related outputs; choose the one that most directly answers the question. A road network remains connected after a rubber-sheet transformation that stretches geometry without tearing. Which concept explains the preserved relationship?,A,GIS&T BoK remediation: [DM-01-028] Topological Relationships — https://gistbok-topics.ucgis.org/DM-01-028 | Blueprint domain resource: https://geospacebok.eu/CF
4,C,Difficult,55,"Platforms, Sensors, Physics & Image Processing",The analyst wants to avoid a method that is merely convenient but does not exactly match the stated spatial or statistical objective. Which answer is best? How many digital numbers can an 8-bit image represent per band?,B,GIS&T BoK remediation: [DC-03-016] Nature of Multispectral Image Data — https://gistbok-topics.ucgis.org/DC-03-016 | Blueprint domain resource: https://geospacebok.eu/PS | https://geospacebok.eu/PP | https://geospacebok.eu/IP
4,C,Difficult,56,Analytical Methods & GeoComputation,"Choose the most appropriate method given the stated assumptions and intended interpretation, not simply a method that could produce a visually similar result. Why should GWR not automatically replace OLS whenever local coefficients can be calculated?",C,GIS&T BoK remediation: [AM-03-034] The Geographically Weighted Regression Framework — https://gistbok-topics.ucgis.org/AM-03-034 | Blueprint domain resource: https://geospacebok.eu/AM | https://geospacebok.eu/GC
4,C,Difficult,57,Data Modeling,"Which option would be the strongest methodological choice for this GIS task, recognizing that the alternatives are also legitimate GIS techniques? Which resampling method is commonly appropriate for a continuous elevation surface when moderate smoothing is acceptable?",A,GIS&T BoK remediation: [DM-06-087] Raster resampling — https://gistbok-topics.ucgis.org/DM-06-087 | Blueprint domain resource: https://geospacebok.eu/DM
4,C,Difficult,58,Analytical Methods & GeoComputation,"A GIS analyst must choose among several technically plausible approaches. Select the best option for the stated objective. In a D8 flow-direction model, each raster cell routes flow to what?",D,GIS&T BoK remediation: [AM-04-066] Watersheds and Drainage Networks — https://gistbok-topics.ucgis.org/AM-04-066 | Blueprint domain resource: https://geospacebok.eu/AM | https://geospacebok.eu/GC
4,C,Difficult,59,Organizational & Institutional Aspects,Assume the input data are valid and appropriately projected unless stated otherwise. Which approach best satisfies the analytical requirement? Why can multi-organizational GIS projects fail even when the technology works?,A,GIS&T BoK remediation: [KE-02-034] Multi-Organizational GIS Coordination — https://gistbok-topics.ucgis.org/KE-02-034 | Blueprint domain resource: https://geospacebok.eu/OI
4,C,Difficult,60,Data Modeling,"A project team is documenting a defensible professional workflow. Several choices could produce related outputs; choose the one that most directly answers the question. In this context, which statement most accurately describes a spatial data warehouse optimized for?",C,GIS&T BoK remediation: [DM-07-059] Spatial Data Warehouses — https://gistbok-topics.ucgis.org/DM-07-059 | Blueprint domain resource: https://geospacebok.eu/DM
4,C,Difficult,61,Analytical Methods & GeoComputation,The analyst wants to avoid a method that is merely convenient but does not exactly match the stated spatial or statistical objective. Which answer is best? You need the mean precipitation value for each watershed polygon from a precipitation raster. Which operation is designed for this?,A,GIS&T BoK remediation: [AM-02-006] Grid Operations and Map Algebra — https://gistbok-topics.ucgis.org/AM-02-006 | Blueprint domain resource: https://geospacebok.eu/AM | https://geospacebok.eu/GC
4,C,Difficult,62,Conceptual Foundations,"Choose the most appropriate method given the stated assumptions and intended interpretation, not simply a method that could produce a visually similar result. In this context, which statement most accurately describes attribute accuracy?",A,GIS&T BoK remediation: [FC-04-010] GIS Data Properties — https://gistbok-topics.ucgis.org/FC-04-010 | Blueprint domain resource: https://geospacebok.eu/CF
4,C,Difficult,63,Conceptual Foundations,"Which option would be the strongest methodological choice for this GIS task, recognizing that the alternatives are also legitimate GIS techniques? In a network graph, what is node degree?",A,GIS&T BoK remediation: [AM-04-066] Watersheds and Drainage Networks — https://gistbok-topics.ucgis.org/AM-04-066 | Blueprint domain resource: https://geospacebok.eu/CF
4,C,Difficult,64,Geospatial Data,A GIS analyst must choose among several technically plausible approaches. Select the best option for the stated objective. A census variable is reported as a count for each tract. Why can direct comparison among tracts be misleading?,D,GIS&T BoK remediation: [DC-06-028] United States Census Data — https://gistbok-topics.ucgis.org/DC-06-028 | Blueprint domain resource: https://geospacebok.eu/GD
4,C,Difficult,65,Conceptual Foundations,"Assume the input data are valid and appropriately projected unless stated otherwise. Which approach best satisfies the analytical requirement? In a rectilinear street grid where travel is constrained to streets, which distance concept may be more relevant than straight-line distance?",B,GIS&T BoK remediation: [FC-05-042] Distance Operations — https://gistbok-topics.ucgis.org/FC-05-042 | Blueprint domain resource: https://geospacebok.eu/CF
4,C,Difficult,66,Analytical Methods & GeoComputation,A project team is documenting a defensible professional workflow. Several choices could produce related outputs; choose the one that most directly answers the question. A floodplain layer and parcel layer must be combined so only parcel portions inside floodplains remain. Which overlay operation fits?,C,GIS&T BoK remediation: [AM-02-004] Overlay — https://gistbok-topics.ucgis.org/AM-02-004 | Blueprint domain resource: https://geospacebok.eu/AM | https://geospacebok.eu/GC
4,C,Difficult,67,Analytical Methods & GeoComputation,The analyst wants to avoid a method that is merely convenient but does not exactly match the stated spatial or statistical objective. Which answer is best? A Moran’s I value is near zero and not statistically significant. Which conclusion is most defensible?,D,GIS&T BoK remediation: [FC-05-037] Spatial Autocorrelation — https://gistbok-topics.ucgis.org/FC-05-037 | Blueprint domain resource: https://geospacebok.eu/AM | https://geospacebok.eu/GC
4,C,Difficult,68,Analytical Methods & GeoComputation,"Choose the most appropriate method given the stated assumptions and intended interpretation, not simply a method that could produce a visually similar result. A line-of-sight between a proposed tower and receiver is blocked by a ridge. Which dataset is essential to that determination?",A,"GIS&T BoK remediation: [AM-04-017] Intervisibility, Line-of-Sight, and Viewsheds — https://gistbok-topics.ucgis.org/AM-04-017 | Blueprint domain resource: https://geospacebok.eu/AM | https://geospacebok.eu/GC"
4,C,Difficult,69,Analytical Methods & GeoComputation,"Which option would be the strongest methodological choice for this GIS task, recognizing that the alternatives are also legitimate GIS techniques? Which terrain derivative indicates the compass direction a slope faces?",B,GIS&T BoK remediation: [AM-04-055] Digital Terrain Models and Terrain Metrics — https://gistbok-topics.ucgis.org/AM-04-055 | Blueprint domain resource: https://geospacebok.eu/AM | https://geospacebok.eu/GC
4,C,Difficult,70,Design of Systems,A GIS analyst must choose among several technically plausible approaches. Select the best option for the stated objective. Why is R widely used for geospatial research and analysis?,D,GIS&T BoK remediation: [PD-05-015] R for Geospatial Analysis and Mapping — https://gistbok-topics.ucgis.org/PD-05-015 | Blueprint domain resource: https://geospacebok.eu/DA
4,C,Difficult,71,Geospatial Data,Assume the input data are valid and appropriately projected unless stated otherwise. Which approach best satisfies the analytical requirement? Different inspectors use inconsistent definitions of damaged. What data-quality problem is likely?,B,GIS&T BoK remediation: [DC-06-009] Field Data Capture Technologies — https://gistbok-topics.ucgis.org/DC-06-009 | Blueprint domain resource: https://geospacebok.eu/GD
4,C,Difficult,72,Analytical Methods & GeoComputation,A project team is documenting a defensible professional workflow. Several choices could produce related outputs; choose the one that most directly answers the question. A riparian ordinance prohibits construction within 30 m of streams. Which operation should be performed first?,A,GIS&T BoK remediation: [AM-02-003] Buffers — https://gistbok-topics.ucgis.org/AM-02-003 | Blueprint domain resource: https://geospacebok.eu/AM | https://geospacebok.eu/GC
4,C,Difficult,73,Web-Based GIS,The analyst wants to avoid a method that is merely convenient but does not exactly match the stated spatial or statistical objective. Which answer is best? A web map displays thousands of points and becomes sluggish. Which strategy is most likely to help?,C,GIS&T BoK remediation: [CP-04-014] Web GIS — https://gistbok-topics.ucgis.org/CP-04-014 | Blueprint domain resource: https://geospacebok.eu/WB
4,C,Difficult,74,Design of Systems,"Choose the most appropriate method given the stated assumptions and intended interpretation, not simply a method that could produce a visually similar result. Why is load balancing useful for web GIS?",D,GIS&T BoK remediation: [CP-01-008] Spatial Cloud Computing — https://gistbok-topics.ucgis.org/CP-01-008 | Blueprint domain resource: https://geospacebok.eu/DA
4,C,Difficult,75,Design of Systems,"Which option would be the strongest methodological choice for this GIS task, recognizing that the alternatives are also legitimate GIS techniques? What type of GIS workload is especially well suited to GPU acceleration?",A,GIS&T BoK remediation: [CP-01-006] Graphics Processing Units (GPUs) — https://gistbok-topics.ucgis.org/CP-01-006 | Blueprint domain resource: https://geospacebok.eu/DA
5,A,Standard,1,Design of Systems,What is horizontal scaling?,D,GIS&T BoK remediation: [CP-01-008] Spatial Cloud Computing — https://gistbok-topics.ucgis.org/CP-01-008 | Blueprint domain resource: https://geospacebok.eu/DA
5,A,Standard,2,Analytical Methods & GeoComputation,"In GWR, the coefficient for distance to downtown is strongly negative in the core but near zero in outer suburbs. What does this demonstrate?",C,GIS&T BoK remediation: [AM-03-034] The Geographically Weighted Regression Framework — https://gistbok-topics.ucgis.org/AM-03-034 | Blueprint domain resource: https://geospacebok.eu/AM | https://geospacebok.eu/GC
5,A,Standard,3,Analytical Methods & GeoComputation,An OLS model of house prices has spatially autocorrelated residuals. Why is that a concern?,D,GIS&T BoK remediation: [AM-03-063] Regression Fundamentals — https://gistbok-topics.ucgis.org/AM-03-063 | Blueprint domain resource: https://geospacebok.eu/AM | https://geospacebok.eu/GC
5,A,Standard,4,Design of Systems,What is a REST API?,A,GIS&T BoK remediation: [PD-03-019] GIS APIs — https://gistbok-topics.ucgis.org/PD-03-018 | Blueprint domain resource: https://geospacebok.eu/DA
5,A,Standard,5,Thematic & Application Domains,A wildlife biologist wants to model movement through fragmented habitat. Which GIS approach is suitable?,B,GIS&T BoK remediation: [AM-05-044] Modelling Accessibility — https://gistbok-topics.ucgis.org/AM-05-044 | Blueprint domain resource: https://geospacebok.eu/TA
5,A,Standard,6,Analytical Methods & GeoComputation,Road right-of-way polygons and wetlands must be overlaid to return only shared geometry. Which operation is correct?,B,GIS&T BoK remediation: [AM-02-004] Overlay — https://gistbok-topics.ucgis.org/AM-02-004 | Blueprint domain resource: https://geospacebok.eu/AM | https://geospacebok.eu/GC
5,A,Standard,7,"Platforms, Sensors, Physics & Image Processing","All else equal, what advantage does a 12-bit sensor have over an 8-bit sensor?",D,GIS&T BoK remediation: [DC-03-016] Nature of Multispectral Image Data — https://gistbok-topics.ucgis.org/DC-03-016 | Blueprint domain resource: https://geospacebok.eu/PS | https://geospacebok.eu/PP | https://geospacebok.eu/IP
5,A,Standard,8,Cartography & Visualization,Which map type uses one dot to represent a specified quantity and shows distribution within zones?,A,GIS&T BoK remediation: [CV-04-011] Common Thematic Map Types — https://gistbok-topics.ucgis.org/CV-04-011 | Blueprint domain resource: https://geospacebok.eu/CV
5,A,Standard,9,Organizational & Institutional Aspects,Why should end users be involved in requirements gathering?,C,GIS&T BoK remediation: [KE-04-001] The process of GIS&T design — https://gistbok-topics.ucgis.org/KE-04-001 | Blueprint domain resource: https://geospacebok.eu/OI
5,A,Standard,10,Cartography & Visualization,"A narrative web map combines maps, text, images, and sequence to guide the reader. What design approach is this?",B,GIS&T BoK remediation: [CV-04-033] Narrative and Storytelling — https://gistbok-topics.ucgis.org/CV-04-033 | Blueprint domain resource: https://geospacebok.eu/CV
5,A,Standard,11,Design of Systems,What is infrastructure-as-code useful for?,B,GIS&T BoK remediation: [CP-01-013] Cyberinfrastructure — https://gistbok-topics.ucgis.org/CP-01-013 | Blueprint domain resource: https://geospacebok.eu/DA
5,A,Standard,12,Analytical Methods & GeoComputation,A DEM contains many artificial depressions that interrupt modeled drainage. What preprocessing step is commonly used before flow-direction analysis?,D,GIS&T BoK remediation: [AM-04-066] Watersheds and Drainage Networks — https://gistbok-topics.ucgis.org/AM-04-066 | Blueprint domain resource: https://geospacebok.eu/AM | https://geospacebok.eu/GC
5,A,Standard,13,Cartography & Visualization,A highly skewed dataset mapped with equal interval places most observations in one class. Which alternative often reveals rank differences better?,C,"GIS&T BoK remediation: [CV-03-005] Statistical Mapping (Enumeration, Normalization, Classification) — https://gistbok-topics.ucgis.org/CV-03-005 | Blueprint domain resource: https://geospacebok.eu/CV"
5,A,Standard,14,Conceptual Foundations,"For the same extent, changing raster resolution from 30 m to 1 m generally has what storage effect?",D,GIS&T BoK remediation: [FC-05-021] Resolution — https://gistbok-topics.ucgis.org/FC-05-021 | Blueprint domain resource: https://geospacebok.eu/CF
5,A,Standard,15,Organizational & Institutional Aspects,Why is continuing professional development important in GIS&T?,A,GIS&T BoK remediation: [KE-01-023] GIS&T Workforce Development — https://gistbok-topics.ucgis.org/KE-01-023 | Blueprint domain resource: https://geospacebok.eu/OI
5,A,Standard,16,Conceptual Foundations,"GNSS commonly produces ellipsoidal height. To estimate orthometric height, what additional quantity is needed?",A,GIS&T BoK remediation: GIS&T BoK | Blueprint domain resource: https://geospacebok.eu/CF
5,A,Standard,17,Data Modeling,A very large spatial database has slow full-table scans. Which combination is most likely to improve performance?,C,GIS&T BoK remediation: [DM-01-070] Problems of Large Spatial Databases — https://gistbok-topics.ucgis.org/DM-01-070 | Blueprint domain resource: https://geospacebok.eu/DM
5,A,Standard,18,Analytical Methods & GeoComputation,A predictor in an OLS model has a variance inflation factor of 18. What problem does this suggest?,B,GIS&T BoK remediation: [AM-03-063] Regression Fundamentals — https://gistbok-topics.ucgis.org/AM-03-063 | Blueprint domain resource: https://geospacebok.eu/AM | https://geospacebok.eu/GC
5,A,Standard,19,Conceptual Foundations,Why can different classification schemes change the apparent pattern of a choropleth map?,B,GIS&T BoK remediation: [FC-03-004] Perception and Cognitive Processing of Geographic Phenomena: a Choropleth Map Case Study — https://gistbok-topics.ucgis.org/FC-03-004 | Blueprint domain resource: https://geospacebok.eu/CF
5,A,Standard,20,"Platforms, Sensors, Physics & Image Processing",A strongly negative NDVI value commonly indicates what kind of surface?,D,GIS&T BoK remediation: GIS&T BoK | Blueprint domain resource: https://geospacebok.eu/PS | https://geospacebok.eu/PP | https://geospacebok.eu/IP
5,A,Standard,21,Web-Based GIS,A web map needs server-rendered map images but does not require raw feature geometry. Which service type is designed for this?,B,GIS&T BoK remediation: [CP-04-014] Web GIS — https://gistbok-topics.ucgis.org/CP-04-014 | Blueprint domain resource: https://geospacebok.eu/WB
5,A,Standard,22,"Platforms, Sensors, Physics & Image Processing",What does spatial resolution describe in remote sensing?,B,GIS&T BoK remediation: [DC-03-016] Nature of Multispectral Image Data — https://gistbok-topics.ucgis.org/DC-03-016 | Blueprint domain resource: https://geospacebok.eu/PS | https://geospacebok.eu/PP | https://geospacebok.eu/IP
5,A,Standard,23,Analytical Methods & GeoComputation,A viewshed analysis returns which locations?,A,"GIS&T BoK remediation: [AM-04-017] Intervisibility, Line-of-Sight, and Viewsheds — https://gistbok-topics.ucgis.org/AM-04-017 | Blueprint domain resource: https://geospacebok.eu/AM | https://geospacebok.eu/GC"
5,A,Standard,24,Organizational & Institutional Aspects,Why is risk management part of GIS project planning?,B,GIS&T BoK remediation: [KE-04-012] GIS&T Project Planning and Management — https://gistbok-topics.ucgis.org/KE-04-012 | Blueprint domain resource: https://geospacebok.eu/OI
5,A,Standard,25,Cartography & Visualization,Why are local roads often omitted from small-scale maps?,C,GIS&T BoK remediation: [CV-03-004] Scale and Generalization — https://gistbok-topics.ucgis.org/CV-03-004 | Blueprint domain resource: https://geospacebok.eu/CV
5,A,Standard,26,Analytical Methods & GeoComputation,A Monte Carlo uncertainty analysis repeatedly perturbs uncertain model inputs and reruns the model. What is its main purpose?,C,GIS&T BoK remediation: [AM-09-105] Monte Carlo Simulation — https://gistbok-topics.ucgis.org/AM-09-105 | Blueprint domain resource: https://geospacebok.eu/AM | https://geospacebok.eu/GC
5,A,Standard,27,Conceptual Foundations,Two datasets use different horizontal datums but are displayed as though the datums were identical. What can result?,A,GIS&T BoK remediation: GIS&T BoK | Blueprint domain resource: https://geospacebok.eu/CF
5,A,Standard,28,Conceptual Foundations,Two polygons share a boundary but their interiors do not overlap. Which relation best describes them?,D,GIS&T BoK remediation: [DM-03-075] Defining and Designing Spatial Queries — https://gistbok-topics.ucgis.org/DM-03-075 | Blueprint domain resource: https://geospacebok.eu/CF
5,A,Standard,29,Cartography & Visualization,Quantile classification places approximately what in each class?,B,"GIS&T BoK remediation: [CV-03-005] Statistical Mapping (Enumeration, Normalization, Classification) — https://gistbok-topics.ucgis.org/CV-03-005 | Blueprint domain resource: https://geospacebok.eu/CV"
5,A,Standard,30,Data Modeling,Students can enroll in many courses and each course can contain many students. Which database structure usually resolves this relationship?,C,GIS&T BoK remediation: [DM-01-003] Relational DBMS and their Spatial Extensions — https://gistbok-topics.ucgis.org/DM-01-003 | Blueprint domain resource: https://geospacebok.eu/DM
5,A,Standard,31,Cartography & Visualization,A reader sees a dark color on a choropleth. What should be checked before interpreting it as high?,D,GIS&T BoK remediation: [CV-06-022] Map Interpretation — https://gistbok-topics.ucgis.org/CV-06-022 | Blueprint domain resource: https://geospacebok.eu/CV
5,A,Standard,32,Analytical Methods & GeoComputation,A land-cover machine-learning classifier performs extremely well on training data but poorly on held-out imagery. What is the most likely problem?,D,GIS&T BoK remediation: [AM-08-094] Machine Learning Approaches — https://gistbok-topics.ucgis.org/AM-08-094 | Blueprint domain resource: https://geospacebok.eu/AM | https://geospacebok.eu/GC
5,A,Standard,33,"Platforms, Sensors, Physics & Image Processing",Why should training and validation samples be independent?,A,GIS&T BoK remediation: [DC-04-019] Ground Verification and Accuracy Assessment — https://gistbok-topics.ucgis.org/DC-04-019 | Blueprint domain resource: https://geospacebok.eu/PS | https://geospacebok.eu/PP | https://geospacebok.eu/IP
5,A,Standard,34,Geospatial Data,Why can a geocoded address be inaccurate even when the street and address range match?,C,GIS&T BoK remediation: [DC-02-037] Texts — https://gistbok-topics.ucgis.org/DC-02-037 | Blueprint domain resource: https://geospacebok.eu/GD
5,A,Standard,35,Conceptual Foundations,"A line enters and exits a polygon, passing through its interior. Which spatial relation best describes this?",C,GIS&T BoK remediation: [DM-03-075] Defining and Designing Spatial Queries — https://gistbok-topics.ucgis.org/DM-03-075 | Blueprint domain resource: https://geospacebok.eu/CF
5,A,Standard,36,Conceptual Foundations,"Two agencies each use a field called class, but one means road class and the other land-cover class. What problem is this?",C,GIS&T BoK remediation: [FC-03-032] Semantic Information Elicitation — https://gistbok-topics.ucgis.org/FC-03-032 | Blueprint domain resource: https://geospacebok.eu/CF
5,A,Standard,37,Geospatial Data,"For hydrographic surveying, what instrument commonly measures water depth using sound travel time?",A,GIS&T BoK remediation: [DC-05-041] Ocean Surveying — https://gistbok-topics.ucgis.org/DC-05-041 | Blueprint domain resource: https://geospacebok.eu/GD
5,A,Standard,38,Conceptual Foundations,Why can Euclidean straight-line distance be misleading in accessibility analysis?,B,GIS&T BoK remediation: [FC-05-017] Proximity and Distance Decay — https://gistbok-topics.ucgis.org/FC-05-017 | Blueprint domain resource: https://geospacebok.eu/CF
5,A,Standard,39,Geospatial Data,A road dataset is geometrically current but its speed-limit attributes are years out of date. Which quality dimension is most problematic?,B,"GIS&T BoK remediation: [DM-07-057] Data Evaluation, Metadata, and Data Quality — https://gistbok-topics.ucgis.org/DM-07-057 | Blueprint domain resource: https://geospacebok.eu/GD"
5,A,Standard,40,Data Modeling,One parcel can have many inspection records. What relationship cardinality is this?,A,GIS&T BoK remediation: [DM-01-003] Relational DBMS and their Spatial Extensions — https://gistbok-topics.ucgis.org/DM-01-003 | Blueprint domain resource: https://geospacebok.eu/DM
5,A,Standard,41,Conceptual Foundations,What is the primary role of a horizontal geodetic datum?,A,GIS&T BoK remediation: GIS&T BoK | Blueprint domain resource: https://geospacebok.eu/CF
5,A,Standard,42,Analytical Methods & GeoComputation,"In an agent-based evacuation model, what is an agent?",B,GIS&T BoK remediation: [AM-07-079] Agent-based Modeling — https://gistbok-topics.ucgis.org/AM-07-079 | Blueprint domain resource: https://geospacebok.eu/AM | https://geospacebok.eu/GC
5,A,Standard,43,Analytical Methods & GeoComputation,A Moran’s I value is strongly positive and statistically significant. What is the most likely interpretation?,C,GIS&T BoK remediation: [FC-05-037] Spatial Autocorrelation — https://gistbok-topics.ucgis.org/FC-05-037 | Blueprint domain resource: https://geospacebok.eu/AM | https://geospacebok.eu/GC
5,A,Standard,44,"Platforms, Sensors, Physics & Image Processing",Why is Landsat especially valuable for environmental change analysis?,A,GIS&T BoK remediation: [DC-03-032] Landsat — https://gistbok-topics.ucgis.org/DC-03-032 | Blueprint domain resource: https://geospacebok.eu/PS | https://geospacebok.eu/PP | https://geospacebok.eu/IP
5,A,Standard,45,GI & Society,A client asks a GIS professional to omit neighborhoods that weaken the client argument. What is the best professional response?,A,GIS&T BoK remediation: [GS-02-011] Professional and Practical Ethics of GIS&T — https://gistbok-topics.ucgis.org/GS-02-011 | Blueprint domain resource: https://geospacebok.eu/GS
5,A,Standard,46,Data Modeling,A semantic query asks for schools near major roads. Why is this more complex than simple equality matching?,D,GIS&T BoK remediation: [DM-04-078] Geospatial Semantic Queries — https://gistbok-topics.ucgis.org/DM-04-078 | Blueprint domain resource: https://geospacebok.eu/DM
5,A,Standard,47,Design of Systems,Why are reproducible environments and locked dependencies important?,C,GIS&T BoK remediation: [PD-01-009] Modern Programming Libraries and Infrastructures for Raster Data Analysis — https://gistbok-topics.ucgis.org/PD-01-009 | Blueprint domain resource: https://geospacebok.eu/DA
5,A,Standard,48,Conceptual Foundations,Why is time often modeled differently from ordinary spatial dimensions?,C,GIS&T BoK remediation: [AM-06-102] Volumes and Space-Time Volumes — https://gistbok-topics.ucgis.org/AM-06-102 | Blueprint domain resource: https://geospacebok.eu/CF
5,A,Standard,49,Data Modeling,Which resampling method is usually safest for categorical land-cover classes?,A,GIS&T BoK remediation: [DM-06-087] Raster resampling — https://gistbok-topics.ucgis.org/DM-06-087 | Blueprint domain resource: https://geospacebok.eu/DM
5,A,Standard,50,Geospatial Data,What is a primary geospatial data source?,B,GIS&T BoK remediation: GIS&T BoK | Blueprint domain resource: https://geospacebok.eu/GD
5,A,Standard,51,Geospatial Data,Control points for georeferencing should ideally be what?,C,GIS&T BoK remediation: [DC-01-030] Georeferencing and Georectification — https://gistbok-topics.ucgis.org/DC-01-030 | Blueprint domain resource: https://geospacebok.eu/GD
5,A,Standard,52,Thematic & Application Domains,"An architect evaluates solar exposure, land use, transit access, and neighborhood context before site design. What is GIS contributing?",A,GIS&T BoK remediation: [DA-003] GIS&T in Architecture — https://gistbok-topics.ucgis.org/DA-003 | Blueprint domain resource: https://geospacebok.eu/TA
5,A,Standard,53,"Platforms, Sensors, Physics & Image Processing",Why are ground control points used in UAS photogrammetry?,B,GIS&T BoK remediation: [DC-04-038] Structure from Motion Photogrammetry — https://gistbok-topics.ucgis.org/DC-04-038 | Blueprint domain resource: https://geospacebok.eu/PS | https://geospacebok.eu/PP | https://geospacebok.eu/IP
5,A,Standard,54,Data Modeling,Why can a hexagonal grid be advantageous for neighborhood analysis?,B,GIS&T BoK remediation: [DM-02-009] The Hexagonal Model — https://gistbok-topics.ucgis.org/DM-02-009 | Blueprint domain resource: https://geospacebok.eu/DM
5,A,Standard,55,Data Modeling,A TIN represents terrain using what geometric structure?,C,GIS&T BoK remediation: GIS&T BoK | Blueprint domain resource: https://geospacebok.eu/DM
5,A,Standard,56,Thematic & Application Domains,A conservation planner wants to identify habitat corridors between protected areas. Which analysis is most appropriate?,B,GIS&T BoK remediation: [DA-001] GIS&T and Agriculture — https://gistbok-topics.ucgis.org/DA-001 | Blueprint domain resource: https://geospacebok.eu/TA
5,A,Standard,57,Organizational & Institutional Aspects,What does a work breakdown structure do?,A,GIS&T BoK remediation: [KE-04-012] GIS&T Project Planning and Management — https://gistbok-topics.ucgis.org/KE-04-012 | Blueprint domain resource: https://geospacebok.eu/OI
5,A,Standard,58,Organizational & Institutional Aspects,Why should enterprise GIS architecture consider peak concurrent users rather than average users alone?,B,GIS&T BoK remediation: [KE-04-017] The Benefits and Costs of Enterprise GIS Implementations — https://gistbok-topics.ucgis.org/KE-04-017 | Blueprint domain resource: https://geospacebok.eu/OI
5,A,Standard,59,Data Modeling,Which data model is usually most natural for an elevation surface sampled on a regular grid?,C,GIS&T BoK remediation: [DM-02-007] The Raster Data Model — https://gistbok-topics.ucgis.org/DM-02-007 | Blueprint domain resource: https://geospacebok.eu/DM
5,A,Standard,60,Conceptual Foundations,A flood model reports a probability surface rather than a binary flood/no-flood surface. What advantage does that provide?,D,GIS&T BoK remediation: [FC-07-024] Conceptual Models of Error and Uncertainty — https://gistbok-topics.ucgis.org/FC-07-024 | Blueprint domain resource: https://geospacebok.eu/CF
5,A,Standard,61,Design of Systems,What does validation ask in software or model development?,D,GIS&T BoK remediation: [PD-02-025] Verification & Validation of Applied GIS Research — https://gistbok-topics.ucgis.org/PD-02-025 | Blueprint domain resource: https://geospacebok.eu/DA
5,A,Standard,62,Design of Systems,What is the purpose of API authentication?,C,GIS&T BoK remediation: [PD-03-019] GIS APIs — https://gistbok-topics.ucgis.org/PD-03-018 | Blueprint domain resource: https://geospacebok.eu/DA
5,A,Standard,63,"Platforms, Sensors, Physics & Image Processing","In aerial photo interpretation, which cue refers to differences in image brightness?",D,GIS&T BoK remediation: [DC-04-012] Fundamentals of Aerial Photo Interpretation — https://gistbok-topics.ucgis.org/DC-04-012 | Blueprint domain resource: https://geospacebok.eu/PS | https://geospacebok.eu/PP | https://geospacebok.eu/IP
5,A,Standard,64,Geospatial Data,Mobile-phone location data can support movement analysis but raise what major concern?,A,GIS&T BoK remediation: [DC-02-005] Mobile Applications and Technologies — https://gistbok-topics.ucgis.org/DC-02-005 | Blueprint domain resource: https://geospacebok.eu/GD
5,A,Standard,65,GI & Society,What is a central goal of Public Participation GIS?,A,GIS&T BoK remediation: [GS-02-06] Public Participation GIS — https://gistbok-topics.ucgis.org/GS-02-06 | Blueprint domain resource: https://geospacebok.eu/GS
5,A,Standard,66,Geospatial Data,Time-of-arrival localization estimates location using what basic measurement?,B,GIS&T BoK remediation: [DC-02-039] Time-of-Arrival (TOA) Localization for Indoor GIS — https://gistbok-topics.ucgis.org/DC-02-039 | Blueprint domain resource: https://geospacebok.eu/GD
5,A,Standard,67,Cartography & Visualization,Geovisual analytics combines interactive visualization with what?,C,GIS&T BoK remediation: [CV-05-036] Geovisual Analytics — https://gistbok-topics.ucgis.org/CV-05-036 | Blueprint domain resource: https://geospacebok.eu/CV
5,A,Standard,68,Data Modeling,What is one unavoidable consequence of converting precise vector boundaries to a raster grid?,C,GIS&T BoK remediation: [DM-06-086] Vector-to-Raster and Raster-to-Vector Conversions — https://gistbok-topics.ucgis.org/DM-06-086 | Blueprint domain resource: https://geospacebok.eu/DM
5,A,Standard,69,Analytical Methods & GeoComputation,A land-cover classification has 90% overall accuracy but one rare class has very low producer’s accuracy. What does the low producer’s accuracy indicate?,B,GIS&T BoK remediation: [AM-09-104] Thematic Accuracy Assessment — https://gistbok-topics.ucgis.org/AM-09-104 | Blueprint domain resource: https://geospacebok.eu/AM | https://geospacebok.eu/GC
5,A,Standard,70,Thematic & Application Domains,"A retail analyst compares candidate stores using demographics, competitors, and drive-time trade areas. What type of analysis is this?",B,GIS&T BoK remediation: [AM-05-046] Location-allocation modeling — https://gistbok-topics.ucgis.org/AM-05-046 | Blueprint domain resource: https://geospacebok.eu/TA
5,A,Standard,71,Analytical Methods & GeoComputation,"Compared with a fixed-resolution raster DEM, how can a TIN allocate more detail to complex terrain?",A,GIS&T BoK remediation: [AM-04-072] TIN-based Models and Terrain Metrics — https://gistbok-topics.ucgis.org/AM-04-072 | Blueprint domain resource: https://geospacebok.eu/AM | https://geospacebok.eu/GC
5,A,Standard,72,Geospatial Data,Why can GNSS accuracy degrade in an urban canyon?,B,GIS&T BoK remediation: [DC-02-003] Global Navigation Satellite Systems — https://gistbok-topics.ucgis.org/DC-02-003 | Blueprint domain resource: https://geospacebok.eu/GD
5,A,Standard,73,Analytical Methods & GeoComputation,A Getis-Ord Gi* z-score is large and positive with a very small p-value. How should the feature be interpreted?,B,GIS&T BoK remediation: [AM-03-058] Hot Spots and Getis-Ord Gi* Analysis — https://gistbok-topics.ucgis.org/AM-03-058 | Blueprint domain resource: https://geospacebok.eu/AM | https://geospacebok.eu/GC
5,A,Standard,74,"Platforms, Sensors, Physics & Image Processing",Why can two surfaces at the same temperature have different thermal radiance?,D,GIS&T BoK remediation: [DC-03-034] Multispectral and Thermal Imagery: RGB and LWIR Sensors — https://gistbok-topics.ucgis.org/DC-03-034 | Blueprint domain resource: https://geospacebok.eu/PS | https://geospacebok.eu/PP | https://geospacebok.eu/IP
5,A,Standard,75,Cartography & Visualization,An animated map is especially useful for showing what?,D,GIS&T BoK remediation: [CV-04-017] Spatiotemporal Representation — https://gistbok-topics.ucgis.org/CV-04-017 | Blueprint domain resource: https://geospacebok.eu/CV
5,B,More Challenging,1,Design of Systems,A GIS analyst is completing a routine professional workflow. Which description correctly characterizes horizontal scaling?,C,GIS&T BoK remediation: [CP-01-008] Spatial Cloud Computing — https://gistbok-topics.ucgis.org/CP-01-008 | Blueprint domain resource: https://geospacebok.eu/DA
5,B,More Challenging,2,Analytical Methods & GeoComputation,"A county GIS office is reviewing an analysis before publication. In GWR, the coefficient for distance to downtown is strongly negative in the core but near zero in outer suburbs. What does this demonstrate?",D,GIS&T BoK remediation: [AM-03-034] The Geographically Weighted Regression Framework — https://gistbok-topics.ucgis.org/AM-03-034 | Blueprint domain resource: https://geospacebok.eu/AM | https://geospacebok.eu/GC
5,B,More Challenging,3,Analytical Methods & GeoComputation,A student analyst has valid input data and must choose the next appropriate GIS step. An OLS model of house prices has spatially autocorrelated residuals. Why is that a concern?,A,GIS&T BoK remediation: [AM-03-063] Regression Fundamentals — https://gistbok-topics.ucgis.org/AM-03-063 | Blueprint domain resource: https://geospacebok.eu/AM | https://geospacebok.eu/GC
5,B,More Challenging,4,Design of Systems,A project team wants a defensible software-agnostic GIS approach. Which description correctly characterizes a REST API?,C,GIS&T BoK remediation: [PD-03-019] GIS APIs — https://gistbok-topics.ucgis.org/PD-03-018 | Blueprint domain resource: https://geospacebok.eu/DA
5,B,More Challenging,5,Thematic & Application Domains,"During QA/QC, an analyst must decide which GIS concept or method applies. A wildlife biologist wants to model movement through fragmented habitat. Which GIS approach is suitable?",B,GIS&T BoK remediation: [AM-05-044] Modelling Accessibility — https://gistbok-topics.ucgis.org/AM-05-044 | Blueprint domain resource: https://geospacebok.eu/TA
5,B,More Challenging,6,Analytical Methods & GeoComputation,A planning or environmental GIS project encounters the following situation. Road right-of-way polygons and wetlands must be overlaid to return only shared geometry. Which operation is correct?,A,GIS&T BoK remediation: [AM-02-004] Overlay — https://gistbok-topics.ucgis.org/AM-02-004 | Blueprint domain resource: https://geospacebok.eu/AM | https://geospacebok.eu/GC
5,B,More Challenging,7,"Platforms, Sensors, Physics & Image Processing","A GIS analyst is completing a routine professional workflow. All else equal, what advantage does a 12-bit sensor have over an 8-bit sensor?",A,GIS&T BoK remediation: [DC-03-016] Nature of Multispectral Image Data — https://gistbok-topics.ucgis.org/DC-03-016 | Blueprint domain resource: https://geospacebok.eu/PS | https://geospacebok.eu/PP | https://geospacebok.eu/IP
5,B,More Challenging,8,Cartography & Visualization,A county GIS office is reviewing an analysis before publication. Which map type uses one dot to represent a specified quantity and shows distribution within zones?,B,GIS&T BoK remediation: [CV-04-011] Common Thematic Map Types — https://gistbok-topics.ucgis.org/CV-04-011 | Blueprint domain resource: https://geospacebok.eu/CV
5,B,More Challenging,9,Organizational & Institutional Aspects,A student analyst has valid input data and must choose the next appropriate GIS step. Why should end users be involved in requirements gathering?,A,GIS&T BoK remediation: [KE-04-001] The process of GIS&T design — https://gistbok-topics.ucgis.org/KE-04-001 | Blueprint domain resource: https://geospacebok.eu/OI
5,B,More Challenging,10,Cartography & Visualization,"A project team wants a defensible software-agnostic GIS approach. A narrative web map combines maps, text, images, and sequence to guide the reader. What design approach is this?",C,GIS&T BoK remediation: [CV-04-033] Narrative and Storytelling — https://gistbok-topics.ucgis.org/CV-04-033 | Blueprint domain resource: https://geospacebok.eu/CV
5,B,More Challenging,11,Design of Systems,"During QA/QC, an analyst must decide which GIS concept or method applies. Which description correctly characterizes infrastructure-as-code useful for?",B,GIS&T BoK remediation: [CP-01-013] Cyberinfrastructure — https://gistbok-topics.ucgis.org/CP-01-013 | Blueprint domain resource: https://geospacebok.eu/DA
5,B,More Challenging,12,Analytical Methods & GeoComputation,A planning or environmental GIS project encounters the following situation. A DEM contains many artificial depressions that interrupt modeled drainage. What preprocessing step is commonly used before flow-direction analysis?,C,GIS&T BoK remediation: [AM-04-066] Watersheds and Drainage Networks — https://gistbok-topics.ucgis.org/AM-04-066 | Blueprint domain resource: https://geospacebok.eu/AM | https://geospacebok.eu/GC
5,B,More Challenging,13,Cartography & Visualization,A GIS analyst is completing a routine professional workflow. A highly skewed dataset mapped with equal interval places most observations in one class. Which alternative often reveals rank differences better?,C,"GIS&T BoK remediation: [CV-03-005] Statistical Mapping (Enumeration, Normalization, Classification) — https://gistbok-topics.ucgis.org/CV-03-005 | Blueprint domain resource: https://geospacebok.eu/CV"
5,B,More Challenging,14,Conceptual Foundations,"A county GIS office is reviewing an analysis before publication. For the same extent, changing raster resolution from 30 m to 1 m generally has what storage effect?",D,GIS&T BoK remediation: [FC-05-021] Resolution — https://gistbok-topics.ucgis.org/FC-05-021 | Blueprint domain resource: https://geospacebok.eu/CF
5,B,More Challenging,15,Organizational & Institutional Aspects,A student analyst has valid input data and must choose the next appropriate GIS step. Why is continuing professional development important in GIS&T?,C,GIS&T BoK remediation: [KE-01-023] GIS&T Workforce Development — https://gistbok-topics.ucgis.org/KE-01-023 | Blueprint domain resource: https://geospacebok.eu/OI
5,B,More Challenging,16,Conceptual Foundations,"A project team wants a defensible software-agnostic GIS approach. GNSS commonly produces ellipsoidal height. To estimate orthometric height, what additional quantity is needed?",A,GIS&T BoK remediation: GIS&T BoK | Blueprint domain resource: https://geospacebok.eu/CF
5,B,More Challenging,17,Data Modeling,"During QA/QC, an analyst must decide which GIS concept or method applies. A very large spatial database has slow full-table scans. Which combination is most likely to improve performance?",C,GIS&T BoK remediation: [DM-01-070] Problems of Large Spatial Databases — https://gistbok-topics.ucgis.org/DM-01-070 | Blueprint domain resource: https://geospacebok.eu/DM
5,B,More Challenging,18,Analytical Methods & GeoComputation,A planning or environmental GIS project encounters the following situation. A predictor in an OLS model has a variance inflation factor of 18. What problem does this suggest?,D,GIS&T BoK remediation: [AM-03-063] Regression Fundamentals — https://gistbok-topics.ucgis.org/AM-03-063 | Blueprint domain resource: https://geospacebok.eu/AM | https://geospacebok.eu/GC
5,B,More Challenging,19,Conceptual Foundations,A GIS analyst is completing a routine professional workflow. Why can different classification schemes change the apparent pattern of a choropleth map?,B,GIS&T BoK remediation: [FC-03-004] Perception and Cognitive Processing of Geographic Phenomena: a Choropleth Map Case Study — https://gistbok-topics.ucgis.org/FC-03-004 | Blueprint domain resource: https://geospacebok.eu/CF
5,B,More Challenging,20,"Platforms, Sensors, Physics & Image Processing",A county GIS office is reviewing an analysis before publication. A strongly negative NDVI value commonly indicates what kind of surface?,B,GIS&T BoK remediation: GIS&T BoK | Blueprint domain resource: https://geospacebok.eu/PS | https://geospacebok.eu/PP | https://geospacebok.eu/IP
5,B,More Challenging,21,Web-Based GIS,A student analyst has valid input data and must choose the next appropriate GIS step. A web map needs server-rendered map images but does not require raw feature geometry. Which service type is designed for this?,D,GIS&T BoK remediation: [CP-04-014] Web GIS — https://gistbok-topics.ucgis.org/CP-04-014 | Blueprint domain resource: https://geospacebok.eu/WB
5,B,More Challenging,22,"Platforms, Sensors, Physics & Image Processing",A project team wants a defensible software-agnostic GIS approach. What does spatial resolution describe in remote sensing?,C,GIS&T BoK remediation: [DC-03-016] Nature of Multispectral Image Data — https://gistbok-topics.ucgis.org/DC-03-016 | Blueprint domain resource: https://geospacebok.eu/PS | https://geospacebok.eu/PP | https://geospacebok.eu/IP
5,B,More Challenging,23,Analytical Methods & GeoComputation,"During QA/QC, an analyst must decide which GIS concept or method applies. A viewshed analysis returns which locations?",D,"GIS&T BoK remediation: [AM-04-017] Intervisibility, Line-of-Sight, and Viewsheds — https://gistbok-topics.ucgis.org/AM-04-017 | Blueprint domain resource: https://geospacebok.eu/AM | https://geospacebok.eu/GC"
5,B,More Challenging,24,Organizational & Institutional Aspects,A planning or environmental GIS project encounters the following situation. Why is risk management part of GIS project planning?,A,GIS&T BoK remediation: [KE-04-012] GIS&T Project Planning and Management — https://gistbok-topics.ucgis.org/KE-04-012 | Blueprint domain resource: https://geospacebok.eu/OI
5,B,More Challenging,25,Cartography & Visualization,A GIS analyst is completing a routine professional workflow. Why are local roads often omitted from small-scale maps?,C,GIS&T BoK remediation: [CV-03-004] Scale and Generalization — https://gistbok-topics.ucgis.org/CV-03-004 | Blueprint domain resource: https://geospacebok.eu/CV
5,B,More Challenging,26,Analytical Methods & GeoComputation,A county GIS office is reviewing an analysis before publication. A Monte Carlo uncertainty analysis repeatedly perturbs uncertain model inputs and reruns the model. What is its main purpose?,B,GIS&T BoK remediation: [AM-09-105] Monte Carlo Simulation — https://gistbok-topics.ucgis.org/AM-09-105 | Blueprint domain resource: https://geospacebok.eu/AM | https://geospacebok.eu/GC
5,B,More Challenging,27,Conceptual Foundations,A student analyst has valid input data and must choose the next appropriate GIS step. Two datasets use different horizontal datums but are displayed as though the datums were identical. What can result?,C,GIS&T BoK remediation: GIS&T BoK | Blueprint domain resource: https://geospacebok.eu/CF
5,B,More Challenging,28,Conceptual Foundations,A project team wants a defensible software-agnostic GIS approach. Two polygons share a boundary but their interiors do not overlap. Which relation best describes them?,C,GIS&T BoK remediation: [DM-03-075] Defining and Designing Spatial Queries — https://gistbok-topics.ucgis.org/DM-03-075 | Blueprint domain resource: https://geospacebok.eu/CF
5,B,More Challenging,29,Cartography & Visualization,"During QA/QC, an analyst must decide which GIS concept or method applies. Quantile classification places approximately what in each class?",A,"GIS&T BoK remediation: [CV-03-005] Statistical Mapping (Enumeration, Normalization, Classification) — https://gistbok-topics.ucgis.org/CV-03-005 | Blueprint domain resource: https://geospacebok.eu/CV"
5,B,More Challenging,30,Data Modeling,A planning or environmental GIS project encounters the following situation. Students can enroll in many courses and each course can contain many students. Which database structure usually resolves this relationship?,D,GIS&T BoK remediation: [DM-01-003] Relational DBMS and their Spatial Extensions — https://gistbok-topics.ucgis.org/DM-01-003 | Blueprint domain resource: https://geospacebok.eu/DM
5,B,More Challenging,31,Cartography & Visualization,A GIS analyst is completing a routine professional workflow. A reader sees a dark color on a choropleth. What should be checked before interpreting it as high?,A,GIS&T BoK remediation: [CV-06-022] Map Interpretation — https://gistbok-topics.ucgis.org/CV-06-022 | Blueprint domain resource: https://geospacebok.eu/CV
5,B,More Challenging,32,Analytical Methods & GeoComputation,A county GIS office is reviewing an analysis before publication. A land-cover machine-learning classifier performs extremely well on training data but poorly on held-out imagery. What is the most likely problem?,C,GIS&T BoK remediation: [AM-08-094] Machine Learning Approaches — https://gistbok-topics.ucgis.org/AM-08-094 | Blueprint domain resource: https://geospacebok.eu/AM | https://geospacebok.eu/GC
5,B,More Challenging,33,"Platforms, Sensors, Physics & Image Processing",A student analyst has valid input data and must choose the next appropriate GIS step. Why should training and validation samples be independent?,B,GIS&T BoK remediation: [DC-04-019] Ground Verification and Accuracy Assessment — https://gistbok-topics.ucgis.org/DC-04-019 | Blueprint domain resource: https://geospacebok.eu/PS | https://geospacebok.eu/PP | https://geospacebok.eu/IP
5,B,More Challenging,34,Geospatial Data,A project team wants a defensible software-agnostic GIS approach. Why can a geocoded address be inaccurate even when the street and address range match?,A,GIS&T BoK remediation: [DC-02-037] Texts — https://gistbok-topics.ucgis.org/DC-02-037 | Blueprint domain resource: https://geospacebok.eu/GD
5,B,More Challenging,35,Conceptual Foundations,"During QA/QC, an analyst must decide which GIS concept or method applies. A line enters and exits a polygon, passing through its interior. Which spatial relation best describes this?",D,GIS&T BoK remediation: [DM-03-075] Defining and Designing Spatial Queries — https://gistbok-topics.ucgis.org/DM-03-075 | Blueprint domain resource: https://geospacebok.eu/CF
5,B,More Challenging,36,Conceptual Foundations,"A planning or environmental GIS project encounters the following situation. Two agencies each use a field called class, but one means road class and the other land-cover class. What problem is this?",C,GIS&T BoK remediation: [FC-03-032] Semantic Information Elicitation — https://gistbok-topics.ucgis.org/FC-03-032 | Blueprint domain resource: https://geospacebok.eu/CF
5,B,More Challenging,37,Geospatial Data,"A GIS analyst is completing a routine professional workflow. For hydrographic surveying, what instrument commonly measures water depth using sound travel time?",B,GIS&T BoK remediation: [DC-05-041] Ocean Surveying — https://gistbok-topics.ucgis.org/DC-05-041 | Blueprint domain resource: https://geospacebok.eu/GD
5,B,More Challenging,38,Conceptual Foundations,A county GIS office is reviewing an analysis before publication. Why can Euclidean straight-line distance be misleading in accessibility analysis?,A,GIS&T BoK remediation: [FC-05-017] Proximity and Distance Decay — https://gistbok-topics.ucgis.org/FC-05-017 | Blueprint domain resource: https://geospacebok.eu/CF
5,B,More Challenging,39,Geospatial Data,A student analyst has valid input data and must choose the next appropriate GIS step. A road dataset is geometrically current but its speed-limit attributes are years out of date. Which quality dimension is most problematic?,D,"GIS&T BoK remediation: [DM-07-057] Data Evaluation, Metadata, and Data Quality — https://gistbok-topics.ucgis.org/DM-07-057 | Blueprint domain resource: https://geospacebok.eu/GD"
5,B,More Challenging,40,Data Modeling,A project team wants a defensible software-agnostic GIS approach. One parcel can have many inspection records. What relationship cardinality is this?,A,GIS&T BoK remediation: [DM-01-003] Relational DBMS and their Spatial Extensions — https://gistbok-topics.ucgis.org/DM-01-003 | Blueprint domain resource: https://geospacebok.eu/DM
5,B,More Challenging,41,Conceptual Foundations,"During QA/QC, an analyst must decide which GIS concept or method applies. Which description correctly characterizes the primary role of a horizontal geodetic datum?",A,GIS&T BoK remediation: GIS&T BoK | Blueprint domain resource: https://geospacebok.eu/CF
5,B,More Challenging,42,Analytical Methods & GeoComputation,"A planning or environmental GIS project encounters the following situation. In an agent-based evacuation model, what is an agent?",A,GIS&T BoK remediation: [AM-07-079] Agent-based Modeling — https://gistbok-topics.ucgis.org/AM-07-079 | Blueprint domain resource: https://geospacebok.eu/AM | https://geospacebok.eu/GC
5,B,More Challenging,43,Analytical Methods & GeoComputation,A GIS analyst is completing a routine professional workflow. A Moran’s I value is strongly positive and statistically significant. What is the most likely interpretation?,A,GIS&T BoK remediation: [FC-05-037] Spatial Autocorrelation — https://gistbok-topics.ucgis.org/FC-05-037 | Blueprint domain resource: https://geospacebok.eu/AM | https://geospacebok.eu/GC
5,B,More Challenging,44,"Platforms, Sensors, Physics & Image Processing",A county GIS office is reviewing an analysis before publication. Why is Landsat especially valuable for environmental change analysis?,A,GIS&T BoK remediation: [DC-03-032] Landsat — https://gistbok-topics.ucgis.org/DC-03-032 | Blueprint domain resource: https://geospacebok.eu/PS | https://geospacebok.eu/PP | https://geospacebok.eu/IP
5,B,More Challenging,45,GI & Society,A student analyst has valid input data and must choose the next appropriate GIS step. A client asks a GIS professional to omit neighborhoods that weaken the client argument. What is the best professional response?,C,GIS&T BoK remediation: [GS-02-011] Professional and Practical Ethics of GIS&T — https://gistbok-topics.ucgis.org/GS-02-011 | Blueprint domain resource: https://geospacebok.eu/GS
5,B,More Challenging,46,Data Modeling,A project team wants a defensible software-agnostic GIS approach. A semantic query asks for schools near major roads. Why is this more complex than simple equality matching?,B,GIS&T BoK remediation: [DM-04-078] Geospatial Semantic Queries — https://gistbok-topics.ucgis.org/DM-04-078 | Blueprint domain resource: https://geospacebok.eu/DM
5,B,More Challenging,47,Design of Systems,"During QA/QC, an analyst must decide which GIS concept or method applies. Why are reproducible environments and locked dependencies important?",B,GIS&T BoK remediation: [PD-01-009] Modern Programming Libraries and Infrastructures for Raster Data Analysis — https://gistbok-topics.ucgis.org/PD-01-009 | Blueprint domain resource: https://geospacebok.eu/DA
5,B,More Challenging,48,Conceptual Foundations,A planning or environmental GIS project encounters the following situation. Why is time often modeled differently from ordinary spatial dimensions?,A,GIS&T BoK remediation: [AM-06-102] Volumes and Space-Time Volumes — https://gistbok-topics.ucgis.org/AM-06-102 | Blueprint domain resource: https://geospacebok.eu/CF
5,B,More Challenging,49,Data Modeling,A GIS analyst is completing a routine professional workflow. Which resampling method is usually safest for categorical land-cover classes?,B,GIS&T BoK remediation: [DM-06-087] Raster resampling — https://gistbok-topics.ucgis.org/DM-06-087 | Blueprint domain resource: https://geospacebok.eu/DM
5,B,More Challenging,50,Geospatial Data,A county GIS office is reviewing an analysis before publication. Which description correctly characterizes a primary geospatial data source?,B,GIS&T BoK remediation: GIS&T BoK | Blueprint domain resource: https://geospacebok.eu/GD
5,B,More Challenging,51,Geospatial Data,A student analyst has valid input data and must choose the next appropriate GIS step. Control points for georeferencing should ideally be what?,D,GIS&T BoK remediation: [DC-01-030] Georeferencing and Georectification — https://gistbok-topics.ucgis.org/DC-01-030 | Blueprint domain resource: https://geospacebok.eu/GD
5,B,More Challenging,52,Thematic & Application Domains,"A project team wants a defensible software-agnostic GIS approach. An architect evaluates solar exposure, land use, transit access, and neighborhood context before site design. What is GIS contributing?",C,GIS&T BoK remediation: [DA-003] GIS&T in Architecture — https://gistbok-topics.ucgis.org/DA-003 | Blueprint domain resource: https://geospacebok.eu/TA
5,B,More Challenging,53,"Platforms, Sensors, Physics & Image Processing","During QA/QC, an analyst must decide which GIS concept or method applies. Why are ground control points used in UAS photogrammetry?",D,GIS&T BoK remediation: [DC-04-038] Structure from Motion Photogrammetry — https://gistbok-topics.ucgis.org/DC-04-038 | Blueprint domain resource: https://geospacebok.eu/PS | https://geospacebok.eu/PP | https://geospacebok.eu/IP
5,B,More Challenging,54,Data Modeling,A planning or environmental GIS project encounters the following situation. Why can a hexagonal grid be advantageous for neighborhood analysis?,A,GIS&T BoK remediation: [DM-02-009] The Hexagonal Model — https://gistbok-topics.ucgis.org/DM-02-009 | Blueprint domain resource: https://geospacebok.eu/DM
5,B,More Challenging,55,Data Modeling,A GIS analyst is completing a routine professional workflow. A TIN represents terrain using what geometric structure?,C,GIS&T BoK remediation: GIS&T BoK | Blueprint domain resource: https://geospacebok.eu/DM
5,B,More Challenging,56,Thematic & Application Domains,A county GIS office is reviewing an analysis before publication. A conservation planner wants to identify habitat corridors between protected areas. Which analysis is most appropriate?,D,GIS&T BoK remediation: [DA-001] GIS&T and Agriculture — https://gistbok-topics.ucgis.org/DA-001 | Blueprint domain resource: https://geospacebok.eu/TA
5,B,More Challenging,57,Organizational & Institutional Aspects,A student analyst has valid input data and must choose the next appropriate GIS step. What does a work breakdown structure do?,B,GIS&T BoK remediation: [KE-04-012] GIS&T Project Planning and Management — https://gistbok-topics.ucgis.org/KE-04-012 | Blueprint domain resource: https://geospacebok.eu/OI
5,B,More Challenging,58,Organizational & Institutional Aspects,A project team wants a defensible software-agnostic GIS approach. Why should enterprise GIS architecture consider peak concurrent users rather than average users alone?,B,GIS&T BoK remediation: [KE-04-017] The Benefits and Costs of Enterprise GIS Implementations — https://gistbok-topics.ucgis.org/KE-04-017 | Blueprint domain resource: https://geospacebok.eu/OI
5,B,More Challenging,59,Data Modeling,"During QA/QC, an analyst must decide which GIS concept or method applies. Which data model is usually most natural for an elevation surface sampled on a regular grid?",D,GIS&T BoK remediation: [DM-02-007] The Raster Data Model — https://gistbok-topics.ucgis.org/DM-02-007 | Blueprint domain resource: https://geospacebok.eu/DM
5,B,More Challenging,60,Conceptual Foundations,A planning or environmental GIS project encounters the following situation. A flood model reports a probability surface rather than a binary flood/no-flood surface. What advantage does that provide?,A,GIS&T BoK remediation: [FC-07-024] Conceptual Models of Error and Uncertainty — https://gistbok-topics.ucgis.org/FC-07-024 | Blueprint domain resource: https://geospacebok.eu/CF
5,B,More Challenging,61,Design of Systems,A GIS analyst is completing a routine professional workflow. What does validation ask in software or model development?,B,GIS&T BoK remediation: [PD-02-025] Verification & Validation of Applied GIS Research — https://gistbok-topics.ucgis.org/PD-02-025 | Blueprint domain resource: https://geospacebok.eu/DA
5,B,More Challenging,62,Design of Systems,A county GIS office is reviewing an analysis before publication. Which description correctly characterizes the purpose of API authentication?,D,GIS&T BoK remediation: [PD-03-019] GIS APIs — https://gistbok-topics.ucgis.org/PD-03-018 | Blueprint domain resource: https://geospacebok.eu/DA
5,B,More Challenging,63,"Platforms, Sensors, Physics & Image Processing","A student analyst has valid input data and must choose the next appropriate GIS step. In aerial photo interpretation, which cue refers to differences in image brightness?",C,GIS&T BoK remediation: [DC-04-012] Fundamentals of Aerial Photo Interpretation — https://gistbok-topics.ucgis.org/DC-04-012 | Blueprint domain resource: https://geospacebok.eu/PS | https://geospacebok.eu/PP | https://geospacebok.eu/IP
5,B,More Challenging,64,Geospatial Data,A project team wants a defensible software-agnostic GIS approach. Mobile-phone location data can support movement analysis but raise what major concern?,D,GIS&T BoK remediation: [DC-02-005] Mobile Applications and Technologies — https://gistbok-topics.ucgis.org/DC-02-005 | Blueprint domain resource: https://geospacebok.eu/GD
5,B,More Challenging,65,GI & Society,"During QA/QC, an analyst must decide which GIS concept or method applies. Which description correctly characterizes a central goal of Public Participation GIS?",C,GIS&T BoK remediation: [GS-02-06] Public Participation GIS — https://gistbok-topics.ucgis.org/GS-02-06 | Blueprint domain resource: https://geospacebok.eu/GS
5,B,More Challenging,66,Geospatial Data,A planning or environmental GIS project encounters the following situation. Time-of-arrival localization estimates location using what basic measurement?,B,GIS&T BoK remediation: [DC-02-039] Time-of-Arrival (TOA) Localization for Indoor GIS — https://gistbok-topics.ucgis.org/DC-02-039 | Blueprint domain resource: https://geospacebok.eu/GD
5,B,More Challenging,67,Cartography & Visualization,A GIS analyst is completing a routine professional workflow. Geovisual analytics combines interactive visualization with what?,D,GIS&T BoK remediation: [CV-05-036] Geovisual Analytics — https://gistbok-topics.ucgis.org/CV-05-036 | Blueprint domain resource: https://geospacebok.eu/CV
5,B,More Challenging,68,Data Modeling,A county GIS office is reviewing an analysis before publication. Which description correctly characterizes one unavoidable consequence of converting precise vector boundaries to a raster grid?,C,GIS&T BoK remediation: [DM-06-086] Vector-to-Raster and Raster-to-Vector Conversions — https://gistbok-topics.ucgis.org/DM-06-086 | Blueprint domain resource: https://geospacebok.eu/DM
5,B,More Challenging,69,Analytical Methods & GeoComputation,A student analyst has valid input data and must choose the next appropriate GIS step. A land-cover classification has 90% overall accuracy but one rare class has very low producer’s accuracy. What does the low producer’s accuracy indicate?,D,GIS&T BoK remediation: [AM-09-104] Thematic Accuracy Assessment — https://gistbok-topics.ucgis.org/AM-09-104 | Blueprint domain resource: https://geospacebok.eu/AM | https://geospacebok.eu/GC
5,B,More Challenging,70,Thematic & Application Domains,"A project team wants a defensible software-agnostic GIS approach. A retail analyst compares candidate stores using demographics, competitors, and drive-time trade areas. What type of analysis is this?",B,GIS&T BoK remediation: [AM-05-046] Location-allocation modeling — https://gistbok-topics.ucgis.org/AM-05-046 | Blueprint domain resource: https://geospacebok.eu/TA
5,B,More Challenging,71,Analytical Methods & GeoComputation,"During QA/QC, an analyst must decide which GIS concept or method applies. Compared with a fixed-resolution raster DEM, how can a TIN allocate more detail to complex terrain?",C,GIS&T BoK remediation: [AM-04-072] TIN-based Models and Terrain Metrics — https://gistbok-topics.ucgis.org/AM-04-072 | Blueprint domain resource: https://geospacebok.eu/AM | https://geospacebok.eu/GC
5,B,More Challenging,72,Geospatial Data,A planning or environmental GIS project encounters the following situation. Why can GNSS accuracy degrade in an urban canyon?,B,GIS&T BoK remediation: [DC-02-003] Global Navigation Satellite Systems — https://gistbok-topics.ucgis.org/DC-02-003 | Blueprint domain resource: https://geospacebok.eu/GD
5,B,More Challenging,73,Analytical Methods & GeoComputation,A GIS analyst is completing a routine professional workflow. A Getis-Ord Gi* z-score is large and positive with a very small p-value. How should the feature be interpreted?,B,GIS&T BoK remediation: [AM-03-058] Hot Spots and Getis-Ord Gi* Analysis — https://gistbok-topics.ucgis.org/AM-03-058 | Blueprint domain resource: https://geospacebok.eu/AM | https://geospacebok.eu/GC
5,B,More Challenging,74,"Platforms, Sensors, Physics & Image Processing",A county GIS office is reviewing an analysis before publication. Why can two surfaces at the same temperature have different thermal radiance?,D,GIS&T BoK remediation: [DC-03-034] Multispectral and Thermal Imagery: RGB and LWIR Sensors — https://gistbok-topics.ucgis.org/DC-03-034 | Blueprint domain resource: https://geospacebok.eu/PS | https://geospacebok.eu/PP | https://geospacebok.eu/IP
5,B,More Challenging,75,Cartography & Visualization,A student analyst has valid input data and must choose the next appropriate GIS step. An animated map is especially useful for showing what?,C,GIS&T BoK remediation: [CV-04-017] Spatiotemporal Representation — https://gistbok-topics.ucgis.org/CV-04-017 | Blueprint domain resource: https://geospacebok.eu/CV
5,C,Difficult,1,Design of Systems,"Which option would be the strongest methodological choice for this GIS task, recognizing that the alternatives are also legitimate GIS techniques? In this context, which statement most accurately describes horizontal scaling?",B,GIS&T BoK remediation: [CP-01-008] Spatial Cloud Computing — https://gistbok-topics.ucgis.org/CP-01-008 | Blueprint domain resource: https://geospacebok.eu/DA
5,C,Difficult,2,Analytical Methods & GeoComputation,"A GIS analyst must choose among several technically plausible approaches. Select the best option for the stated objective. In GWR, the coefficient for distance to downtown is strongly negative in the core but near zero in outer suburbs. What does this demonstrate?",B,GIS&T BoK remediation: [AM-03-034] The Geographically Weighted Regression Framework — https://gistbok-topics.ucgis.org/AM-03-034 | Blueprint domain resource: https://geospacebok.eu/AM | https://geospacebok.eu/GC
5,C,Difficult,3,Analytical Methods & GeoComputation,Assume the input data are valid and appropriately projected unless stated otherwise. Which approach best satisfies the analytical requirement? An OLS model of house prices has spatially autocorrelated residuals. Why is that a concern?,B,GIS&T BoK remediation: [AM-03-063] Regression Fundamentals — https://gistbok-topics.ucgis.org/AM-03-063 | Blueprint domain resource: https://geospacebok.eu/AM | https://geospacebok.eu/GC
5,C,Difficult,4,Design of Systems,"A project team is documenting a defensible professional workflow. Several choices could produce related outputs; choose the one that most directly answers the question. In this context, which statement most accurately describes a REST API?",A,GIS&T BoK remediation: [PD-03-019] GIS APIs — https://gistbok-topics.ucgis.org/PD-03-018 | Blueprint domain resource: https://geospacebok.eu/DA
5,C,Difficult,5,Thematic & Application Domains,The analyst wants to avoid a method that is merely convenient but does not exactly match the stated spatial or statistical objective. Which answer is best? A wildlife biologist wants to model movement through fragmented habitat. Which GIS approach is suitable?,A,GIS&T BoK remediation: [AM-05-044] Modelling Accessibility — https://gistbok-topics.ucgis.org/AM-05-044 | Blueprint domain resource: https://geospacebok.eu/TA
5,C,Difficult,6,Analytical Methods & GeoComputation,"Choose the most appropriate method given the stated assumptions and intended interpretation, not simply a method that could produce a visually similar result. Road right-of-way polygons and wetlands must be overlaid to return only shared geometry. Which operation is correct?",A,GIS&T BoK remediation: [AM-02-004] Overlay — https://gistbok-topics.ucgis.org/AM-02-004 | Blueprint domain resource: https://geospacebok.eu/AM | https://geospacebok.eu/GC
5,C,Difficult,7,"Platforms, Sensors, Physics & Image Processing","Which option would be the strongest methodological choice for this GIS task, recognizing that the alternatives are also legitimate GIS techniques? All else equal, what advantage does a 12-bit sensor have over an 8-bit sensor?",D,GIS&T BoK remediation: [DC-03-016] Nature of Multispectral Image Data — https://gistbok-topics.ucgis.org/DC-03-016 | Blueprint domain resource: https://geospacebok.eu/PS | https://geospacebok.eu/PP | https://geospacebok.eu/IP
5,C,Difficult,8,Cartography & Visualization,A GIS analyst must choose among several technically plausible approaches. Select the best option for the stated objective. Which map type uses one dot to represent a specified quantity and shows distribution within zones?,B,GIS&T BoK remediation: [CV-04-011] Common Thematic Map Types — https://gistbok-topics.ucgis.org/CV-04-011 | Blueprint domain resource: https://geospacebok.eu/CV
5,C,Difficult,9,Organizational & Institutional Aspects,Assume the input data are valid and appropriately projected unless stated otherwise. Which approach best satisfies the analytical requirement? Why should end users be involved in requirements gathering?,D,GIS&T BoK remediation: [KE-04-001] The process of GIS&T design — https://gistbok-topics.ucgis.org/KE-04-001 | Blueprint domain resource: https://geospacebok.eu/OI
5,C,Difficult,10,Cartography & Visualization,"A project team is documenting a defensible professional workflow. Several choices could produce related outputs; choose the one that most directly answers the question. A narrative web map combines maps, text, images, and sequence to guide the reader. What design approach is this?",C,GIS&T BoK remediation: [CV-04-033] Narrative and Storytelling — https://gistbok-topics.ucgis.org/CV-04-033 | Blueprint domain resource: https://geospacebok.eu/CV
5,C,Difficult,11,Design of Systems,"The analyst wants to avoid a method that is merely convenient but does not exactly match the stated spatial or statistical objective. Which answer is best? In this context, which statement most accurately describes infrastructure-as-code useful for?",D,GIS&T BoK remediation: [CP-01-013] Cyberinfrastructure — https://gistbok-topics.ucgis.org/CP-01-013 | Blueprint domain resource: https://geospacebok.eu/DA
5,C,Difficult,12,Analytical Methods & GeoComputation,"Choose the most appropriate method given the stated assumptions and intended interpretation, not simply a method that could produce a visually similar result. A DEM contains many artificial depressions that interrupt modeled drainage. What preprocessing step is commonly used before flow-direction analysis?",C,GIS&T BoK remediation: [AM-04-066] Watersheds and Drainage Networks — https://gistbok-topics.ucgis.org/AM-04-066 | Blueprint domain resource: https://geospacebok.eu/AM | https://geospacebok.eu/GC
5,C,Difficult,13,Cartography & Visualization,"Which option would be the strongest methodological choice for this GIS task, recognizing that the alternatives are also legitimate GIS techniques? A highly skewed dataset mapped with equal interval places most observations in one class. Which alternative often reveals rank differences better?",C,"GIS&T BoK remediation: [CV-03-005] Statistical Mapping (Enumeration, Normalization, Classification) — https://gistbok-topics.ucgis.org/CV-03-005 | Blueprint domain resource: https://geospacebok.eu/CV"
5,C,Difficult,14,Conceptual Foundations,"A GIS analyst must choose among several technically plausible approaches. Select the best option for the stated objective. For the same extent, changing raster resolution from 30 m to 1 m generally has what storage effect?",B,GIS&T BoK remediation: [FC-05-021] Resolution — https://gistbok-topics.ucgis.org/FC-05-021 | Blueprint domain resource: https://geospacebok.eu/CF
5,C,Difficult,15,Organizational & Institutional Aspects,Assume the input data are valid and appropriately projected unless stated otherwise. Which approach best satisfies the analytical requirement? Why is continuing professional development important in GIS&T?,B,GIS&T BoK remediation: [KE-01-023] GIS&T Workforce Development — https://gistbok-topics.ucgis.org/KE-01-023 | Blueprint domain resource: https://geospacebok.eu/OI
5,C,Difficult,16,Conceptual Foundations,"A project team is documenting a defensible professional workflow. Several choices could produce related outputs; choose the one that most directly answers the question. GNSS commonly produces ellipsoidal height. To estimate orthometric height, what additional quantity is needed?",D,GIS&T BoK remediation: GIS&T BoK | Blueprint domain resource: https://geospacebok.eu/CF
5,C,Difficult,17,Data Modeling,The analyst wants to avoid a method that is merely convenient but does not exactly match the stated spatial or statistical objective. Which answer is best? A very large spatial database has slow full-table scans. Which combination is most likely to improve performance?,D,GIS&T BoK remediation: [DM-01-070] Problems of Large Spatial Databases — https://gistbok-topics.ucgis.org/DM-01-070 | Blueprint domain resource: https://geospacebok.eu/DM
5,C,Difficult,18,Analytical Methods & GeoComputation,"Choose the most appropriate method given the stated assumptions and intended interpretation, not simply a method that could produce a visually similar result. A predictor in an OLS model has a variance inflation factor of 18. What problem does this suggest?",A,GIS&T BoK remediation: [AM-03-063] Regression Fundamentals — https://gistbok-topics.ucgis.org/AM-03-063 | Blueprint domain resource: https://geospacebok.eu/AM | https://geospacebok.eu/GC
5,C,Difficult,19,Conceptual Foundations,"Which option would be the strongest methodological choice for this GIS task, recognizing that the alternatives are also legitimate GIS techniques? Why can different classification schemes change the apparent pattern of a choropleth map?",D,GIS&T BoK remediation: [FC-03-004] Perception and Cognitive Processing of Geographic Phenomena: a Choropleth Map Case Study — https://gistbok-topics.ucgis.org/FC-03-004 | Blueprint domain resource: https://geospacebok.eu/CF
5,C,Difficult,20,"Platforms, Sensors, Physics & Image Processing",A GIS analyst must choose among several technically plausible approaches. Select the best option for the stated objective. A strongly negative NDVI value commonly indicates what kind of surface?,B,GIS&T BoK remediation: GIS&T BoK | Blueprint domain resource: https://geospacebok.eu/PS | https://geospacebok.eu/PP | https://geospacebok.eu/IP
5,C,Difficult,21,Web-Based GIS,Assume the input data are valid and appropriately projected unless stated otherwise. Which approach best satisfies the analytical requirement? A web map needs server-rendered map images but does not require raw feature geometry. Which service type is designed for this?,A,GIS&T BoK remediation: [CP-04-014] Web GIS — https://gistbok-topics.ucgis.org/CP-04-014 | Blueprint domain resource: https://geospacebok.eu/WB
5,C,Difficult,22,"Platforms, Sensors, Physics & Image Processing",A project team is documenting a defensible professional workflow. Several choices could produce related outputs; choose the one that most directly answers the question. What does spatial resolution describe in remote sensing?,B,GIS&T BoK remediation: [DC-03-016] Nature of Multispectral Image Data — https://gistbok-topics.ucgis.org/DC-03-016 | Blueprint domain resource: https://geospacebok.eu/PS | https://geospacebok.eu/PP | https://geospacebok.eu/IP
5,C,Difficult,23,Analytical Methods & GeoComputation,The analyst wants to avoid a method that is merely convenient but does not exactly match the stated spatial or statistical objective. Which answer is best? A viewshed analysis returns which locations?,C,"GIS&T BoK remediation: [AM-04-017] Intervisibility, Line-of-Sight, and Viewsheds — https://gistbok-topics.ucgis.org/AM-04-017 | Blueprint domain resource: https://geospacebok.eu/AM | https://geospacebok.eu/GC"
5,C,Difficult,24,Organizational & Institutional Aspects,"Choose the most appropriate method given the stated assumptions and intended interpretation, not simply a method that could produce a visually similar result. Why is risk management part of GIS project planning?",B,GIS&T BoK remediation: [KE-04-012] GIS&T Project Planning and Management — https://gistbok-topics.ucgis.org/KE-04-012 | Blueprint domain resource: https://geospacebok.eu/OI
5,C,Difficult,25,Cartography & Visualization,"Which option would be the strongest methodological choice for this GIS task, recognizing that the alternatives are also legitimate GIS techniques? Why are local roads often omitted from small-scale maps?",D,GIS&T BoK remediation: [CV-03-004] Scale and Generalization — https://gistbok-topics.ucgis.org/CV-03-004 | Blueprint domain resource: https://geospacebok.eu/CV
5,C,Difficult,26,Analytical Methods & GeoComputation,A GIS analyst must choose among several technically plausible approaches. Select the best option for the stated objective. A Monte Carlo uncertainty analysis repeatedly perturbs uncertain model inputs and reruns the model. What is its main purpose?,A,GIS&T BoK remediation: [AM-09-105] Monte Carlo Simulation — https://gistbok-topics.ucgis.org/AM-09-105 | Blueprint domain resource: https://geospacebok.eu/AM | https://geospacebok.eu/GC
5,C,Difficult,27,Conceptual Foundations,Assume the input data are valid and appropriately projected unless stated otherwise. Which approach best satisfies the analytical requirement? Two datasets use different horizontal datums but are displayed as though the datums were identical. What can result?,A,GIS&T BoK remediation: GIS&T BoK | Blueprint domain resource: https://geospacebok.eu/CF
5,C,Difficult,28,Conceptual Foundations,A project team is documenting a defensible professional workflow. Several choices could produce related outputs; choose the one that most directly answers the question. Two polygons share a boundary but their interiors do not overlap. Which relation best describes them?,C,GIS&T BoK remediation: [DM-03-075] Defining and Designing Spatial Queries — https://gistbok-topics.ucgis.org/DM-03-075 | Blueprint domain resource: https://geospacebok.eu/CF
5,C,Difficult,29,Cartography & Visualization,The analyst wants to avoid a method that is merely convenient but does not exactly match the stated spatial or statistical objective. Which answer is best? Quantile classification places approximately what in each class?,B,"GIS&T BoK remediation: [CV-03-005] Statistical Mapping (Enumeration, Normalization, Classification) — https://gistbok-topics.ucgis.org/CV-03-005 | Blueprint domain resource: https://geospacebok.eu/CV"
5,C,Difficult,30,Data Modeling,"Choose the most appropriate method given the stated assumptions and intended interpretation, not simply a method that could produce a visually similar result. Students can enroll in many courses and each course can contain many students. Which database structure usually resolves this relationship?",A,GIS&T BoK remediation: [DM-01-003] Relational DBMS and their Spatial Extensions — https://gistbok-topics.ucgis.org/DM-01-003 | Blueprint domain resource: https://geospacebok.eu/DM
5,C,Difficult,31,Cartography & Visualization,"Which option would be the strongest methodological choice for this GIS task, recognizing that the alternatives are also legitimate GIS techniques? A reader sees a dark color on a choropleth. What should be checked before interpreting it as high?",D,GIS&T BoK remediation: [CV-06-022] Map Interpretation — https://gistbok-topics.ucgis.org/CV-06-022 | Blueprint domain resource: https://geospacebok.eu/CV
5,C,Difficult,32,Analytical Methods & GeoComputation,A GIS analyst must choose among several technically plausible approaches. Select the best option for the stated objective. A land-cover machine-learning classifier performs extremely well on training data but poorly on held-out imagery. What is the most likely problem?,A,GIS&T BoK remediation: [AM-08-094] Machine Learning Approaches — https://gistbok-topics.ucgis.org/AM-08-094 | Blueprint domain resource: https://geospacebok.eu/AM | https://geospacebok.eu/GC
5,C,Difficult,33,"Platforms, Sensors, Physics & Image Processing",Assume the input data are valid and appropriately projected unless stated otherwise. Which approach best satisfies the analytical requirement? Why should training and validation samples be independent?,D,GIS&T BoK remediation: [DC-04-019] Ground Verification and Accuracy Assessment — https://gistbok-topics.ucgis.org/DC-04-019 | Blueprint domain resource: https://geospacebok.eu/PS | https://geospacebok.eu/PP | https://geospacebok.eu/IP
5,C,Difficult,34,Geospatial Data,A project team is documenting a defensible professional workflow. Several choices could produce related outputs; choose the one that most directly answers the question. Why can a geocoded address be inaccurate even when the street and address range match?,D,GIS&T BoK remediation: [DC-02-037] Texts — https://gistbok-topics.ucgis.org/DC-02-037 | Blueprint domain resource: https://geospacebok.eu/GD
5,C,Difficult,35,Conceptual Foundations,"The analyst wants to avoid a method that is merely convenient but does not exactly match the stated spatial or statistical objective. Which answer is best? A line enters and exits a polygon, passing through its interior. Which spatial relation best describes this?",D,GIS&T BoK remediation: [DM-03-075] Defining and Designing Spatial Queries — https://gistbok-topics.ucgis.org/DM-03-075 | Blueprint domain resource: https://geospacebok.eu/CF
5,C,Difficult,36,Conceptual Foundations,"Choose the most appropriate method given the stated assumptions and intended interpretation, not simply a method that could produce a visually similar result. Two agencies each use a field called class, but one means road class and the other land-cover class. What problem is this?",D,GIS&T BoK remediation: [FC-03-032] Semantic Information Elicitation — https://gistbok-topics.ucgis.org/FC-03-032 | Blueprint domain resource: https://geospacebok.eu/CF
5,C,Difficult,37,Geospatial Data,"Which option would be the strongest methodological choice for this GIS task, recognizing that the alternatives are also legitimate GIS techniques? For hydrographic surveying, what instrument commonly measures water depth using sound travel time?",B,GIS&T BoK remediation: [DC-05-041] Ocean Surveying — https://gistbok-topics.ucgis.org/DC-05-041 | Blueprint domain resource: https://geospacebok.eu/GD
5,C,Difficult,38,Conceptual Foundations,A GIS analyst must choose among several technically plausible approaches. Select the best option for the stated objective. Why can Euclidean straight-line distance be misleading in accessibility analysis?,C,GIS&T BoK remediation: [FC-05-017] Proximity and Distance Decay — https://gistbok-topics.ucgis.org/FC-05-017 | Blueprint domain resource: https://geospacebok.eu/CF
5,C,Difficult,39,Geospatial Data,Assume the input data are valid and appropriately projected unless stated otherwise. Which approach best satisfies the analytical requirement? A road dataset is geometrically current but its speed-limit attributes are years out of date. Which quality dimension is most problematic?,C,"GIS&T BoK remediation: [DM-07-057] Data Evaluation, Metadata, and Data Quality — https://gistbok-topics.ucgis.org/DM-07-057 | Blueprint domain resource: https://geospacebok.eu/GD"
5,C,Difficult,40,Data Modeling,A project team is documenting a defensible professional workflow. Several choices could produce related outputs; choose the one that most directly answers the question. One parcel can have many inspection records. What relationship cardinality is this?,D,GIS&T BoK remediation: [DM-01-003] Relational DBMS and their Spatial Extensions — https://gistbok-topics.ucgis.org/DM-01-003 | Blueprint domain resource: https://geospacebok.eu/DM
5,C,Difficult,41,Conceptual Foundations,"The analyst wants to avoid a method that is merely convenient but does not exactly match the stated spatial or statistical objective. Which answer is best? In this context, which statement most accurately describes the primary role of a horizontal geodetic datum?",B,GIS&T BoK remediation: GIS&T BoK | Blueprint domain resource: https://geospacebok.eu/CF
5,C,Difficult,42,Analytical Methods & GeoComputation,"Choose the most appropriate method given the stated assumptions and intended interpretation, not simply a method that could produce a visually similar result. In an agent-based evacuation model, what is an agent?",D,GIS&T BoK remediation: [AM-07-079] Agent-based Modeling — https://gistbok-topics.ucgis.org/AM-07-079 | Blueprint domain resource: https://geospacebok.eu/AM | https://geospacebok.eu/GC
5,C,Difficult,43,Analytical Methods & GeoComputation,"Which option would be the strongest methodological choice for this GIS task, recognizing that the alternatives are also legitimate GIS techniques? A Moran’s I value is strongly positive and statistically significant. What is the most likely interpretation?",A,GIS&T BoK remediation: [FC-05-037] Spatial Autocorrelation — https://gistbok-topics.ucgis.org/FC-05-037 | Blueprint domain resource: https://geospacebok.eu/AM | https://geospacebok.eu/GC
5,C,Difficult,44,"Platforms, Sensors, Physics & Image Processing",A GIS analyst must choose among several technically plausible approaches. Select the best option for the stated objective. Why is Landsat especially valuable for environmental change analysis?,A,GIS&T BoK remediation: [DC-03-032] Landsat — https://gistbok-topics.ucgis.org/DC-03-032 | Blueprint domain resource: https://geospacebok.eu/PS | https://geospacebok.eu/PP | https://geospacebok.eu/IP
5,C,Difficult,45,GI & Society,Assume the input data are valid and appropriately projected unless stated otherwise. Which approach best satisfies the analytical requirement? A client asks a GIS professional to omit neighborhoods that weaken the client argument. What is the best professional response?,C,GIS&T BoK remediation: [GS-02-011] Professional and Practical Ethics of GIS&T — https://gistbok-topics.ucgis.org/GS-02-011 | Blueprint domain resource: https://geospacebok.eu/GS
5,C,Difficult,46,Data Modeling,A project team is documenting a defensible professional workflow. Several choices could produce related outputs; choose the one that most directly answers the question. A semantic query asks for schools near major roads. Why is this more complex than simple equality matching?,B,GIS&T BoK remediation: [DM-04-078] Geospatial Semantic Queries — https://gistbok-topics.ucgis.org/DM-04-078 | Blueprint domain resource: https://geospacebok.eu/DM
5,C,Difficult,47,Design of Systems,The analyst wants to avoid a method that is merely convenient but does not exactly match the stated spatial or statistical objective. Which answer is best? Why are reproducible environments and locked dependencies important?,A,GIS&T BoK remediation: [PD-01-009] Modern Programming Libraries and Infrastructures for Raster Data Analysis — https://gistbok-topics.ucgis.org/PD-01-009 | Blueprint domain resource: https://geospacebok.eu/DA
5,C,Difficult,48,Conceptual Foundations,"Choose the most appropriate method given the stated assumptions and intended interpretation, not simply a method that could produce a visually similar result. Why is time often modeled differently from ordinary spatial dimensions?",B,GIS&T BoK remediation: [AM-06-102] Volumes and Space-Time Volumes — https://gistbok-topics.ucgis.org/AM-06-102 | Blueprint domain resource: https://geospacebok.eu/CF
5,C,Difficult,49,Data Modeling,"Which option would be the strongest methodological choice for this GIS task, recognizing that the alternatives are also legitimate GIS techniques? Which resampling method is usually safest for categorical land-cover classes?",C,GIS&T BoK remediation: [DM-06-087] Raster resampling — https://gistbok-topics.ucgis.org/DM-06-087 | Blueprint domain resource: https://geospacebok.eu/DM
5,C,Difficult,50,Geospatial Data,"A GIS analyst must choose among several technically plausible approaches. Select the best option for the stated objective. In this context, which statement most accurately describes a primary geospatial data source?",B,GIS&T BoK remediation: GIS&T BoK | Blueprint domain resource: https://geospacebok.eu/GD
5,C,Difficult,51,Geospatial Data,Assume the input data are valid and appropriately projected unless stated otherwise. Which approach best satisfies the analytical requirement? Control points for georeferencing should ideally be what?,A,GIS&T BoK remediation: [DC-01-030] Georeferencing and Georectification — https://gistbok-topics.ucgis.org/DC-01-030 | Blueprint domain resource: https://geospacebok.eu/GD
5,C,Difficult,52,Thematic & Application Domains,"A project team is documenting a defensible professional workflow. Several choices could produce related outputs; choose the one that most directly answers the question. An architect evaluates solar exposure, land use, transit access, and neighborhood context before site design. What is GIS contributing?",D,GIS&T BoK remediation: [DA-003] GIS&T in Architecture — https://gistbok-topics.ucgis.org/DA-003 | Blueprint domain resource: https://geospacebok.eu/TA
5,C,Difficult,53,"Platforms, Sensors, Physics & Image Processing",The analyst wants to avoid a method that is merely convenient but does not exactly match the stated spatial or statistical objective. Which answer is best? Why are ground control points used in UAS photogrammetry?,B,GIS&T BoK remediation: [DC-04-038] Structure from Motion Photogrammetry — https://gistbok-topics.ucgis.org/DC-04-038 | Blueprint domain resource: https://geospacebok.eu/PS | https://geospacebok.eu/PP | https://geospacebok.eu/IP
5,C,Difficult,54,Data Modeling,"Choose the most appropriate method given the stated assumptions and intended interpretation, not simply a method that could produce a visually similar result. Why can a hexagonal grid be advantageous for neighborhood analysis?",A,GIS&T BoK remediation: [DM-02-009] The Hexagonal Model — https://gistbok-topics.ucgis.org/DM-02-009 | Blueprint domain resource: https://geospacebok.eu/DM
5,C,Difficult,55,Data Modeling,"Which option would be the strongest methodological choice for this GIS task, recognizing that the alternatives are also legitimate GIS techniques? A TIN represents terrain using what geometric structure?",C,GIS&T BoK remediation: GIS&T BoK | Blueprint domain resource: https://geospacebok.eu/DM
5,C,Difficult,56,Thematic & Application Domains,A GIS analyst must choose among several technically plausible approaches. Select the best option for the stated objective. A conservation planner wants to identify habitat corridors between protected areas. Which analysis is most appropriate?,A,GIS&T BoK remediation: [DA-001] GIS&T and Agriculture — https://gistbok-topics.ucgis.org/DA-001 | Blueprint domain resource: https://geospacebok.eu/TA
5,C,Difficult,57,Organizational & Institutional Aspects,Assume the input data are valid and appropriately projected unless stated otherwise. Which approach best satisfies the analytical requirement? What does a work breakdown structure do?,C,GIS&T BoK remediation: [KE-04-012] GIS&T Project Planning and Management — https://gistbok-topics.ucgis.org/KE-04-012 | Blueprint domain resource: https://geospacebok.eu/OI
5,C,Difficult,58,Organizational & Institutional Aspects,A project team is documenting a defensible professional workflow. Several choices could produce related outputs; choose the one that most directly answers the question. Why should enterprise GIS architecture consider peak concurrent users rather than average users alone?,C,GIS&T BoK remediation: [KE-04-017] The Benefits and Costs of Enterprise GIS Implementations — https://gistbok-topics.ucgis.org/KE-04-017 | Blueprint domain resource: https://geospacebok.eu/OI
5,C,Difficult,59,Data Modeling,The analyst wants to avoid a method that is merely convenient but does not exactly match the stated spatial or statistical objective. Which answer is best? Which data model is usually most natural for an elevation surface sampled on a regular grid?,D,GIS&T BoK remediation: [DM-02-007] The Raster Data Model — https://gistbok-topics.ucgis.org/DM-02-007 | Blueprint domain resource: https://geospacebok.eu/DM
5,C,Difficult,60,Conceptual Foundations,"Choose the most appropriate method given the stated assumptions and intended interpretation, not simply a method that could produce a visually similar result. A flood model reports a probability surface rather than a binary flood/no-flood surface. What advantage does that provide?",B,GIS&T BoK remediation: [FC-07-024] Conceptual Models of Error and Uncertainty — https://gistbok-topics.ucgis.org/FC-07-024 | Blueprint domain resource: https://geospacebok.eu/CF
5,C,Difficult,61,Design of Systems,"Which option would be the strongest methodological choice for this GIS task, recognizing that the alternatives are also legitimate GIS techniques? What does validation ask in software or model development?",B,GIS&T BoK remediation: [PD-02-025] Verification & Validation of Applied GIS Research — https://gistbok-topics.ucgis.org/PD-02-025 | Blueprint domain resource: https://geospacebok.eu/DA
5,C,Difficult,62,Design of Systems,"A GIS analyst must choose among several technically plausible approaches. Select the best option for the stated objective. In this context, which statement most accurately describes the purpose of API authentication?",D,GIS&T BoK remediation: [PD-03-019] GIS APIs — https://gistbok-topics.ucgis.org/PD-03-018 | Blueprint domain resource: https://geospacebok.eu/DA
5,C,Difficult,63,"Platforms, Sensors, Physics & Image Processing","Assume the input data are valid and appropriately projected unless stated otherwise. Which approach best satisfies the analytical requirement? In aerial photo interpretation, which cue refers to differences in image brightness?",C,GIS&T BoK remediation: [DC-04-012] Fundamentals of Aerial Photo Interpretation — https://gistbok-topics.ucgis.org/DC-04-012 | Blueprint domain resource: https://geospacebok.eu/PS | https://geospacebok.eu/PP | https://geospacebok.eu/IP
5,C,Difficult,64,Geospatial Data,A project team is documenting a defensible professional workflow. Several choices could produce related outputs; choose the one that most directly answers the question. Mobile-phone location data can support movement analysis but raise what major concern?,B,GIS&T BoK remediation: [DC-02-005] Mobile Applications and Technologies — https://gistbok-topics.ucgis.org/DC-02-005 | Blueprint domain resource: https://geospacebok.eu/GD
5,C,Difficult,65,GI & Society,"The analyst wants to avoid a method that is merely convenient but does not exactly match the stated spatial or statistical objective. Which answer is best? In this context, which statement most accurately describes a central goal of Public Participation GIS?",A,GIS&T BoK remediation: [GS-02-06] Public Participation GIS — https://gistbok-topics.ucgis.org/GS-02-06 | Blueprint domain resource: https://geospacebok.eu/GS
5,C,Difficult,66,Geospatial Data,"Choose the most appropriate method given the stated assumptions and intended interpretation, not simply a method that could produce a visually similar result. Time-of-arrival localization estimates location using what basic measurement?",D,GIS&T BoK remediation: [DC-02-039] Time-of-Arrival (TOA) Localization for Indoor GIS — https://gistbok-topics.ucgis.org/DC-02-039 | Blueprint domain resource: https://geospacebok.eu/GD
5,C,Difficult,67,Cartography & Visualization,"Which option would be the strongest methodological choice for this GIS task, recognizing that the alternatives are also legitimate GIS techniques? Geovisual analytics combines interactive visualization with what?",A,GIS&T BoK remediation: [CV-05-036] Geovisual Analytics — https://gistbok-topics.ucgis.org/CV-05-036 | Blueprint domain resource: https://geospacebok.eu/CV
5,C,Difficult,68,Data Modeling,"A GIS analyst must choose among several technically plausible approaches. Select the best option for the stated objective. In this context, which statement most accurately describes one unavoidable consequence of converting precise vector boundaries to a raster grid?",C,GIS&T BoK remediation: [DM-06-086] Vector-to-Raster and Raster-to-Vector Conversions — https://gistbok-topics.ucgis.org/DM-06-086 | Blueprint domain resource: https://geospacebok.eu/DM
5,C,Difficult,69,Analytical Methods & GeoComputation,Assume the input data are valid and appropriately projected unless stated otherwise. Which approach best satisfies the analytical requirement? A land-cover classification has 90% overall accuracy but one rare class has very low producer’s accuracy. What does the low producer’s accuracy indicate?,B,GIS&T BoK remediation: [AM-09-104] Thematic Accuracy Assessment — https://gistbok-topics.ucgis.org/AM-09-104 | Blueprint domain resource: https://geospacebok.eu/AM | https://geospacebok.eu/GC
5,C,Difficult,70,Thematic & Application Domains,"A project team is documenting a defensible professional workflow. Several choices could produce related outputs; choose the one that most directly answers the question. A retail analyst compares candidate stores using demographics, competitors, and drive-time trade areas. What type of analysis is this?",B,GIS&T BoK remediation: [AM-05-046] Location-allocation modeling — https://gistbok-topics.ucgis.org/AM-05-046 | Blueprint domain resource: https://geospacebok.eu/TA
5,C,Difficult,71,Analytical Methods & GeoComputation,"The analyst wants to avoid a method that is merely convenient but does not exactly match the stated spatial or statistical objective. Which answer is best? Compared with a fixed-resolution raster DEM, how can a TIN allocate more detail to complex terrain?",A,GIS&T BoK remediation: [AM-04-072] TIN-based Models and Terrain Metrics — https://gistbok-topics.ucgis.org/AM-04-072 | Blueprint domain resource: https://geospacebok.eu/AM | https://geospacebok.eu/GC
5,C,Difficult,72,Geospatial Data,"Choose the most appropriate method given the stated assumptions and intended interpretation, not simply a method that could produce a visually similar result. Why can GNSS accuracy degrade in an urban canyon?",C,GIS&T BoK remediation: [DC-02-003] Global Navigation Satellite Systems — https://gistbok-topics.ucgis.org/DC-02-003 | Blueprint domain resource: https://geospacebok.eu/GD
5,C,Difficult,73,Analytical Methods & GeoComputation,"Which option would be the strongest methodological choice for this GIS task, recognizing that the alternatives are also legitimate GIS techniques? A Getis-Ord Gi* z-score is large and positive with a very small p-value. How should the feature be interpreted?",C,GIS&T BoK remediation: [AM-03-058] Hot Spots and Getis-Ord Gi* Analysis — https://gistbok-topics.ucgis.org/AM-03-058 | Blueprint domain resource: https://geospacebok.eu/AM | https://geospacebok.eu/GC
5,C,Difficult,74,"Platforms, Sensors, Physics & Image Processing",A GIS analyst must choose among several technically plausible approaches. Select the best option for the stated objective. Why can two surfaces at the same temperature have different thermal radiance?,C,GIS&T BoK remediation: [DC-03-034] Multispectral and Thermal Imagery: RGB and LWIR Sensors — https://gistbok-topics.ucgis.org/DC-03-034 | Blueprint domain resource: https://geospacebok.eu/PS | https://geospacebok.eu/PP | https://geospacebok.eu/IP
5,C,Difficult,75,Cartography & Visualization,Assume the input data are valid and appropriately projected unless stated otherwise. Which approach best satisfies the analytical requirement? An animated map is especially useful for showing what?,B,GIS&T BoK remediation: [CV-04-017] Spatiotemporal Representation — https://gistbok-topics.ucgis.org/CV-04-017 | Blueprint domain resource: https://geospacebok.eu/CV
6,A,Standard,1,Analytical Methods & GeoComputation,"In a road-network route that minimizes travel time rather than distance, what is travel time functioning as?",B,GIS&T BoK remediation: [AM-05-076] Network Route & Tour Problems in Geographic Information Systems — https://gistbok-topics.ucgis.org/AM-05-076 | Blueprint domain resource: https://geospacebok.eu/AM | https://geospacebok.eu/GC
6,A,Standard,2,Design of Systems,What does version control provide to GIS software projects?,B,GIS&T BoK remediation: [PD-02-037] Open Source Software Development — https://gistbok-topics.ucgis.org/PD-02-037 | Blueprint domain resource: https://geospacebok.eu/DA
6,A,Standard,3,Design of Systems,"In a three-tier GIS architecture, what is the main role of the database tier?",C,GIS&T BoK remediation: [CP-04-029] Enterprise GIS — https://gistbok-topics.ucgis.org/CP-04-029 | Blueprint domain resource: https://geospacebok.eu/DA
6,A,Standard,4,Web-Based GIS,Why are vector tiles attractive for modern web maps?,A,GIS&T BoK remediation: [CV-05-015] Web Mapping — https://gistbok-topics.ucgis.org/CV-05-015 | Blueprint domain resource: https://geospacebok.eu/WB
6,A,Standard,5,Analytical Methods & GeoComputation,A model result changes dramatically after small plausible perturbations to input locations. What does this indicate?,A,GIS&T BoK remediation: [AM-09-107] Spatial Data Uncertainty — https://gistbok-topics.ucgis.org/AM-09-107 | Blueprint domain resource: https://geospacebok.eu/AM | https://geospacebok.eu/GC
6,A,Standard,6,Thematic & Application Domains,"A coastal planner combines sea-level scenarios, elevation, buildings, and population to estimate exposure. What is essential?",D,GIS&T BoK remediation: [AM-01-020] Geospatial Analysis and Model Building — https://gistbok-topics.ucgis.org/AM-01-020 | Blueprint domain resource: https://geospacebok.eu/TA
6,A,Standard,7,Conceptual Foundations,"A map at 1:24,000 is compared with a map at 1:1,000,000. Which is the larger-scale map?",B,GIS&T BoK remediation: [CV-03-004] Scale and Generalization — https://gistbok-topics.ucgis.org/CV-03-004 | Blueprint domain resource: https://geospacebok.eu/CF
6,A,Standard,8,Geospatial Data,A crowdsourced road dataset is contributed by volunteers with varying expertise. What should an analyst evaluate carefully before use?,A,GIS&T BoK remediation: [DC-02-029] Volunteered Geographic Information — https://gistbok-topics.ucgis.org/DC-02-029 | Blueprint domain resource: https://geospacebok.eu/GD
6,A,Standard,9,Design of Systems,Which design issue is especially important for a mobile GIS application?,B,GIS&T BoK remediation: [PD-04-029] Programming of Mobile GIS Applications — https://gistbok-topics.ucgis.org/PD-04-029 | Blueprint domain resource: https://geospacebok.eu/DA
6,A,Standard,10,Conceptual Foundations,"In set theory, what does A ∩ B represent?",A,GIS&T BoK remediation: [FC-06-011] Set Theory — https://gistbok-topics.ucgis.org/FC-06-011 | Blueprint domain resource: https://geospacebok.eu/CF
6,A,Standard,11,Conceptual Foundations,Latitude expresses angular position north or south of what reference?,D,GIS&T BoK remediation: [DM-05-047] Geographic Coordinate Systems — https://gistbok-topics.ucgis.org/DM-05-047 | Blueprint domain resource: https://geospacebok.eu/CF
6,A,Standard,12,Organizational & Institutional Aspects,What does return on investment compare?,A,GIS&T BoK remediation: [KE-04-014] Measuring GIS Return on Investment — https://gistbok-topics.ucgis.org/KE-04-014 | Blueprint domain resource: https://geospacebok.eu/OI
6,A,Standard,13,Analytical Methods & GeoComputation,A Local Moran’s I result classifies a tract as High-Low. What does that mean?,A,GIS&T BoK remediation: [AM-03-023] Local Measures of Spatial Association — https://gistbok-topics.ucgis.org/AM-03-023 | Blueprint domain resource: https://geospacebok.eu/AM | https://geospacebok.eu/GC
6,A,Standard,14,Analytical Methods & GeoComputation,County obesity rates are analyzed with one statistic to summarize overall spatial autocorrelation across the entire study area. Which statistic is appropriate?,A,GIS&T BoK remediation: [AM-03-022] Global Measures of Spatial Association — https://gistbok-topics.ucgis.org/AM-03-022 | Blueprint domain resource: https://geospacebok.eu/AM | https://geospacebok.eu/GC
6,A,Standard,15,"Platforms, Sensors, Physics & Image Processing",Orthorectification additionally accounts for what major source of displacement?,C,GIS&T BoK remediation: GIS&T BoK | Blueprint domain resource: https://geospacebok.eu/PS | https://geospacebok.eu/PP | https://geospacebok.eu/IP
6,A,Standard,16,Conceptual Foundations,A dataset has an open license but poor documentation and unusable formats. Is it necessarily open in practical terms?,C,GIS&T BoK remediation: [FC-02-035] Openness — https://gistbok-topics.ucgis.org/FC-02-035 | Blueprint domain resource: https://geospacebok.eu/CF
6,A,Standard,17,Design of Systems,What limits ideal speedup in parallel processing?,B,GIS&T BoK remediation: [PD-01-014] GIS and Parallel Programming — https://gistbok-topics.ucgis.org/PD-01-014 | Blueprint domain resource: https://geospacebok.eu/DA
6,A,Standard,18,"Platforms, Sensors, Physics & Image Processing",What is supervised image classification?,A,GIS&T BoK remediation: [DC-04-014] Feature Extraction from Satellite Imagery — https://gistbok-topics.ucgis.org/DC-04-014 | Blueprint domain resource: https://geospacebok.eu/PS | https://geospacebok.eu/PP | https://geospacebok.eu/IP
6,A,Standard,19,Analytical Methods & GeoComputation,"Sparse groundwater measurements must be interpolated, and the analyst also needs a map of prediction uncertainty. Which method is most appropriate?",D,GIS&T BoK remediation: [AM-04-029] Kriging Interpolation — https://gistbok-topics.ucgis.org/AM-04-029 | Blueprint domain resource: https://geospacebok.eu/AM | https://geospacebok.eu/GC
6,A,Standard,20,Conceptual Foundations,A tract has high median income. Concluding that every household in the tract has high income commits what error?,A,GIS&T BoK remediation: [FC-07-026] Problems of Scale and Zoning — https://gistbok-topics.ucgis.org/FC-07-026 | Blueprint domain resource: https://geospacebok.eu/CF
6,A,Standard,21,Conceptual Foundations,A temperature surface varying continuously across a region is best conceptualized as what?,A,GIS&T BoK remediation: GIS&T BoK | Blueprint domain resource: https://geospacebok.eu/CF
6,A,Standard,22,Analytical Methods & GeoComputation,An ecologist wants to flag trail segments within 250 m of nesting sites. Which method best implements the rule?,B,GIS&T BoK remediation: [AM-02-003] Buffers — https://gistbok-topics.ucgis.org/AM-02-003 | Blueprint domain resource: https://geospacebok.eu/AM | https://geospacebok.eu/GC
6,A,Standard,23,Data Modeling,How does a projected coordinate system differ most directly from a geographic coordinate system?,B,GIS&T BoK remediation: [DM-05-048] Planar Coordinate Systems and the U. S. National Grid — https://gistbok-topics.ucgis.org/DM-05-048 | Blueprint domain resource: https://geospacebok.eu/DM
6,A,Standard,24,Cartography & Visualization,What is the main purpose of a scale bar?,C,GIS&T BoK remediation: [CV-06-021] Map Reading — https://gistbok-topics.ucgis.org/CV-06-021 | Blueprint domain resource: https://geospacebok.eu/CV
6,A,Standard,25,Data Modeling,A topological vector model explicitly stores what kinds of relationships?,D,GIS&T BoK remediation: [DM-02-013] The topological model — https://gistbok-topics.ucgis.org/DM-02-013 | Blueprint domain resource: https://geospacebok.eu/DM
6,A,Standard,26,Thematic & Application Domains,A bridge project requires mapping utilities that could conflict with excavation. What GIS capability is central?,C,GIS&T BoK remediation: [DA-004] GIS&T and Civil Engineering — https://gistbok-topics.ucgis.org/DA-004 | Blueprint domain resource: https://geospacebok.eu/TA
6,A,Standard,27,Organizational & Institutional Aspects,What is total cost of ownership for an enterprise GIS?,B,GIS&T BoK remediation: [KE-04-017] The Benefits and Costs of Enterprise GIS Implementations — https://gistbok-topics.ucgis.org/KE-04-017 | Blueprint domain resource: https://geospacebok.eu/OI
6,A,Standard,28,GI & Society,A health agency publishes exact home locations for patients with a rare disease. What is the primary concern?,D,GIS&T BoK remediation: [GS-01-004] Location Privacy — https://gistbok-topics.ucgis.org/GS-01-004 | Blueprint domain resource: https://geospacebok.eu/GS
6,A,Standard,29,Geospatial Data,Why is source scale important when evaluating digitized features?,A,"GIS&T BoK remediation: [DM-07-057] Data Evaluation, Metadata, and Data Quality — https://gistbok-topics.ucgis.org/DM-07-057 | Blueprint domain resource: https://geospacebok.eu/GD"
6,A,Standard,30,Design of Systems,A stream of vehicle positions arrives every second. Which processing architecture is most appropriate?,C,GIS&T BoK remediation: [PD-01-020] Real-time GIS Programming and Geocomputation — https://gistbok-topics.ucgis.org/PD-01-020 | Blueprint domain resource: https://geospacebok.eu/DA
6,A,Standard,31,Organizational & Institutional Aspects,Why can GIS benefits be difficult to quantify?,A,GIS&T BoK remediation: [KE-04-014] Measuring GIS Return on Investment — https://gistbok-topics.ucgis.org/KE-04-014 | Blueprint domain resource: https://geospacebok.eu/OI
6,A,Standard,32,Data Modeling,What does raster resampling do?,B,GIS&T BoK remediation: [DM-06-087] Raster resampling — https://gistbok-topics.ucgis.org/DM-06-087 | Blueprint domain resource: https://geospacebok.eu/DM
6,A,Standard,33,"Platforms, Sensors, Physics & Image Processing",Healthy vegetation typically absorbs strongly in which visible band because of chlorophyll?,C,GIS&T BoK remediation: GIS&T BoK | Blueprint domain resource: https://geospacebok.eu/PS | https://geospacebok.eu/PP | https://geospacebok.eu/IP
6,A,Standard,34,Conceptual Foundations,"For airline distance between far-apart cities, which distance measure is most defensible when high accuracy is needed?",C,GIS&T BoK remediation: [FC-05-042] Distance Operations — https://gistbok-topics.ucgis.org/FC-05-042 | Blueprint domain resource: https://geospacebok.eu/CF
6,A,Standard,35,Geospatial Data,What does completeness mean in geospatial data quality?,B,"GIS&T BoK remediation: [DM-07-057] Data Evaluation, Metadata, and Data Quality — https://gistbok-topics.ucgis.org/DM-07-057 | Blueprint domain resource: https://geospacebok.eu/GD"
6,A,Standard,36,Data Modeling,What does a geographic coordinate system use to express horizontal position?,C,GIS&T BoK remediation: [DM-05-047] Geographic Coordinate Systems — https://gistbok-topics.ucgis.org/DM-05-047 | Blueprint domain resource: https://geospacebok.eu/DM
6,A,Standard,37,Analytical Methods & GeoComputation,"In the Analytical Hierarchy Process, what is the main purpose of pairwise comparisons?",D,GIS&T BoK remediation: [AM-03-013] Multi-Criteria Evaluation — https://gistbok-topics.ucgis.org/AM-03-013 | Blueprint domain resource: https://geospacebok.eu/AM | https://geospacebok.eu/GC
6,A,Standard,38,Data Modeling,Which data model is usually most natural for parcel boundaries requiring precise shared edges?,D,GIS&T BoK remediation: [DM-02-014] Vector Data Models — https://gistbok-topics.ucgis.org/DM-02-014 | Blueprint domain resource: https://geospacebok.eu/DM
6,A,Standard,39,Conceptual Foundations,A polygon lies entirely inside another polygon. Which spatial relation is being expressed?,D,GIS&T BoK remediation: [DM-03-075] Defining and Designing Spatial Queries — https://gistbok-topics.ucgis.org/DM-03-075 | Blueprint domain resource: https://geospacebok.eu/CF
6,A,Standard,40,Data Modeling,Why are database constraints useful?,A,GIS&T BoK remediation: [DM-01-062] Database Administration — https://gistbok-topics.ucgis.org/DM-01-062 | Blueprint domain resource: https://geospacebok.eu/DM
6,A,Standard,41,Data Modeling,A wildfire spreads through time and changes its spatial extent. What should the data model represent?,A,GIS&T BoK remediation: [DM-02-022] Events and Processes for Geospatial Computing — https://gistbok-topics.ucgis.org/DM-02-022 | Blueprint domain resource: https://geospacebok.eu/DM
6,A,Standard,42,GI & Society,Why can participatory GIS still reproduce unequal power?,D,GIS&T BoK remediation: [GS-02-029] GIS Participatory Modeling — https://gistbok-topics.ucgis.org/GS-02-029 | Blueprint domain resource: https://geospacebok.eu/GS
6,A,Standard,43,Cartography & Visualization,What is one analytical limitation of animation?,C,GIS&T BoK remediation: [CV-04-017] Spatiotemporal Representation — https://gistbok-topics.ucgis.org/CV-04-017 | Blueprint domain resource: https://geospacebok.eu/CV
6,A,Standard,44,Cartography & Visualization,Hypsometric tinting uses color primarily to represent what?,C,GIS&T BoK remediation: [CV-04-014] Terrain Representation — https://gistbok-topics.ucgis.org/CV-04-014 | Blueprint domain resource: https://geospacebok.eu/CV
6,A,Standard,45,"Platforms, Sensors, Physics & Image Processing",What is atmospheric correction intended to reduce or estimate?,B,GIS&T BoK remediation: GIS&T BoK | Blueprint domain resource: https://geospacebok.eu/PS | https://geospacebok.eu/PP | https://geospacebok.eu/IP
6,A,Standard,46,"Platforms, Sensors, Physics & Image Processing","After classifying LiDAR points, what points are used most directly to derive a bare-earth DTM?",D,GIS&T BoK remediation: [DC-03-027] Light Detection and Ranging (LiDAR) — https://gistbok-topics.ucgis.org/DC-03-027 | Blueprint domain resource: https://geospacebok.eu/PS | https://geospacebok.eu/PP | https://geospacebok.eu/IP
6,A,Standard,47,"Platforms, Sensors, Physics & Image Processing",Why does healthy vegetation typically appear bright in near-infrared imagery?,D,GIS&T BoK remediation: GIS&T BoK | Blueprint domain resource: https://geospacebok.eu/PS | https://geospacebok.eu/PP | https://geospacebok.eu/IP
6,A,Standard,48,Geospatial Data,"A mobile field app records geometry, photos, and coded inspection attributes. What is the primary advantage?",A,GIS&T BoK remediation: [DC-06-009] Field Data Capture Technologies — https://gistbok-topics.ucgis.org/DC-06-009 | Blueprint domain resource: https://geospacebok.eu/GD
6,A,Standard,49,Analytical Methods & GeoComputation,A retailer must choose 3 warehouse sites from 20 candidates to minimize weighted customer travel time. Which analysis best fits?,B,GIS&T BoK remediation: [AM-05-046] Location-allocation modeling — https://gistbok-topics.ucgis.org/AM-05-046 | Blueprint domain resource: https://geospacebok.eu/AM | https://geospacebok.eu/GC
6,A,Standard,50,Data Modeling,Why should polygon generalization preserve topology where required?,B,"GIS&T BoK remediation: [DM-06-085] Point, Line, and Area Generalization — https://gistbok-topics.ucgis.org/DM-06-085 | Blueprint domain resource: https://geospacebok.eu/DM"
6,A,Standard,51,"Platforms, Sensors, Physics & Image Processing",Maximum-likelihood classification commonly models class signatures using what?,A,GIS&T BoK remediation: [DC-04-014] Feature Extraction from Satellite Imagery — https://gistbok-topics.ucgis.org/DC-04-014 | Blueprint domain resource: https://geospacebok.eu/PS | https://geospacebok.eu/PP | https://geospacebok.eu/IP
6,A,Standard,52,Geospatial Data,A survey establishes a parcel corner with legal boundary implications. Which professional activity is most directly involved?,A,GIS&T BoK remediation: [DC-05-001] Professional Land Surveying — https://gistbok-topics.ucgis.org/DC-05-001 | Blueprint domain resource: https://geospacebok.eu/GD
6,A,Standard,53,Data Modeling,"A table stores ZIPCode and CityName, where CityName depends on ZIPCode rather than directly on the record primary key. Which issue can motivate 3NF decomposition?",C,GIS&T BoK remediation: [DM-01-003] Relational DBMS and their Spatial Extensions — https://gistbok-topics.ucgis.org/DM-01-003 | Blueprint domain resource: https://geospacebok.eu/DM
6,A,Standard,54,Cartography & Visualization,Which color scheme is most appropriate for unordered land-use categories?,B,GIS&T BoK remediation: [CV-03-009] Color Theory — https://gistbok-topics.ucgis.org/CV-03-009 | Blueprint domain resource: https://geospacebok.eu/CV
6,A,Standard,55,Analytical Methods & GeoComputation,A health analyst wants to identify statistically significant clusters of high asthma rates and clusters of low asthma rates. Which method is designed for this?,A,GIS&T BoK remediation: [AM-03-058] Hot Spots and Getis-Ord Gi* Analysis — https://gistbok-topics.ucgis.org/AM-03-058 | Blueprint domain resource: https://geospacebok.eu/AM | https://geospacebok.eu/GC
6,A,Standard,56,Organizational & Institutional Aspects,A strategic GIS plan should align technology investments with what?,C,GIS&T BoK remediation: [KE-04-003] Strategic Planning for GIS Design — https://gistbok-topics.ucgis.org/KE-04-003 | Blueprint domain resource: https://geospacebok.eu/OI
6,A,Standard,57,Thematic & Application Domains,A proposed high-rise may block an important view corridor. Which GIS analysis directly addresses this?,A,GIS&T BoK remediation: [DA-003] GIS&T in Architecture — https://gistbok-topics.ucgis.org/DA-003 | Blueprint domain resource: https://geospacebok.eu/TA
6,A,Standard,58,Cartography & Visualization,What is a bivariate choropleth map designed to show?,B,GIS&T BoK remediation: [CV-04-012] Multivariate Mapping — https://gistbok-topics.ucgis.org/CV-04-012 | Blueprint domain resource: https://geospacebok.eu/CV
6,A,Standard,59,Analytical Methods & GeoComputation,A kernel-density surface is too smooth and hides local concentrations. Which parameter should generally be reduced?,B,GIS&T BoK remediation: [AM-03-008] Kernels and Density Estimation — https://gistbok-topics.ucgis.org/AM-03-008 | Blueprint domain resource: https://geospacebok.eu/AM | https://geospacebok.eu/GC
6,A,Standard,60,Geospatial Data,Street-level imagery is especially useful for which task?,B,GIS&T BoK remediation: [DC-02-011] Street-level Imagery — https://gistbok-topics.ucgis.org/DC-02-011 | Blueprint domain resource: https://geospacebok.eu/GD
6,A,Standard,61,Cartography & Visualization,Which thematic map type uses symbol size to represent magnitude at locations?,D,GIS&T BoK remediation: [CV-04-011] Common Thematic Map Types — https://gistbok-topics.ucgis.org/CV-04-011 | Blueprint domain resource: https://geospacebok.eu/CV
6,A,Standard,62,Conceptual Foundations,"Compared with a 30 m raster, what is a main advantage of a 1 m raster for the same phenomenon?",A,GIS&T BoK remediation: [FC-05-021] Resolution — https://gistbok-topics.ucgis.org/FC-05-021 | Blueprint domain resource: https://geospacebok.eu/CF
6,A,Standard,63,Geospatial Data,Why are coded value lists useful in field data collection?,A,GIS&T BoK remediation: [DC-06-009] Field Data Capture Technologies — https://gistbok-topics.ucgis.org/DC-06-009 | Blueprint domain resource: https://geospacebok.eu/GD
6,A,Standard,64,Cartography & Visualization,"For ordered quantitative data, which visual variable is generally effective?",B,GIS&T BoK remediation: [CV-03-008] Symbolization and the Visual Variables — https://gistbok-topics.ucgis.org/CV-03-008 | Blueprint domain resource: https://geospacebok.eu/CV
6,A,Standard,65,Geospatial Data,What does differential GNSS improve by using corrections from known reference stations?,A,GIS&T BoK remediation: [DC-02-003] Global Navigation Satellite Systems — https://gistbok-topics.ucgis.org/DC-02-003 | Blueprint domain resource: https://geospacebok.eu/GD
6,A,Standard,66,Analytical Methods & GeoComputation,"An analyst needs areas present in either of two habitat polygon layers, but not where they overlap. Which operation is appropriate?",A,GIS&T BoK remediation: [AM-02-004] Overlay — https://gistbok-topics.ucgis.org/AM-02-004 | Blueprint domain resource: https://geospacebok.eu/AM | https://geospacebok.eu/GC
6,A,Standard,67,Thematic & Application Domains,A school district wants to minimize student travel while assigning neighborhoods to schools under capacity limits. Which class of problem is involved?,A,GIS&T BoK remediation: [AM-05-046] Location-allocation modeling — https://gistbok-topics.ucgis.org/AM-05-046 | Blueprint domain resource: https://geospacebok.eu/TA
6,A,Standard,68,Organizational & Institutional Aspects,A grant funds initial GIS development but not ongoing staff or maintenance. What sustainability risk exists?,A,GIS&T BoK remediation: [KE-03-011] Funding — https://gistbok-topics.ucgis.org/KE-03-011 | Blueprint domain resource: https://geospacebok.eu/OI
6,A,Standard,69,Conceptual Foundations,A choropleth of total population makes large counties appear visually dominant. What is a better variable for comparing population concentration?,C,GIS&T BoK remediation: [FC-03-004] Perception and Cognitive Processing of Geographic Phenomena: a Choropleth Map Case Study — https://gistbok-topics.ucgis.org/FC-03-004 | Blueprint domain resource: https://geospacebok.eu/CF
6,A,Standard,70,Design of Systems,What is vertical scaling?,D,GIS&T BoK remediation: [CP-01-008] Spatial Cloud Computing — https://gistbok-topics.ucgis.org/CP-01-008 | Blueprint domain resource: https://geospacebok.eu/DA
6,A,Standard,71,Analytical Methods & GeoComputation,"A city wants one statistic indicating whether its entire pattern of burglary incidents is clustered, random, or dispersed. Which approach is most appropriate?",C,GIS&T BoK remediation: [AM-03-007] Point Pattern Analysis — https://gistbok-topics.ucgis.org/AM-03-007 | Blueprint domain resource: https://geospacebok.eu/AM | https://geospacebok.eu/GC
6,A,Standard,72,Conceptual Foundations,How many longitudinal zones are used by the UTM system?,B,GIS&T BoK remediation: [DM-05-048] Planar Coordinate Systems and the U. S. National Grid — https://gistbok-topics.ucgis.org/DM-05-048 | Blueprint domain resource: https://geospacebok.eu/CF
6,A,Standard,73,Cartography & Visualization,Why should red-green combinations be used cautiously?,D,GIS&T BoK remediation: [CV-03-009] Color Theory — https://gistbok-topics.ucgis.org/CV-03-009 | Blueprint domain resource: https://geospacebok.eu/CV
6,A,Standard,74,"Platforms, Sensors, Physics & Image Processing",Which is an active remote-sensing system?,D,GIS&T BoK remediation: [DC-03-027] Light Detection and Ranging (LiDAR) — https://gistbok-topics.ucgis.org/DC-03-027 | Blueprint domain resource: https://geospacebok.eu/PS | https://geospacebok.eu/PP | https://geospacebok.eu/IP
6,A,Standard,75,Analytical Methods & GeoComputation,A spatial sample is intended to capture environmental variation across elevation zones. Which design is most defensible?,D,GIS&T BoK remediation: [AM-03-026] Spatial Sampling for Spatial Analysis — https://gistbok-topics.ucgis.org/AM-03-026 | Blueprint domain resource: https://geospacebok.eu/AM | https://geospacebok.eu/GC
6,B,More Challenging,1,Analytical Methods & GeoComputation,"A county GIS office is reviewing an analysis before publication. In a road-network route that minimizes travel time rather than distance, what is travel time functioning as?",B,GIS&T BoK remediation: [AM-05-076] Network Route & Tour Problems in Geographic Information Systems — https://gistbok-topics.ucgis.org/AM-05-076 | Blueprint domain resource: https://geospacebok.eu/AM | https://geospacebok.eu/GC
6,B,More Challenging,2,Design of Systems,A student analyst has valid input data and must choose the next appropriate GIS step. What does version control provide to GIS software projects?,B,GIS&T BoK remediation: [PD-02-037] Open Source Software Development — https://gistbok-topics.ucgis.org/PD-02-037 | Blueprint domain resource: https://geospacebok.eu/DA
6,B,More Challenging,3,Design of Systems,"A project team wants a defensible software-agnostic GIS approach. In a three-tier GIS architecture, what is the main role of the database tier?",C,GIS&T BoK remediation: [CP-04-029] Enterprise GIS — https://gistbok-topics.ucgis.org/CP-04-029 | Blueprint domain resource: https://geospacebok.eu/DA
6,B,More Challenging,4,Web-Based GIS,"During QA/QC, an analyst must decide which GIS concept or method applies. Why are vector tiles attractive for modern web maps?",B,GIS&T BoK remediation: [CV-05-015] Web Mapping — https://gistbok-topics.ucgis.org/CV-05-015 | Blueprint domain resource: https://geospacebok.eu/WB
6,B,More Challenging,5,Analytical Methods & GeoComputation,A planning or environmental GIS project encounters the following situation. A model result changes dramatically after small plausible perturbations to input locations. What does this indicate?,D,GIS&T BoK remediation: [AM-09-107] Spatial Data Uncertainty — https://gistbok-topics.ucgis.org/AM-09-107 | Blueprint domain resource: https://geospacebok.eu/AM | https://geospacebok.eu/GC
6,B,More Challenging,6,Thematic & Application Domains,"A GIS analyst is completing a routine professional workflow. A coastal planner combines sea-level scenarios, elevation, buildings, and population to estimate exposure. What is essential?",B,GIS&T BoK remediation: [AM-01-020] Geospatial Analysis and Model Building — https://gistbok-topics.ucgis.org/AM-01-020 | Blueprint domain resource: https://geospacebok.eu/TA
6,B,More Challenging,7,Conceptual Foundations,"A county GIS office is reviewing an analysis before publication. A map at 1:24,000 is compared with a map at 1:1,000,000. Which is the larger-scale map?",D,GIS&T BoK remediation: [CV-03-004] Scale and Generalization — https://gistbok-topics.ucgis.org/CV-03-004 | Blueprint domain resource: https://geospacebok.eu/CF
6,B,More Challenging,8,Geospatial Data,A student analyst has valid input data and must choose the next appropriate GIS step. A crowdsourced road dataset is contributed by volunteers with varying expertise. What should an analyst evaluate carefully before use?,B,GIS&T BoK remediation: [DC-02-029] Volunteered Geographic Information — https://gistbok-topics.ucgis.org/DC-02-029 | Blueprint domain resource: https://geospacebok.eu/GD
6,B,More Challenging,9,Design of Systems,A project team wants a defensible software-agnostic GIS approach. Which design issue is especially important for a mobile GIS application?,D,GIS&T BoK remediation: [PD-04-029] Programming of Mobile GIS Applications — https://gistbok-topics.ucgis.org/PD-04-029 | Blueprint domain resource: https://geospacebok.eu/DA
6,B,More Challenging,10,Conceptual Foundations,"During QA/QC, an analyst must decide which GIS concept or method applies. In set theory, what does A ∩ B represent?",C,GIS&T BoK remediation: [FC-06-011] Set Theory — https://gistbok-topics.ucgis.org/FC-06-011 | Blueprint domain resource: https://geospacebok.eu/CF
6,B,More Challenging,11,Conceptual Foundations,A planning or environmental GIS project encounters the following situation. Latitude expresses angular position north or south of what reference?,C,GIS&T BoK remediation: [DM-05-047] Geographic Coordinate Systems — https://gistbok-topics.ucgis.org/DM-05-047 | Blueprint domain resource: https://geospacebok.eu/CF
6,B,More Challenging,12,Organizational & Institutional Aspects,A GIS analyst is completing a routine professional workflow. What does return on investment compare?,B,GIS&T BoK remediation: [KE-04-014] Measuring GIS Return on Investment — https://gistbok-topics.ucgis.org/KE-04-014 | Blueprint domain resource: https://geospacebok.eu/OI
6,B,More Challenging,13,Analytical Methods & GeoComputation,A county GIS office is reviewing an analysis before publication. A Local Moran’s I result classifies a tract as High-Low. What does that mean?,A,GIS&T BoK remediation: [AM-03-023] Local Measures of Spatial Association — https://gistbok-topics.ucgis.org/AM-03-023 | Blueprint domain resource: https://geospacebok.eu/AM | https://geospacebok.eu/GC
6,B,More Challenging,14,Analytical Methods & GeoComputation,A student analyst has valid input data and must choose the next appropriate GIS step. County obesity rates are analyzed with one statistic to summarize overall spatial autocorrelation across the entire study area. Which statistic is appropriate?,D,GIS&T BoK remediation: [AM-03-022] Global Measures of Spatial Association — https://gistbok-topics.ucgis.org/AM-03-022 | Blueprint domain resource: https://geospacebok.eu/AM | https://geospacebok.eu/GC
6,B,More Challenging,15,"Platforms, Sensors, Physics & Image Processing",A project team wants a defensible software-agnostic GIS approach. Orthorectification additionally accounts for what major source of displacement?,D,GIS&T BoK remediation: GIS&T BoK | Blueprint domain resource: https://geospacebok.eu/PS | https://geospacebok.eu/PP | https://geospacebok.eu/IP
6,B,More Challenging,16,Conceptual Foundations,"During QA/QC, an analyst must decide which GIS concept or method applies. A dataset has an open license but poor documentation and unusable formats. Is it necessarily open in practical terms?",B,GIS&T BoK remediation: [FC-02-035] Openness — https://gistbok-topics.ucgis.org/FC-02-035 | Blueprint domain resource: https://geospacebok.eu/CF
6,B,More Challenging,17,Design of Systems,A planning or environmental GIS project encounters the following situation. What limits ideal speedup in parallel processing?,D,GIS&T BoK remediation: [PD-01-014] GIS and Parallel Programming — https://gistbok-topics.ucgis.org/PD-01-014 | Blueprint domain resource: https://geospacebok.eu/DA
6,B,More Challenging,18,"Platforms, Sensors, Physics & Image Processing",A GIS analyst is completing a routine professional workflow. Which description correctly characterizes supervised image classification?,C,GIS&T BoK remediation: [DC-04-014] Feature Extraction from Satellite Imagery — https://gistbok-topics.ucgis.org/DC-04-014 | Blueprint domain resource: https://geospacebok.eu/PS | https://geospacebok.eu/PP | https://geospacebok.eu/IP
6,B,More Challenging,19,Analytical Methods & GeoComputation,"A county GIS office is reviewing an analysis before publication. Sparse groundwater measurements must be interpolated, and the analyst also needs a map of prediction uncertainty. Which method is most appropriate?",C,GIS&T BoK remediation: [AM-04-029] Kriging Interpolation — https://gistbok-topics.ucgis.org/AM-04-029 | Blueprint domain resource: https://geospacebok.eu/AM | https://geospacebok.eu/GC
6,B,More Challenging,20,Conceptual Foundations,A student analyst has valid input data and must choose the next appropriate GIS step. A tract has high median income. Concluding that every household in the tract has high income commits what error?,B,GIS&T BoK remediation: [FC-07-026] Problems of Scale and Zoning — https://gistbok-topics.ucgis.org/FC-07-026 | Blueprint domain resource: https://geospacebok.eu/CF
6,B,More Challenging,21,Conceptual Foundations,A project team wants a defensible software-agnostic GIS approach. A temperature surface varying continuously across a region is best conceptualized as what?,A,GIS&T BoK remediation: GIS&T BoK | Blueprint domain resource: https://geospacebok.eu/CF
6,B,More Challenging,22,Analytical Methods & GeoComputation,"During QA/QC, an analyst must decide which GIS concept or method applies. An ecologist wants to flag trail segments within 250 m of nesting sites. Which method best implements the rule?",C,GIS&T BoK remediation: [AM-02-003] Buffers — https://gistbok-topics.ucgis.org/AM-02-003 | Blueprint domain resource: https://geospacebok.eu/AM | https://geospacebok.eu/GC
6,B,More Challenging,23,Data Modeling,A planning or environmental GIS project encounters the following situation. How does a projected coordinate system differ most directly from a geographic coordinate system?,B,GIS&T BoK remediation: [DM-05-048] Planar Coordinate Systems and the U. S. National Grid — https://gistbok-topics.ucgis.org/DM-05-048 | Blueprint domain resource: https://geospacebok.eu/DM
6,B,More Challenging,24,Cartography & Visualization,A GIS analyst is completing a routine professional workflow. Which description correctly characterizes the main purpose of a scale bar?,D,GIS&T BoK remediation: [CV-06-021] Map Reading — https://gistbok-topics.ucgis.org/CV-06-021 | Blueprint domain resource: https://geospacebok.eu/CV
6,B,More Challenging,25,Data Modeling,A county GIS office is reviewing an analysis before publication. A topological vector model explicitly stores what kinds of relationships?,A,GIS&T BoK remediation: [DM-02-013] The topological model — https://gistbok-topics.ucgis.org/DM-02-013 | Blueprint domain resource: https://geospacebok.eu/DM
6,B,More Challenging,26,Thematic & Application Domains,A student analyst has valid input data and must choose the next appropriate GIS step. A bridge project requires mapping utilities that could conflict with excavation. What GIS capability is central?,B,GIS&T BoK remediation: [DA-004] GIS&T and Civil Engineering — https://gistbok-topics.ucgis.org/DA-004 | Blueprint domain resource: https://geospacebok.eu/TA
6,B,More Challenging,27,Organizational & Institutional Aspects,A project team wants a defensible software-agnostic GIS approach. Which description correctly characterizes total cost of ownership for an enterprise GIS?,C,GIS&T BoK remediation: [KE-04-017] The Benefits and Costs of Enterprise GIS Implementations — https://gistbok-topics.ucgis.org/KE-04-017 | Blueprint domain resource: https://geospacebok.eu/OI
6,B,More Challenging,28,GI & Society,"During QA/QC, an analyst must decide which GIS concept or method applies. A health agency publishes exact home locations for patients with a rare disease. What is the primary concern?",A,GIS&T BoK remediation: [GS-01-004] Location Privacy — https://gistbok-topics.ucgis.org/GS-01-004 | Blueprint domain resource: https://geospacebok.eu/GS
6,B,More Challenging,29,Geospatial Data,A planning or environmental GIS project encounters the following situation. Why is source scale important when evaluating digitized features?,C,"GIS&T BoK remediation: [DM-07-057] Data Evaluation, Metadata, and Data Quality — https://gistbok-topics.ucgis.org/DM-07-057 | Blueprint domain resource: https://geospacebok.eu/GD"
6,B,More Challenging,30,Design of Systems,A GIS analyst is completing a routine professional workflow. A stream of vehicle positions arrives every second. Which processing architecture is most appropriate?,C,GIS&T BoK remediation: [PD-01-020] Real-time GIS Programming and Geocomputation — https://gistbok-topics.ucgis.org/PD-01-020 | Blueprint domain resource: https://geospacebok.eu/DA
6,B,More Challenging,31,Organizational & Institutional Aspects,A county GIS office is reviewing an analysis before publication. Why can GIS benefits be difficult to quantify?,D,GIS&T BoK remediation: [KE-04-014] Measuring GIS Return on Investment — https://gistbok-topics.ucgis.org/KE-04-014 | Blueprint domain resource: https://geospacebok.eu/OI
6,B,More Challenging,32,Data Modeling,A student analyst has valid input data and must choose the next appropriate GIS step. What does raster resampling do?,D,GIS&T BoK remediation: [DM-06-087] Raster resampling — https://gistbok-topics.ucgis.org/DM-06-087 | Blueprint domain resource: https://geospacebok.eu/DM
6,B,More Challenging,33,"Platforms, Sensors, Physics & Image Processing",A project team wants a defensible software-agnostic GIS approach. Healthy vegetation typically absorbs strongly in which visible band because of chlorophyll?,B,GIS&T BoK remediation: GIS&T BoK | Blueprint domain resource: https://geospacebok.eu/PS | https://geospacebok.eu/PP | https://geospacebok.eu/IP
6,B,More Challenging,34,Conceptual Foundations,"During QA/QC, an analyst must decide which GIS concept or method applies. For airline distance between far-apart cities, which distance measure is most defensible when high accuracy is needed?",A,GIS&T BoK remediation: [FC-05-042] Distance Operations — https://gistbok-topics.ucgis.org/FC-05-042 | Blueprint domain resource: https://geospacebok.eu/CF
6,B,More Challenging,35,Geospatial Data,A planning or environmental GIS project encounters the following situation. What does completeness mean in geospatial data quality?,A,"GIS&T BoK remediation: [DM-07-057] Data Evaluation, Metadata, and Data Quality — https://gistbok-topics.ucgis.org/DM-07-057 | Blueprint domain resource: https://geospacebok.eu/GD"
6,B,More Challenging,36,Data Modeling,A GIS analyst is completing a routine professional workflow. What does a geographic coordinate system use to express horizontal position?,D,GIS&T BoK remediation: [DM-05-047] Geographic Coordinate Systems — https://gistbok-topics.ucgis.org/DM-05-047 | Blueprint domain resource: https://geospacebok.eu/DM
6,B,More Challenging,37,Analytical Methods & GeoComputation,"A county GIS office is reviewing an analysis before publication. In the Analytical Hierarchy Process, what is the main purpose of pairwise comparisons?",D,GIS&T BoK remediation: [AM-03-013] Multi-Criteria Evaluation — https://gistbok-topics.ucgis.org/AM-03-013 | Blueprint domain resource: https://geospacebok.eu/AM | https://geospacebok.eu/GC
6,B,More Challenging,38,Data Modeling,A student analyst has valid input data and must choose the next appropriate GIS step. Which data model is usually most natural for parcel boundaries requiring precise shared edges?,D,GIS&T BoK remediation: [DM-02-014] Vector Data Models — https://gistbok-topics.ucgis.org/DM-02-014 | Blueprint domain resource: https://geospacebok.eu/DM
6,B,More Challenging,39,Conceptual Foundations,A project team wants a defensible software-agnostic GIS approach. A polygon lies entirely inside another polygon. Which spatial relation is being expressed?,B,GIS&T BoK remediation: [DM-03-075] Defining and Designing Spatial Queries — https://gistbok-topics.ucgis.org/DM-03-075 | Blueprint domain resource: https://geospacebok.eu/CF
6,B,More Challenging,40,Data Modeling,"During QA/QC, an analyst must decide which GIS concept or method applies. Why are database constraints useful?",C,GIS&T BoK remediation: [DM-01-062] Database Administration — https://gistbok-topics.ucgis.org/DM-01-062 | Blueprint domain resource: https://geospacebok.eu/DM
6,B,More Challenging,41,Data Modeling,A planning or environmental GIS project encounters the following situation. A wildfire spreads through time and changes its spatial extent. What should the data model represent?,C,GIS&T BoK remediation: [DM-02-022] Events and Processes for Geospatial Computing — https://gistbok-topics.ucgis.org/DM-02-022 | Blueprint domain resource: https://geospacebok.eu/DM
6,B,More Challenging,42,GI & Society,A GIS analyst is completing a routine professional workflow. Why can participatory GIS still reproduce unequal power?,D,GIS&T BoK remediation: [GS-02-029] GIS Participatory Modeling — https://gistbok-topics.ucgis.org/GS-02-029 | Blueprint domain resource: https://geospacebok.eu/GS
6,B,More Challenging,43,Cartography & Visualization,A county GIS office is reviewing an analysis before publication. Which description correctly characterizes one analytical limitation of animation?,A,GIS&T BoK remediation: [CV-04-017] Spatiotemporal Representation — https://gistbok-topics.ucgis.org/CV-04-017 | Blueprint domain resource: https://geospacebok.eu/CV
6,B,More Challenging,44,Cartography & Visualization,A student analyst has valid input data and must choose the next appropriate GIS step. Hypsometric tinting uses color primarily to represent what?,A,GIS&T BoK remediation: [CV-04-014] Terrain Representation — https://gistbok-topics.ucgis.org/CV-04-014 | Blueprint domain resource: https://geospacebok.eu/CV
6,B,More Challenging,45,"Platforms, Sensors, Physics & Image Processing",A project team wants a defensible software-agnostic GIS approach. Which description correctly characterizes atmospheric correction intended to reduce or estimate?,C,GIS&T BoK remediation: GIS&T BoK | Blueprint domain resource: https://geospacebok.eu/PS | https://geospacebok.eu/PP | https://geospacebok.eu/IP
6,B,More Challenging,46,"Platforms, Sensors, Physics & Image Processing","During QA/QC, an analyst must decide which GIS concept or method applies. After classifying LiDAR points, what points are used most directly to derive a bare-earth DTM?",D,GIS&T BoK remediation: [DC-03-027] Light Detection and Ranging (LiDAR) — https://gistbok-topics.ucgis.org/DC-03-027 | Blueprint domain resource: https://geospacebok.eu/PS | https://geospacebok.eu/PP | https://geospacebok.eu/IP
6,B,More Challenging,47,"Platforms, Sensors, Physics & Image Processing",A planning or environmental GIS project encounters the following situation. Why does healthy vegetation typically appear bright in near-infrared imagery?,B,GIS&T BoK remediation: GIS&T BoK | Blueprint domain resource: https://geospacebok.eu/PS | https://geospacebok.eu/PP | https://geospacebok.eu/IP
6,B,More Challenging,48,Geospatial Data,"A GIS analyst is completing a routine professional workflow. A mobile field app records geometry, photos, and coded inspection attributes. What is the primary advantage?",D,GIS&T BoK remediation: [DC-06-009] Field Data Capture Technologies — https://gistbok-topics.ucgis.org/DC-06-009 | Blueprint domain resource: https://geospacebok.eu/GD
6,B,More Challenging,49,Analytical Methods & GeoComputation,A county GIS office is reviewing an analysis before publication. A retailer must choose 3 warehouse sites from 20 candidates to minimize weighted customer travel time. Which analysis best fits?,C,GIS&T BoK remediation: [AM-05-046] Location-allocation modeling — https://gistbok-topics.ucgis.org/AM-05-046 | Blueprint domain resource: https://geospacebok.eu/AM | https://geospacebok.eu/GC
6,B,More Challenging,50,Data Modeling,A student analyst has valid input data and must choose the next appropriate GIS step. Why should polygon generalization preserve topology where required?,C,"GIS&T BoK remediation: [DM-06-085] Point, Line, and Area Generalization — https://gistbok-topics.ucgis.org/DM-06-085 | Blueprint domain resource: https://geospacebok.eu/DM"
6,B,More Challenging,51,"Platforms, Sensors, Physics & Image Processing",A project team wants a defensible software-agnostic GIS approach. Maximum-likelihood classification commonly models class signatures using what?,C,GIS&T BoK remediation: [DC-04-014] Feature Extraction from Satellite Imagery — https://gistbok-topics.ucgis.org/DC-04-014 | Blueprint domain resource: https://geospacebok.eu/PS | https://geospacebok.eu/PP | https://geospacebok.eu/IP
6,B,More Challenging,52,Geospatial Data,"During QA/QC, an analyst must decide which GIS concept or method applies. A survey establishes a parcel corner with legal boundary implications. Which professional activity is most directly involved?",A,GIS&T BoK remediation: [DC-05-001] Professional Land Surveying — https://gistbok-topics.ucgis.org/DC-05-001 | Blueprint domain resource: https://geospacebok.eu/GD
6,B,More Challenging,53,Data Modeling,"A planning or environmental GIS project encounters the following situation. A table stores ZIPCode and CityName, where CityName depends on ZIPCode rather than directly on the record primary key. Which issue can motivate 3NF decomposition?",B,GIS&T BoK remediation: [DM-01-003] Relational DBMS and their Spatial Extensions — https://gistbok-topics.ucgis.org/DM-01-003 | Blueprint domain resource: https://geospacebok.eu/DM
6,B,More Challenging,54,Cartography & Visualization,A GIS analyst is completing a routine professional workflow. Which color scheme is most appropriate for unordered land-use categories?,A,GIS&T BoK remediation: [CV-03-009] Color Theory — https://gistbok-topics.ucgis.org/CV-03-009 | Blueprint domain resource: https://geospacebok.eu/CV
6,B,More Challenging,55,Analytical Methods & GeoComputation,A county GIS office is reviewing an analysis before publication. A health analyst wants to identify statistically significant clusters of high asthma rates and clusters of low asthma rates. Which method is designed for this?,C,GIS&T BoK remediation: [AM-03-058] Hot Spots and Getis-Ord Gi* Analysis — https://gistbok-topics.ucgis.org/AM-03-058 | Blueprint domain resource: https://geospacebok.eu/AM | https://geospacebok.eu/GC
6,B,More Challenging,56,Organizational & Institutional Aspects,A student analyst has valid input data and must choose the next appropriate GIS step. A strategic GIS plan should align technology investments with what?,D,GIS&T BoK remediation: [KE-04-003] Strategic Planning for GIS Design — https://gistbok-topics.ucgis.org/KE-04-003 | Blueprint domain resource: https://geospacebok.eu/OI
6,B,More Challenging,57,Thematic & Application Domains,A project team wants a defensible software-agnostic GIS approach. A proposed high-rise may block an important view corridor. Which GIS analysis directly addresses this?,D,GIS&T BoK remediation: [DA-003] GIS&T in Architecture — https://gistbok-topics.ucgis.org/DA-003 | Blueprint domain resource: https://geospacebok.eu/TA
6,B,More Challenging,58,Cartography & Visualization,"During QA/QC, an analyst must decide which GIS concept or method applies. Which description correctly characterizes a bivariate choropleth map designed to show?",C,GIS&T BoK remediation: [CV-04-012] Multivariate Mapping — https://gistbok-topics.ucgis.org/CV-04-012 | Blueprint domain resource: https://geospacebok.eu/CV
6,B,More Challenging,59,Analytical Methods & GeoComputation,A planning or environmental GIS project encounters the following situation. A kernel-density surface is too smooth and hides local concentrations. Which parameter should generally be reduced?,C,GIS&T BoK remediation: [AM-03-008] Kernels and Density Estimation — https://gistbok-topics.ucgis.org/AM-03-008 | Blueprint domain resource: https://geospacebok.eu/AM | https://geospacebok.eu/GC
6,B,More Challenging,60,Geospatial Data,A GIS analyst is completing a routine professional workflow. Street-level imagery is especially useful for which task?,A,GIS&T BoK remediation: [DC-02-011] Street-level Imagery — https://gistbok-topics.ucgis.org/DC-02-011 | Blueprint domain resource: https://geospacebok.eu/GD
6,B,More Challenging,61,Cartography & Visualization,A county GIS office is reviewing an analysis before publication. Which thematic map type uses symbol size to represent magnitude at locations?,B,GIS&T BoK remediation: [CV-04-011] Common Thematic Map Types — https://gistbok-topics.ucgis.org/CV-04-011 | Blueprint domain resource: https://geospacebok.eu/CV
6,B,More Challenging,62,Conceptual Foundations,"A student analyst has valid input data and must choose the next appropriate GIS step. Compared with a 30 m raster, what is a main advantage of a 1 m raster for the same phenomenon?",B,GIS&T BoK remediation: [FC-05-021] Resolution — https://gistbok-topics.ucgis.org/FC-05-021 | Blueprint domain resource: https://geospacebok.eu/CF
6,B,More Challenging,63,Geospatial Data,A project team wants a defensible software-agnostic GIS approach. Why are coded value lists useful in field data collection?,B,GIS&T BoK remediation: [DC-06-009] Field Data Capture Technologies — https://gistbok-topics.ucgis.org/DC-06-009 | Blueprint domain resource: https://geospacebok.eu/GD
6,B,More Challenging,64,Cartography & Visualization,"During QA/QC, an analyst must decide which GIS concept or method applies. For ordered quantitative data, which visual variable is generally effective?",B,GIS&T BoK remediation: [CV-03-008] Symbolization and the Visual Variables — https://gistbok-topics.ucgis.org/CV-03-008 | Blueprint domain resource: https://geospacebok.eu/CV
6,B,More Challenging,65,Geospatial Data,A planning or environmental GIS project encounters the following situation. What does differential GNSS improve by using corrections from known reference stations?,C,GIS&T BoK remediation: [DC-02-003] Global Navigation Satellite Systems — https://gistbok-topics.ucgis.org/DC-02-003 | Blueprint domain resource: https://geospacebok.eu/GD
6,B,More Challenging,66,Analytical Methods & GeoComputation,"A GIS analyst is completing a routine professional workflow. An analyst needs areas present in either of two habitat polygon layers, but not where they overlap. Which operation is appropriate?",B,GIS&T BoK remediation: [AM-02-004] Overlay — https://gistbok-topics.ucgis.org/AM-02-004 | Blueprint domain resource: https://geospacebok.eu/AM | https://geospacebok.eu/GC
6,B,More Challenging,67,Thematic & Application Domains,A county GIS office is reviewing an analysis before publication. A school district wants to minimize student travel while assigning neighborhoods to schools under capacity limits. Which class of problem is involved?,D,GIS&T BoK remediation: [AM-05-046] Location-allocation modeling — https://gistbok-topics.ucgis.org/AM-05-046 | Blueprint domain resource: https://geospacebok.eu/TA
6,B,More Challenging,68,Organizational & Institutional Aspects,A student analyst has valid input data and must choose the next appropriate GIS step. A grant funds initial GIS development but not ongoing staff or maintenance. What sustainability risk exists?,D,GIS&T BoK remediation: [KE-03-011] Funding — https://gistbok-topics.ucgis.org/KE-03-011 | Blueprint domain resource: https://geospacebok.eu/OI
6,B,More Challenging,69,Conceptual Foundations,A project team wants a defensible software-agnostic GIS approach. A choropleth of total population makes large counties appear visually dominant. What is a better variable for comparing population concentration?,A,GIS&T BoK remediation: [FC-03-004] Perception and Cognitive Processing of Geographic Phenomena: a Choropleth Map Case Study — https://gistbok-topics.ucgis.org/FC-03-004 | Blueprint domain resource: https://geospacebok.eu/CF
6,B,More Challenging,70,Design of Systems,"During QA/QC, an analyst must decide which GIS concept or method applies. Which description correctly characterizes vertical scaling?",A,GIS&T BoK remediation: [CP-01-008] Spatial Cloud Computing — https://gistbok-topics.ucgis.org/CP-01-008 | Blueprint domain resource: https://geospacebok.eu/DA
6,B,More Challenging,71,Analytical Methods & GeoComputation,"A planning or environmental GIS project encounters the following situation. A city wants one statistic indicating whether its entire pattern of burglary incidents is clustered, random, or dispersed. Which approach is most appropriate?",B,GIS&T BoK remediation: [AM-03-007] Point Pattern Analysis — https://gistbok-topics.ucgis.org/AM-03-007 | Blueprint domain resource: https://geospacebok.eu/AM | https://geospacebok.eu/GC
6,B,More Challenging,72,Conceptual Foundations,A GIS analyst is completing a routine professional workflow. How many longitudinal zones are used by the UTM system?,B,GIS&T BoK remediation: [DM-05-048] Planar Coordinate Systems and the U. S. National Grid — https://gistbok-topics.ucgis.org/DM-05-048 | Blueprint domain resource: https://geospacebok.eu/CF
6,B,More Challenging,73,Cartography & Visualization,A county GIS office is reviewing an analysis before publication. Why should red-green combinations be used cautiously?,B,GIS&T BoK remediation: [CV-03-009] Color Theory — https://gistbok-topics.ucgis.org/CV-03-009 | Blueprint domain resource: https://geospacebok.eu/CV
6,B,More Challenging,74,"Platforms, Sensors, Physics & Image Processing",A student analyst has valid input data and must choose the next appropriate GIS step. Which is an active remote-sensing system?,B,GIS&T BoK remediation: [DC-03-027] Light Detection and Ranging (LiDAR) — https://gistbok-topics.ucgis.org/DC-03-027 | Blueprint domain resource: https://geospacebok.eu/PS | https://geospacebok.eu/PP | https://geospacebok.eu/IP
6,B,More Challenging,75,Analytical Methods & GeoComputation,A project team wants a defensible software-agnostic GIS approach. A spatial sample is intended to capture environmental variation across elevation zones. Which design is most defensible?,C,GIS&T BoK remediation: [AM-03-026] Spatial Sampling for Spatial Analysis — https://gistbok-topics.ucgis.org/AM-03-026 | Blueprint domain resource: https://geospacebok.eu/AM | https://geospacebok.eu/GC
6,C,Difficult,1,Analytical Methods & GeoComputation,"Assume the input data are valid and appropriately projected unless stated otherwise. Which approach best satisfies the analytical requirement? In a road-network route that minimizes travel time rather than distance, what is travel time functioning as?",A,GIS&T BoK remediation: [AM-05-076] Network Route & Tour Problems in Geographic Information Systems — https://gistbok-topics.ucgis.org/AM-05-076 | Blueprint domain resource: https://geospacebok.eu/AM | https://geospacebok.eu/GC
6,C,Difficult,2,Design of Systems,A project team is documenting a defensible professional workflow. Several choices could produce related outputs; choose the one that most directly answers the question. What does version control provide to GIS software projects?,C,GIS&T BoK remediation: [PD-02-037] Open Source Software Development — https://gistbok-topics.ucgis.org/PD-02-037 | Blueprint domain resource: https://geospacebok.eu/DA
6,C,Difficult,3,Design of Systems,"The analyst wants to avoid a method that is merely convenient but does not exactly match the stated spatial or statistical objective. Which answer is best? In a three-tier GIS architecture, what is the main role of the database tier?",B,GIS&T BoK remediation: [CP-04-029] Enterprise GIS — https://gistbok-topics.ucgis.org/CP-04-029 | Blueprint domain resource: https://geospacebok.eu/DA
6,C,Difficult,4,Web-Based GIS,"Choose the most appropriate method given the stated assumptions and intended interpretation, not simply a method that could produce a visually similar result. Why are vector tiles attractive for modern web maps?",C,GIS&T BoK remediation: [CV-05-015] Web Mapping — https://gistbok-topics.ucgis.org/CV-05-015 | Blueprint domain resource: https://geospacebok.eu/WB
6,C,Difficult,5,Analytical Methods & GeoComputation,"Which option would be the strongest methodological choice for this GIS task, recognizing that the alternatives are also legitimate GIS techniques? A model result changes dramatically after small plausible perturbations to input locations. What does this indicate?",D,GIS&T BoK remediation: [AM-09-107] Spatial Data Uncertainty — https://gistbok-topics.ucgis.org/AM-09-107 | Blueprint domain resource: https://geospacebok.eu/AM | https://geospacebok.eu/GC
6,C,Difficult,6,Thematic & Application Domains,"A GIS analyst must choose among several technically plausible approaches. Select the best option for the stated objective. A coastal planner combines sea-level scenarios, elevation, buildings, and population to estimate exposure. What is essential?",A,GIS&T BoK remediation: [AM-01-020] Geospatial Analysis and Model Building — https://gistbok-topics.ucgis.org/AM-01-020 | Blueprint domain resource: https://geospacebok.eu/TA
6,C,Difficult,7,Conceptual Foundations,"Assume the input data are valid and appropriately projected unless stated otherwise. Which approach best satisfies the analytical requirement? A map at 1:24,000 is compared with a map at 1:1,000,000. Which is the larger-scale map?",A,GIS&T BoK remediation: [CV-03-004] Scale and Generalization — https://gistbok-topics.ucgis.org/CV-03-004 | Blueprint domain resource: https://geospacebok.eu/CF
6,C,Difficult,8,Geospatial Data,A project team is documenting a defensible professional workflow. Several choices could produce related outputs; choose the one that most directly answers the question. A crowdsourced road dataset is contributed by volunteers with varying expertise. What should an analyst evaluate carefully before use?,B,GIS&T BoK remediation: [DC-02-029] Volunteered Geographic Information — https://gistbok-topics.ucgis.org/DC-02-029 | Blueprint domain resource: https://geospacebok.eu/GD
6,C,Difficult,9,Design of Systems,The analyst wants to avoid a method that is merely convenient but does not exactly match the stated spatial or statistical objective. Which answer is best? Which design issue is especially important for a mobile GIS application?,C,GIS&T BoK remediation: [PD-04-029] Programming of Mobile GIS Applications — https://gistbok-topics.ucgis.org/PD-04-029 | Blueprint domain resource: https://geospacebok.eu/DA
6,C,Difficult,10,Conceptual Foundations,"Choose the most appropriate method given the stated assumptions and intended interpretation, not simply a method that could produce a visually similar result. In set theory, what does A ∩ B represent?",B,GIS&T BoK remediation: [FC-06-011] Set Theory — https://gistbok-topics.ucgis.org/FC-06-011 | Blueprint domain resource: https://geospacebok.eu/CF
6,C,Difficult,11,Conceptual Foundations,"Which option would be the strongest methodological choice for this GIS task, recognizing that the alternatives are also legitimate GIS techniques? Latitude expresses angular position north or south of what reference?",D,GIS&T BoK remediation: [DM-05-047] Geographic Coordinate Systems — https://gistbok-topics.ucgis.org/DM-05-047 | Blueprint domain resource: https://geospacebok.eu/CF
6,C,Difficult,12,Organizational & Institutional Aspects,A GIS analyst must choose among several technically plausible approaches. Select the best option for the stated objective. What does return on investment compare?,C,GIS&T BoK remediation: [KE-04-014] Measuring GIS Return on Investment — https://gistbok-topics.ucgis.org/KE-04-014 | Blueprint domain resource: https://geospacebok.eu/OI
6,C,Difficult,13,Analytical Methods & GeoComputation,Assume the input data are valid and appropriately projected unless stated otherwise. Which approach best satisfies the analytical requirement? A Local Moran’s I result classifies a tract as High-Low. What does that mean?,D,GIS&T BoK remediation: [AM-03-023] Local Measures of Spatial Association — https://gistbok-topics.ucgis.org/AM-03-023 | Blueprint domain resource: https://geospacebok.eu/AM | https://geospacebok.eu/GC
6,C,Difficult,14,Analytical Methods & GeoComputation,A project team is documenting a defensible professional workflow. Several choices could produce related outputs; choose the one that most directly answers the question. County obesity rates are analyzed with one statistic to summarize overall spatial autocorrelation across the entire study area. Which statistic is appropriate?,A,GIS&T BoK remediation: [AM-03-022] Global Measures of Spatial Association — https://gistbok-topics.ucgis.org/AM-03-022 | Blueprint domain resource: https://geospacebok.eu/AM | https://geospacebok.eu/GC
6,C,Difficult,15,"Platforms, Sensors, Physics & Image Processing",The analyst wants to avoid a method that is merely convenient but does not exactly match the stated spatial or statistical objective. Which answer is best? Orthorectification additionally accounts for what major source of displacement?,C,GIS&T BoK remediation: GIS&T BoK | Blueprint domain resource: https://geospacebok.eu/PS | https://geospacebok.eu/PP | https://geospacebok.eu/IP
6,C,Difficult,16,Conceptual Foundations,"Choose the most appropriate method given the stated assumptions and intended interpretation, not simply a method that could produce a visually similar result. A dataset has an open license but poor documentation and unusable formats. Is it necessarily open in practical terms?",B,GIS&T BoK remediation: [FC-02-035] Openness — https://gistbok-topics.ucgis.org/FC-02-035 | Blueprint domain resource: https://geospacebok.eu/CF
6,C,Difficult,17,Design of Systems,"Which option would be the strongest methodological choice for this GIS task, recognizing that the alternatives are also legitimate GIS techniques? What limits ideal speedup in parallel processing?",B,GIS&T BoK remediation: [PD-01-014] GIS and Parallel Programming — https://gistbok-topics.ucgis.org/PD-01-014 | Blueprint domain resource: https://geospacebok.eu/DA
6,C,Difficult,18,"Platforms, Sensors, Physics & Image Processing","A GIS analyst must choose among several technically plausible approaches. Select the best option for the stated objective. In this context, which statement most accurately describes supervised image classification?",A,GIS&T BoK remediation: [DC-04-014] Feature Extraction from Satellite Imagery — https://gistbok-topics.ucgis.org/DC-04-014 | Blueprint domain resource: https://geospacebok.eu/PS | https://geospacebok.eu/PP | https://geospacebok.eu/IP
6,C,Difficult,19,Analytical Methods & GeoComputation,"Assume the input data are valid and appropriately projected unless stated otherwise. Which approach best satisfies the analytical requirement? Sparse groundwater measurements must be interpolated, and the analyst also needs a map of prediction uncertainty. Which method is most appropriate?",A,GIS&T BoK remediation: [AM-04-029] Kriging Interpolation — https://gistbok-topics.ucgis.org/AM-04-029 | Blueprint domain resource: https://geospacebok.eu/AM | https://geospacebok.eu/GC
6,C,Difficult,20,Conceptual Foundations,A project team is documenting a defensible professional workflow. Several choices could produce related outputs; choose the one that most directly answers the question. A tract has high median income. Concluding that every household in the tract has high income commits what error?,D,GIS&T BoK remediation: [FC-07-026] Problems of Scale and Zoning — https://gistbok-topics.ucgis.org/FC-07-026 | Blueprint domain resource: https://geospacebok.eu/CF
6,C,Difficult,21,Conceptual Foundations,The analyst wants to avoid a method that is merely convenient but does not exactly match the stated spatial or statistical objective. Which answer is best? A temperature surface varying continuously across a region is best conceptualized as what?,B,GIS&T BoK remediation: GIS&T BoK | Blueprint domain resource: https://geospacebok.eu/CF
6,C,Difficult,22,Analytical Methods & GeoComputation,"Choose the most appropriate method given the stated assumptions and intended interpretation, not simply a method that could produce a visually similar result. An ecologist wants to flag trail segments within 250 m of nesting sites. Which method best implements the rule?",B,GIS&T BoK remediation: [AM-02-003] Buffers — https://gistbok-topics.ucgis.org/AM-02-003 | Blueprint domain resource: https://geospacebok.eu/AM | https://geospacebok.eu/GC
6,C,Difficult,23,Data Modeling,"Which option would be the strongest methodological choice for this GIS task, recognizing that the alternatives are also legitimate GIS techniques? How does a projected coordinate system differ most directly from a geographic coordinate system?",D,GIS&T BoK remediation: [DM-05-048] Planar Coordinate Systems and the U. S. National Grid — https://gistbok-topics.ucgis.org/DM-05-048 | Blueprint domain resource: https://geospacebok.eu/DM
6,C,Difficult,24,Cartography & Visualization,"A GIS analyst must choose among several technically plausible approaches. Select the best option for the stated objective. In this context, which statement most accurately describes the main purpose of a scale bar?",A,GIS&T BoK remediation: [CV-06-021] Map Reading — https://gistbok-topics.ucgis.org/CV-06-021 | Blueprint domain resource: https://geospacebok.eu/CV
6,C,Difficult,25,Data Modeling,Assume the input data are valid and appropriately projected unless stated otherwise. Which approach best satisfies the analytical requirement? A topological vector model explicitly stores what kinds of relationships?,B,GIS&T BoK remediation: [DM-02-013] The topological model — https://gistbok-topics.ucgis.org/DM-02-013 | Blueprint domain resource: https://geospacebok.eu/DM
6,C,Difficult,26,Thematic & Application Domains,A project team is documenting a defensible professional workflow. Several choices could produce related outputs; choose the one that most directly answers the question. A bridge project requires mapping utilities that could conflict with excavation. What GIS capability is central?,D,GIS&T BoK remediation: [DA-004] GIS&T and Civil Engineering — https://gistbok-topics.ucgis.org/DA-004 | Blueprint domain resource: https://geospacebok.eu/TA
6,C,Difficult,27,Organizational & Institutional Aspects,"The analyst wants to avoid a method that is merely convenient but does not exactly match the stated spatial or statistical objective. Which answer is best? In this context, which statement most accurately describes total cost of ownership for an enterprise GIS?",C,GIS&T BoK remediation: [KE-04-017] The Benefits and Costs of Enterprise GIS Implementations — https://gistbok-topics.ucgis.org/KE-04-017 | Blueprint domain resource: https://geospacebok.eu/OI
6,C,Difficult,28,GI & Society,"Choose the most appropriate method given the stated assumptions and intended interpretation, not simply a method that could produce a visually similar result. A health agency publishes exact home locations for patients with a rare disease. What is the primary concern?",D,GIS&T BoK remediation: [GS-01-004] Location Privacy — https://gistbok-topics.ucgis.org/GS-01-004 | Blueprint domain resource: https://geospacebok.eu/GS
6,C,Difficult,29,Geospatial Data,"Which option would be the strongest methodological choice for this GIS task, recognizing that the alternatives are also legitimate GIS techniques? Why is source scale important when evaluating digitized features?",C,"GIS&T BoK remediation: [DM-07-057] Data Evaluation, Metadata, and Data Quality — https://gistbok-topics.ucgis.org/DM-07-057 | Blueprint domain resource: https://geospacebok.eu/GD"
6,C,Difficult,30,Design of Systems,A GIS analyst must choose among several technically plausible approaches. Select the best option for the stated objective. A stream of vehicle positions arrives every second. Which processing architecture is most appropriate?,A,GIS&T BoK remediation: [PD-01-020] Real-time GIS Programming and Geocomputation — https://gistbok-topics.ucgis.org/PD-01-020 | Blueprint domain resource: https://geospacebok.eu/DA
6,C,Difficult,31,Organizational & Institutional Aspects,Assume the input data are valid and appropriately projected unless stated otherwise. Which approach best satisfies the analytical requirement? Why can GIS benefits be difficult to quantify?,D,GIS&T BoK remediation: [KE-04-014] Measuring GIS Return on Investment — https://gistbok-topics.ucgis.org/KE-04-014 | Blueprint domain resource: https://geospacebok.eu/OI
6,C,Difficult,32,Data Modeling,A project team is documenting a defensible professional workflow. Several choices could produce related outputs; choose the one that most directly answers the question. What does raster resampling do?,A,GIS&T BoK remediation: [DM-06-087] Raster resampling — https://gistbok-topics.ucgis.org/DM-06-087 | Blueprint domain resource: https://geospacebok.eu/DM
6,C,Difficult,33,"Platforms, Sensors, Physics & Image Processing",The analyst wants to avoid a method that is merely convenient but does not exactly match the stated spatial or statistical objective. Which answer is best? Healthy vegetation typically absorbs strongly in which visible band because of chlorophyll?,D,GIS&T BoK remediation: GIS&T BoK | Blueprint domain resource: https://geospacebok.eu/PS | https://geospacebok.eu/PP | https://geospacebok.eu/IP
6,C,Difficult,34,Conceptual Foundations,"Choose the most appropriate method given the stated assumptions and intended interpretation, not simply a method that could produce a visually similar result. For airline distance between far-apart cities, which distance measure is most defensible when high accuracy is needed?",B,GIS&T BoK remediation: [FC-05-042] Distance Operations — https://gistbok-topics.ucgis.org/FC-05-042 | Blueprint domain resource: https://geospacebok.eu/CF
6,C,Difficult,35,Geospatial Data,"Which option would be the strongest methodological choice for this GIS task, recognizing that the alternatives are also legitimate GIS techniques? What does completeness mean in geospatial data quality?",C,"GIS&T BoK remediation: [DM-07-057] Data Evaluation, Metadata, and Data Quality — https://gistbok-topics.ucgis.org/DM-07-057 | Blueprint domain resource: https://geospacebok.eu/GD"
6,C,Difficult,36,Data Modeling,A GIS analyst must choose among several technically plausible approaches. Select the best option for the stated objective. What does a geographic coordinate system use to express horizontal position?,D,GIS&T BoK remediation: [DM-05-047] Geographic Coordinate Systems — https://gistbok-topics.ucgis.org/DM-05-047 | Blueprint domain resource: https://geospacebok.eu/DM
6,C,Difficult,37,Analytical Methods & GeoComputation,"Assume the input data are valid and appropriately projected unless stated otherwise. Which approach best satisfies the analytical requirement? In the Analytical Hierarchy Process, what is the main purpose of pairwise comparisons?",A,GIS&T BoK remediation: [AM-03-013] Multi-Criteria Evaluation — https://gistbok-topics.ucgis.org/AM-03-013 | Blueprint domain resource: https://geospacebok.eu/AM | https://geospacebok.eu/GC
6,C,Difficult,38,Data Modeling,A project team is documenting a defensible professional workflow. Several choices could produce related outputs; choose the one that most directly answers the question. Which data model is usually most natural for parcel boundaries requiring precise shared edges?,D,GIS&T BoK remediation: [DM-02-014] Vector Data Models — https://gistbok-topics.ucgis.org/DM-02-014 | Blueprint domain resource: https://geospacebok.eu/DM
6,C,Difficult,39,Conceptual Foundations,The analyst wants to avoid a method that is merely convenient but does not exactly match the stated spatial or statistical objective. Which answer is best? A polygon lies entirely inside another polygon. Which spatial relation is being expressed?,A,GIS&T BoK remediation: [DM-03-075] Defining and Designing Spatial Queries — https://gistbok-topics.ucgis.org/DM-03-075 | Blueprint domain resource: https://geospacebok.eu/CF
6,C,Difficult,40,Data Modeling,"Choose the most appropriate method given the stated assumptions and intended interpretation, not simply a method that could produce a visually similar result. Why are database constraints useful?",A,GIS&T BoK remediation: [DM-01-062] Database Administration — https://gistbok-topics.ucgis.org/DM-01-062 | Blueprint domain resource: https://geospacebok.eu/DM
6,C,Difficult,41,Data Modeling,"Which option would be the strongest methodological choice for this GIS task, recognizing that the alternatives are also legitimate GIS techniques? A wildfire spreads through time and changes its spatial extent. What should the data model represent?",C,GIS&T BoK remediation: [DM-02-022] Events and Processes for Geospatial Computing — https://gistbok-topics.ucgis.org/DM-02-022 | Blueprint domain resource: https://geospacebok.eu/DM
6,C,Difficult,42,GI & Society,A GIS analyst must choose among several technically plausible approaches. Select the best option for the stated objective. Why can participatory GIS still reproduce unequal power?,B,GIS&T BoK remediation: [GS-02-029] GIS Participatory Modeling — https://gistbok-topics.ucgis.org/GS-02-029 | Blueprint domain resource: https://geospacebok.eu/GS
6,C,Difficult,43,Cartography & Visualization,"Assume the input data are valid and appropriately projected unless stated otherwise. Which approach best satisfies the analytical requirement? In this context, which statement most accurately describes one analytical limitation of animation?",B,GIS&T BoK remediation: [CV-04-017] Spatiotemporal Representation — https://gistbok-topics.ucgis.org/CV-04-017 | Blueprint domain resource: https://geospacebok.eu/CV
6,C,Difficult,44,Cartography & Visualization,A project team is documenting a defensible professional workflow. Several choices could produce related outputs; choose the one that most directly answers the question. Hypsometric tinting uses color primarily to represent what?,C,GIS&T BoK remediation: [CV-04-014] Terrain Representation — https://gistbok-topics.ucgis.org/CV-04-014 | Blueprint domain resource: https://geospacebok.eu/CV
6,C,Difficult,45,"Platforms, Sensors, Physics & Image Processing","The analyst wants to avoid a method that is merely convenient but does not exactly match the stated spatial or statistical objective. Which answer is best? In this context, which statement most accurately describes atmospheric correction intended to reduce or estimate?",A,GIS&T BoK remediation: GIS&T BoK | Blueprint domain resource: https://geospacebok.eu/PS | https://geospacebok.eu/PP | https://geospacebok.eu/IP
6,C,Difficult,46,"Platforms, Sensors, Physics & Image Processing","Choose the most appropriate method given the stated assumptions and intended interpretation, not simply a method that could produce a visually similar result. After classifying LiDAR points, what points are used most directly to derive a bare-earth DTM?",C,GIS&T BoK remediation: [DC-03-027] Light Detection and Ranging (LiDAR) — https://gistbok-topics.ucgis.org/DC-03-027 | Blueprint domain resource: https://geospacebok.eu/PS | https://geospacebok.eu/PP | https://geospacebok.eu/IP
6,C,Difficult,47,"Platforms, Sensors, Physics & Image Processing","Which option would be the strongest methodological choice for this GIS task, recognizing that the alternatives are also legitimate GIS techniques? Why does healthy vegetation typically appear bright in near-infrared imagery?",B,GIS&T BoK remediation: GIS&T BoK | Blueprint domain resource: https://geospacebok.eu/PS | https://geospacebok.eu/PP | https://geospacebok.eu/IP
6,C,Difficult,48,Geospatial Data,"A GIS analyst must choose among several technically plausible approaches. Select the best option for the stated objective. A mobile field app records geometry, photos, and coded inspection attributes. What is the primary advantage?",B,GIS&T BoK remediation: [DC-06-009] Field Data Capture Technologies — https://gistbok-topics.ucgis.org/DC-06-009 | Blueprint domain resource: https://geospacebok.eu/GD
6,C,Difficult,49,Analytical Methods & GeoComputation,Assume the input data are valid and appropriately projected unless stated otherwise. Which approach best satisfies the analytical requirement? A retailer must choose 3 warehouse sites from 20 candidates to minimize weighted customer travel time. Which analysis best fits?,C,GIS&T BoK remediation: [AM-05-046] Location-allocation modeling — https://gistbok-topics.ucgis.org/AM-05-046 | Blueprint domain resource: https://geospacebok.eu/AM | https://geospacebok.eu/GC
6,C,Difficult,50,Data Modeling,A project team is documenting a defensible professional workflow. Several choices could produce related outputs; choose the one that most directly answers the question. Why should polygon generalization preserve topology where required?,D,"GIS&T BoK remediation: [DM-06-085] Point, Line, and Area Generalization — https://gistbok-topics.ucgis.org/DM-06-085 | Blueprint domain resource: https://geospacebok.eu/DM"
6,C,Difficult,51,"Platforms, Sensors, Physics & Image Processing",The analyst wants to avoid a method that is merely convenient but does not exactly match the stated spatial or statistical objective. Which answer is best? Maximum-likelihood classification commonly models class signatures using what?,B,GIS&T BoK remediation: [DC-04-014] Feature Extraction from Satellite Imagery — https://gistbok-topics.ucgis.org/DC-04-014 | Blueprint domain resource: https://geospacebok.eu/PS | https://geospacebok.eu/PP | https://geospacebok.eu/IP
6,C,Difficult,52,Geospatial Data,"Choose the most appropriate method given the stated assumptions and intended interpretation, not simply a method that could produce a visually similar result. A survey establishes a parcel corner with legal boundary implications. Which professional activity is most directly involved?",B,GIS&T BoK remediation: [DC-05-001] Professional Land Surveying — https://gistbok-topics.ucgis.org/DC-05-001 | Blueprint domain resource: https://geospacebok.eu/GD
6,C,Difficult,53,Data Modeling,"Which option would be the strongest methodological choice for this GIS task, recognizing that the alternatives are also legitimate GIS techniques? A table stores ZIPCode and CityName, where CityName depends on ZIPCode rather than directly on the record primary key. Which issue can motivate 3NF decomposition?",D,GIS&T BoK remediation: [DM-01-003] Relational DBMS and their Spatial Extensions — https://gistbok-topics.ucgis.org/DM-01-003 | Blueprint domain resource: https://geospacebok.eu/DM
6,C,Difficult,54,Cartography & Visualization,A GIS analyst must choose among several technically plausible approaches. Select the best option for the stated objective. Which color scheme is most appropriate for unordered land-use categories?,B,GIS&T BoK remediation: [CV-03-009] Color Theory — https://gistbok-topics.ucgis.org/CV-03-009 | Blueprint domain resource: https://geospacebok.eu/CV
6,C,Difficult,55,Analytical Methods & GeoComputation,Assume the input data are valid and appropriately projected unless stated otherwise. Which approach best satisfies the analytical requirement? A health analyst wants to identify statistically significant clusters of high asthma rates and clusters of low asthma rates. Which method is designed for this?,B,GIS&T BoK remediation: [AM-03-058] Hot Spots and Getis-Ord Gi* Analysis — https://gistbok-topics.ucgis.org/AM-03-058 | Blueprint domain resource: https://geospacebok.eu/AM | https://geospacebok.eu/GC
6,C,Difficult,56,Organizational & Institutional Aspects,A project team is documenting a defensible professional workflow. Several choices could produce related outputs; choose the one that most directly answers the question. A strategic GIS plan should align technology investments with what?,C,GIS&T BoK remediation: [KE-04-003] Strategic Planning for GIS Design — https://gistbok-topics.ucgis.org/KE-04-003 | Blueprint domain resource: https://geospacebok.eu/OI
6,C,Difficult,57,Thematic & Application Domains,The analyst wants to avoid a method that is merely convenient but does not exactly match the stated spatial or statistical objective. Which answer is best? A proposed high-rise may block an important view corridor. Which GIS analysis directly addresses this?,B,GIS&T BoK remediation: [DA-003] GIS&T in Architecture — https://gistbok-topics.ucgis.org/DA-003 | Blueprint domain resource: https://geospacebok.eu/TA
6,C,Difficult,58,Cartography & Visualization,"Choose the most appropriate method given the stated assumptions and intended interpretation, not simply a method that could produce a visually similar result. In this context, which statement most accurately describes a bivariate choropleth map designed to show?",D,GIS&T BoK remediation: [CV-04-012] Multivariate Mapping — https://gistbok-topics.ucgis.org/CV-04-012 | Blueprint domain resource: https://geospacebok.eu/CV
6,C,Difficult,59,Analytical Methods & GeoComputation,"Which option would be the strongest methodological choice for this GIS task, recognizing that the alternatives are also legitimate GIS techniques? A kernel-density surface is too smooth and hides local concentrations. Which parameter should generally be reduced?",D,GIS&T BoK remediation: [AM-03-008] Kernels and Density Estimation — https://gistbok-topics.ucgis.org/AM-03-008 | Blueprint domain resource: https://geospacebok.eu/AM | https://geospacebok.eu/GC
6,C,Difficult,60,Geospatial Data,A GIS analyst must choose among several technically plausible approaches. Select the best option for the stated objective. Street-level imagery is especially useful for which task?,B,GIS&T BoK remediation: [DC-02-011] Street-level Imagery — https://gistbok-topics.ucgis.org/DC-02-011 | Blueprint domain resource: https://geospacebok.eu/GD
6,C,Difficult,61,Cartography & Visualization,Assume the input data are valid and appropriately projected unless stated otherwise. Which approach best satisfies the analytical requirement? Which thematic map type uses symbol size to represent magnitude at locations?,C,GIS&T BoK remediation: [CV-04-011] Common Thematic Map Types — https://gistbok-topics.ucgis.org/CV-04-011 | Blueprint domain resource: https://geospacebok.eu/CV
6,C,Difficult,62,Conceptual Foundations,"A project team is documenting a defensible professional workflow. Several choices could produce related outputs; choose the one that most directly answers the question. Compared with a 30 m raster, what is a main advantage of a 1 m raster for the same phenomenon?",A,GIS&T BoK remediation: [FC-05-021] Resolution — https://gistbok-topics.ucgis.org/FC-05-021 | Blueprint domain resource: https://geospacebok.eu/CF
6,C,Difficult,63,Geospatial Data,The analyst wants to avoid a method that is merely convenient but does not exactly match the stated spatial or statistical objective. Which answer is best? Why are coded value lists useful in field data collection?,C,GIS&T BoK remediation: [DC-06-009] Field Data Capture Technologies — https://gistbok-topics.ucgis.org/DC-06-009 | Blueprint domain resource: https://geospacebok.eu/GD
6,C,Difficult,64,Cartography & Visualization,"Choose the most appropriate method given the stated assumptions and intended interpretation, not simply a method that could produce a visually similar result. For ordered quantitative data, which visual variable is generally effective?",C,GIS&T BoK remediation: [CV-03-008] Symbolization and the Visual Variables — https://gistbok-topics.ucgis.org/CV-03-008 | Blueprint domain resource: https://geospacebok.eu/CV
6,C,Difficult,65,Geospatial Data,"Which option would be the strongest methodological choice for this GIS task, recognizing that the alternatives are also legitimate GIS techniques? What does differential GNSS improve by using corrections from known reference stations?",C,GIS&T BoK remediation: [DC-02-003] Global Navigation Satellite Systems — https://gistbok-topics.ucgis.org/DC-02-003 | Blueprint domain resource: https://geospacebok.eu/GD
6,C,Difficult,66,Analytical Methods & GeoComputation,"A GIS analyst must choose among several technically plausible approaches. Select the best option for the stated objective. An analyst needs areas present in either of two habitat polygon layers, but not where they overlap. Which operation is appropriate?",B,GIS&T BoK remediation: [AM-02-004] Overlay — https://gistbok-topics.ucgis.org/AM-02-004 | Blueprint domain resource: https://geospacebok.eu/AM | https://geospacebok.eu/GC
6,C,Difficult,67,Thematic & Application Domains,Assume the input data are valid and appropriately projected unless stated otherwise. Which approach best satisfies the analytical requirement? A school district wants to minimize student travel while assigning neighborhoods to schools under capacity limits. Which class of problem is involved?,D,GIS&T BoK remediation: [AM-05-046] Location-allocation modeling — https://gistbok-topics.ucgis.org/AM-05-046 | Blueprint domain resource: https://geospacebok.eu/TA
6,C,Difficult,68,Organizational & Institutional Aspects,A project team is documenting a defensible professional workflow. Several choices could produce related outputs; choose the one that most directly answers the question. A grant funds initial GIS development but not ongoing staff or maintenance. What sustainability risk exists?,B,GIS&T BoK remediation: [KE-03-011] Funding — https://gistbok-topics.ucgis.org/KE-03-011 | Blueprint domain resource: https://geospacebok.eu/OI
6,C,Difficult,69,Conceptual Foundations,The analyst wants to avoid a method that is merely convenient but does not exactly match the stated spatial or statistical objective. Which answer is best? A choropleth of total population makes large counties appear visually dominant. What is a better variable for comparing population concentration?,A,GIS&T BoK remediation: [FC-03-004] Perception and Cognitive Processing of Geographic Phenomena: a Choropleth Map Case Study — https://gistbok-topics.ucgis.org/FC-03-004 | Blueprint domain resource: https://geospacebok.eu/CF
6,C,Difficult,70,Design of Systems,"Choose the most appropriate method given the stated assumptions and intended interpretation, not simply a method that could produce a visually similar result. In this context, which statement most accurately describes vertical scaling?",A,GIS&T BoK remediation: [CP-01-008] Spatial Cloud Computing — https://gistbok-topics.ucgis.org/CP-01-008 | Blueprint domain resource: https://geospacebok.eu/DA
6,C,Difficult,71,Analytical Methods & GeoComputation,"Which option would be the strongest methodological choice for this GIS task, recognizing that the alternatives are also legitimate GIS techniques? A city wants one statistic indicating whether its entire pattern of burglary incidents is clustered, random, or dispersed. Which approach is most appropriate?",C,GIS&T BoK remediation: [AM-03-007] Point Pattern Analysis — https://gistbok-topics.ucgis.org/AM-03-007 | Blueprint domain resource: https://geospacebok.eu/AM | https://geospacebok.eu/GC
6,C,Difficult,72,Conceptual Foundations,A GIS analyst must choose among several technically plausible approaches. Select the best option for the stated objective. How many longitudinal zones are used by the UTM system?,C,GIS&T BoK remediation: [DM-05-048] Planar Coordinate Systems and the U. S. National Grid — https://gistbok-topics.ucgis.org/DM-05-048 | Blueprint domain resource: https://geospacebok.eu/CF
6,C,Difficult,73,Cartography & Visualization,Assume the input data are valid and appropriately projected unless stated otherwise. Which approach best satisfies the analytical requirement? Why should red-green combinations be used cautiously?,C,GIS&T BoK remediation: [CV-03-009] Color Theory — https://gistbok-topics.ucgis.org/CV-03-009 | Blueprint domain resource: https://geospacebok.eu/CV
6,C,Difficult,74,"Platforms, Sensors, Physics & Image Processing",A project team is documenting a defensible professional workflow. Several choices could produce related outputs; choose the one that most directly answers the question. Which is an active remote-sensing system?,B,GIS&T BoK remediation: [DC-03-027] Light Detection and Ranging (LiDAR) — https://gistbok-topics.ucgis.org/DC-03-027 | Blueprint domain resource: https://geospacebok.eu/PS | https://geospacebok.eu/PP | https://geospacebok.eu/IP
6,C,Difficult,75,Analytical Methods & GeoComputation,The analyst wants to avoid a method that is merely convenient but does not exactly match the stated spatial or statistical objective. Which answer is best? A spatial sample is intended to capture environmental variation across elevation zones. Which design is most defensible?,B,GIS&T BoK remediation: [AM-03-026] Spatial Sampling for Spatial Analysis — https://gistbok-topics.ucgis.org/AM-03-026 | Blueprint domain resource: https://geospacebok.eu/AM | https://geospacebok.eu/GC
